siteid,sitename,damname,county,township,twd97lon,twd97lat,twd97tm2x,twd97tm2y,sampledate,samplelayer,sampledepth,itemname,itemengabbreviation,itemvalue,itemunit,note
2094,翡翠水庫五,翡翠水庫,新北市,石碇區,121.6335210,24.9267850,313986.30,2757817.29,"2025-09-01 10:41:00",表水,0.5,葉綠素a,Chl_a,3.2,μg/L,
2094,翡翠水庫五,翡翠水庫,新北市,石碇區,121.6335210,24.9267850,313986.30,2757817.29,"2025-09-01 10:41:00",表水,0.5,總磷,TP,0.014,mg/L,
2094,翡翠水庫五,翡翠水庫,新北市,石碇區,121.6335210,24.9267850,313986.30,2757817.29,"2025-09-01 10:41:00",表水,0.5,正磷酸鹽,PO4,-,mg/L,
2094,翡翠水庫五,翡翠水庫,新北市,石碇區,121.6335210,24.9267850,313986.30,2757817.29,"2025-09-01 10:41:00",表水,0.5,溶氧飽和度,DOS,-,%,
2094,翡翠水庫五,翡翠水庫,新北市,石碇區,121.6335210,24.9267850,313986.30,2757817.29,"2025-09-01 10:41:00",表水,0.5,溶氧(滴定法),DO2,-,mg/L,
2094,翡翠水庫五,翡翠水庫,新北市,石碇區,121.6335210,24.9267850,313986.30,2757817.29,"2025-09-01 10:41:00",表水,0.5,總鹼度,TAlk,-,mg/L,
2094,翡翠水庫五,翡翠水庫,新北市,石碇區,121.6335210,24.9267850,313986.30,2757817.29,"2025-09-01 10:41:00",表水,0.5,總硬度,TH,-,mg/L,
2094,翡翠水庫五,翡翠水庫,新北市,石碇區,121.6335210,24.9267850,313986.30,2757817.29,"2025-09-01 10:41:00",表水,0.5,總氮,TN,-,mg/L,
2094,翡翠水庫五,翡翠水庫,新北市,石碇區,121.6335210,24.9267850,313986.30,2757817.29,"2025-09-01 10:41:00",表水,0.5,亞硝酸鹽氮,NO2_N,-,mg/L,
2094,翡翠水庫五,翡翠水庫,新北市,石碇區,121.6335210,24.9267850,313986.30,2757817.29,"2025-09-01 10:41:00",表水,0.5,硝酸鹽氮,NO3_N,-,mg/L,
2094,翡翠水庫五,翡翠水庫,新北市,石碇區,121.6335210,24.9267850,313986.30,2757817.29,"2025-09-01 10:41:00",表水,0.5,總凱氏氮,TKN,-,mg/L,
2094,翡翠水庫五,翡翠水庫,新北市,石碇區,121.6335210,24.9267850,313986.30,2757817.29,"2025-09-01 10:41:00",表水,0.5,有機氮,Norg,-,mg/L,
2094,翡翠水庫五,翡翠水庫,新北市,石碇區,121.6335210,24.9267850,313986.30,2757817.29,"2025-09-01 10:41:00",表水,0.5,氨氮,NH3_N,0.0103,mg/L,
2094,翡翠水庫五,翡翠水庫,新北市,石碇區,121.6335210,24.9267850,313986.30,2757817.29,"2025-09-01 10:41:00",表水,0.5,總有機碳,TOC,-,mg/L,
2094,翡翠水庫五,翡翠水庫,新北市,石碇區,121.6335210,24.9267850,313986.30,2757817.29,"2025-09-01 10:41:00",表水,0.5,化學需氧量,COD,3.589,mg/L,
2094,翡翠水庫五,翡翠水庫,新北市,石碇區,121.6335210,24.9267850,313986.30,2757817.29,"2025-09-01 10:41:00",表水,0.5,溶氧(電極法),DO,8.0,mg/L,
2094,翡翠水庫五,翡翠水庫,新北市,石碇區,121.6335210,24.9267850,313986.30,2757817.29,"2025-09-01 10:41:00",表水,0.5,懸浮固體,SS,-,mg/L,
2094,翡翠水庫五,翡翠水庫,新北市,石碇區,121.6335210,24.9267850,313986.30,2757817.29,"2025-09-01 10:41:00",表水,0.5,氣溫,TMP,28.3,℃,
2094,翡翠水庫五,翡翠水庫,新北市,石碇區,121.6335210,24.9267850,313986.30,2757817.29,"2025-09-01 10:41:00",表水,0.5,採樣深度,SampleDepth,0.5,m,
2094,翡翠水庫五,翡翠水庫,新北市,石碇區,121.6335210,24.9267850,313986.30,2757817.29,"2025-09-01 10:41:00",表水,0.5,導電度,EC,79,μmho/cm25℃,
2094,翡翠水庫五,翡翠水庫,新北市,石碇區,121.6335210,24.9267850,313986.30,2757817.29,"2025-09-01 10:41:00",表水,0.5,濁度,TB,1.2,NTU,
2094,翡翠水庫五,翡翠水庫,新北市,石碇區,121.6335210,24.9267850,313986.30,2757817.29,"2025-09-01 10:41:00",表水,0.5,酸鹼值,pH,9.0," ",
2094,翡翠水庫五,翡翠水庫,新北市,石碇區,121.6335210,24.9267850,313986.30,2757817.29,"2025-09-01 10:41:00",表水,0.5,透明度,SD,4.0,m,
2094,翡翠水庫五,翡翠水庫,新北市,石碇區,121.6335210,24.9267850,313986.30,2757817.29,"2025-09-01 10:41:00",表水,0.5,水溫,WT,30.5,℃,
2094,翡翠水庫五,翡翠水庫,新北市,石碇區,121.6335210,24.9267850,313986.30,2757817.29,"2025-09-01 10:41:00",表水,0.5,卡爾森指數,CTSI,41,,
2093,翡翠水庫四,翡翠水庫,新北市,石碇區,121.6230260,24.9244550,312927.45,2757554.31,"2025-09-01 11:00:00",表水,0.5,葉綠素a,Chl_a,3.0,μg/L,
2093,翡翠水庫四,翡翠水庫,新北市,石碇區,121.6230260,24.9244550,312927.45,2757554.31,"2025-09-01 11:00:00",表水,0.5,總磷,TP,0.014,mg/L,
2093,翡翠水庫四,翡翠水庫,新北市,石碇區,121.6230260,24.9244550,312927.45,2757554.31,"2025-09-01 11:00:00",表水,0.5,正磷酸鹽,PO4,-,mg/L,
2093,翡翠水庫四,翡翠水庫,新北市,石碇區,121.6230260,24.9244550,312927.45,2757554.31,"2025-09-01 11:00:00",表水,0.5,溶氧飽和度,DOS,-,%,
2093,翡翠水庫四,翡翠水庫,新北市,石碇區,121.6230260,24.9244550,312927.45,2757554.31,"2025-09-01 11:00:00",表水,0.5,溶氧(滴定法),DO2,-,mg/L,
2093,翡翠水庫四,翡翠水庫,新北市,石碇區,121.6230260,24.9244550,312927.45,2757554.31,"2025-09-01 11:00:00",表水,0.5,總鹼度,TAlk,-,mg/L,
2093,翡翠水庫四,翡翠水庫,新北市,石碇區,121.6230260,24.9244550,312927.45,2757554.31,"2025-09-01 11:00:00",表水,0.5,總硬度,TH,-,mg/L,
2093,翡翠水庫四,翡翠水庫,新北市,石碇區,121.6230260,24.9244550,312927.45,2757554.31,"2025-09-01 11:00:00",表水,0.5,總氮,TN,-,mg/L,
2093,翡翠水庫四,翡翠水庫,新北市,石碇區,121.6230260,24.9244550,312927.45,2757554.31,"2025-09-01 11:00:00",表水,0.5,亞硝酸鹽氮,NO2_N,-,mg/L,
2093,翡翠水庫四,翡翠水庫,新北市,石碇區,121.6230260,24.9244550,312927.45,2757554.31,"2025-09-01 11:00:00",表水,0.5,硝酸鹽氮,NO3_N,-,mg/L,
2093,翡翠水庫四,翡翠水庫,新北市,石碇區,121.6230260,24.9244550,312927.45,2757554.31,"2025-09-01 11:00:00",表水,0.5,總凱氏氮,TKN,-,mg/L,
2093,翡翠水庫四,翡翠水庫,新北市,石碇區,121.6230260,24.9244550,312927.45,2757554.31,"2025-09-01 11:00:00",表水,0.5,有機氮,Norg,-,mg/L,
2093,翡翠水庫四,翡翠水庫,新北市,石碇區,121.6230260,24.9244550,312927.45,2757554.31,"2025-09-01 11:00:00",表水,0.5,氨氮,NH3_N,0.0179,mg/L,
2093,翡翠水庫四,翡翠水庫,新北市,石碇區,121.6230260,24.9244550,312927.45,2757554.31,"2025-09-01 11:00:00",表水,0.5,總有機碳,TOC,-,mg/L,
2093,翡翠水庫四,翡翠水庫,新北市,石碇區,121.6230260,24.9244550,312927.45,2757554.31,"2025-09-01 11:00:00",表水,0.5,化學需氧量,COD,4.187,mg/L,
2093,翡翠水庫四,翡翠水庫,新北市,石碇區,121.6230260,24.9244550,312927.45,2757554.31,"2025-09-01 11:00:00",表水,0.5,溶氧(電極法),DO,8.2,mg/L,
2093,翡翠水庫四,翡翠水庫,新北市,石碇區,121.6230260,24.9244550,312927.45,2757554.31,"2025-09-01 11:00:00",表水,0.5,懸浮固體,SS,-,mg/L,
2093,翡翠水庫四,翡翠水庫,新北市,石碇區,121.6230260,24.9244550,312927.45,2757554.31,"2025-09-01 11:00:00",表水,0.5,氣溫,TMP,28.3,℃,
2093,翡翠水庫四,翡翠水庫,新北市,石碇區,121.6230260,24.9244550,312927.45,2757554.31,"2025-09-01 11:00:00",表水,0.5,採樣深度,SampleDepth,0.5,m,
2093,翡翠水庫四,翡翠水庫,新北市,石碇區,121.6230260,24.9244550,312927.45,2757554.31,"2025-09-01 11:00:00",表水,0.5,導電度,EC,80,μmho/cm25℃,
2093,翡翠水庫四,翡翠水庫,新北市,石碇區,121.6230260,24.9244550,312927.45,2757554.31,"2025-09-01 11:00:00",表水,0.5,濁度,TB,1.2,NTU,
2093,翡翠水庫四,翡翠水庫,新北市,石碇區,121.6230260,24.9244550,312927.45,2757554.31,"2025-09-01 11:00:00",表水,0.5,酸鹼值,pH,9.0," ",
2093,翡翠水庫四,翡翠水庫,新北市,石碇區,121.6230260,24.9244550,312927.45,2757554.31,"2025-09-01 11:00:00",表水,0.5,透明度,SD,4.7,m,
2093,翡翠水庫四,翡翠水庫,新北市,石碇區,121.6230260,24.9244550,312927.45,2757554.31,"2025-09-01 11:00:00",表水,0.5,水溫,WT,30.5,℃,
2093,翡翠水庫四,翡翠水庫,新北市,石碇區,121.6230260,24.9244550,312927.45,2757554.31,"2025-09-01 11:00:00",表水,0.5,卡爾森指數,CTSI,40,,
2092,翡翠水庫三,翡翠水庫,新北市,石碇區,121.6192840,24.9076210,312557.98,2755687.97,"2025-09-01 11:09:00",表水,0.5,葉綠素a,Chl_a,2.8,μg/L,
2092,翡翠水庫三,翡翠水庫,新北市,石碇區,121.6192840,24.9076210,312557.98,2755687.97,"2025-09-01 11:09:00",表水,0.5,總磷,TP,0.017,mg/L,
2092,翡翠水庫三,翡翠水庫,新北市,石碇區,121.6192840,24.9076210,312557.98,2755687.97,"2025-09-01 11:09:00",表水,0.5,正磷酸鹽,PO4,-,mg/L,
2092,翡翠水庫三,翡翠水庫,新北市,石碇區,121.6192840,24.9076210,312557.98,2755687.97,"2025-09-01 11:09:00",表水,0.5,溶氧飽和度,DOS,-,%,
2092,翡翠水庫三,翡翠水庫,新北市,石碇區,121.6192840,24.9076210,312557.98,2755687.97,"2025-09-01 11:09:00",表水,0.5,溶氧(滴定法),DO2,-,mg/L,
2092,翡翠水庫三,翡翠水庫,新北市,石碇區,121.6192840,24.9076210,312557.98,2755687.97,"2025-09-01 11:09:00",表水,0.5,總鹼度,TAlk,-,mg/L,
2092,翡翠水庫三,翡翠水庫,新北市,石碇區,121.6192840,24.9076210,312557.98,2755687.97,"2025-09-01 11:09:00",表水,0.5,總硬度,TH,-,mg/L,
2092,翡翠水庫三,翡翠水庫,新北市,石碇區,121.6192840,24.9076210,312557.98,2755687.97,"2025-09-01 11:09:00",表水,0.5,總氮,TN,-,mg/L,
2092,翡翠水庫三,翡翠水庫,新北市,石碇區,121.6192840,24.9076210,312557.98,2755687.97,"2025-09-01 11:09:00",表水,0.5,亞硝酸鹽氮,NO2_N,-,mg/L,
2092,翡翠水庫三,翡翠水庫,新北市,石碇區,121.6192840,24.9076210,312557.98,2755687.97,"2025-09-01 11:09:00",表水,0.5,硝酸鹽氮,NO3_N,-,mg/L,
2092,翡翠水庫三,翡翠水庫,新北市,石碇區,121.6192840,24.9076210,312557.98,2755687.97,"2025-09-01 11:09:00",表水,0.5,總凱氏氮,TKN,-,mg/L,
2092,翡翠水庫三,翡翠水庫,新北市,石碇區,121.6192840,24.9076210,312557.98,2755687.97,"2025-09-01 11:09:00",表水,0.5,有機氮,Norg,-,mg/L,
2092,翡翠水庫三,翡翠水庫,新北市,石碇區,121.6192840,24.9076210,312557.98,2755687.97,"2025-09-01 11:09:00",表水,0.5,氨氮,NH3_N,0.0139,mg/L,
2092,翡翠水庫三,翡翠水庫,新北市,石碇區,121.6192840,24.9076210,312557.98,2755687.97,"2025-09-01 11:09:00",表水,0.5,總有機碳,TOC,-,mg/L,
2092,翡翠水庫三,翡翠水庫,新北市,石碇區,121.6192840,24.9076210,312557.98,2755687.97,"2025-09-01 11:09:00",表水,0.5,化學需氧量,COD,3.788,mg/L,
2092,翡翠水庫三,翡翠水庫,新北市,石碇區,121.6192840,24.9076210,312557.98,2755687.97,"2025-09-01 11:09:00",表水,0.5,溶氧(電極法),DO,8.0,mg/L,
2092,翡翠水庫三,翡翠水庫,新北市,石碇區,121.6192840,24.9076210,312557.98,2755687.97,"2025-09-01 11:09:00",表水,0.5,懸浮固體,SS,-,mg/L,
2092,翡翠水庫三,翡翠水庫,新北市,石碇區,121.6192840,24.9076210,312557.98,2755687.97,"2025-09-01 11:09:00",表水,0.5,氣溫,TMP,28.4,℃,
2092,翡翠水庫三,翡翠水庫,新北市,石碇區,121.6192840,24.9076210,312557.98,2755687.97,"2025-09-01 11:09:00",表水,0.5,採樣深度,SampleDepth,0.5,m,
2092,翡翠水庫三,翡翠水庫,新北市,石碇區,121.6192840,24.9076210,312557.98,2755687.97,"2025-09-01 11:09:00",表水,0.5,導電度,EC,78,μmho/cm25℃,
2092,翡翠水庫三,翡翠水庫,新北市,石碇區,121.6192840,24.9076210,312557.98,2755687.97,"2025-09-01 11:09:00",表水,0.5,濁度,TB,1.1,NTU,
2092,翡翠水庫三,翡翠水庫,新北市,石碇區,121.6192840,24.9076210,312557.98,2755687.97,"2025-09-01 11:09:00",表水,0.5,酸鹼值,pH,9.0," ",
2092,翡翠水庫三,翡翠水庫,新北市,石碇區,121.6192840,24.9076210,312557.98,2755687.97,"2025-09-01 11:09:00",表水,0.5,透明度,SD,4.5,m,
2092,翡翠水庫三,翡翠水庫,新北市,石碇區,121.6192840,24.9076210,312557.98,2755687.97,"2025-09-01 11:09:00",表水,0.5,水溫,WT,30.6,℃,
2092,翡翠水庫三,翡翠水庫,新北市,石碇區,121.6192840,24.9076210,312557.98,2755687.97,"2025-09-01 11:09:00",表水,0.5,卡爾森指數,CTSI,41,,
2091,翡翠水庫二,翡翠水庫,新北市,石碇區,121.5972510,24.9038220,310334.08,2755257.22,"2025-09-01 11:25:00",表水,0.5,葉綠素a,Chl_a,4.0,μg/L,
2091,翡翠水庫二,翡翠水庫,新北市,石碇區,121.5972510,24.9038220,310334.08,2755257.22,"2025-09-01 11:25:00",表水,0.5,總磷,TP,0.014,mg/L,
2091,翡翠水庫二,翡翠水庫,新北市,石碇區,121.5972510,24.9038220,310334.08,2755257.22,"2025-09-01 11:25:00",表水,0.5,正磷酸鹽,PO4,-,mg/L,
2091,翡翠水庫二,翡翠水庫,新北市,石碇區,121.5972510,24.9038220,310334.08,2755257.22,"2025-09-01 11:25:00",表水,0.5,溶氧飽和度,DOS,-,%,
2091,翡翠水庫二,翡翠水庫,新北市,石碇區,121.5972510,24.9038220,310334.08,2755257.22,"2025-09-01 11:25:00",表水,0.5,溶氧(滴定法),DO2,-,mg/L,
2091,翡翠水庫二,翡翠水庫,新北市,石碇區,121.5972510,24.9038220,310334.08,2755257.22,"2025-09-01 11:25:00",表水,0.5,總鹼度,TAlk,-,mg/L,
2091,翡翠水庫二,翡翠水庫,新北市,石碇區,121.5972510,24.9038220,310334.08,2755257.22,"2025-09-01 11:25:00",表水,0.5,總硬度,TH,-,mg/L,
2091,翡翠水庫二,翡翠水庫,新北市,石碇區,121.5972510,24.9038220,310334.08,2755257.22,"2025-09-01 11:25:00",表水,0.5,總氮,TN,-,mg/L,
2091,翡翠水庫二,翡翠水庫,新北市,石碇區,121.5972510,24.9038220,310334.08,2755257.22,"2025-09-01 11:25:00",表水,0.5,亞硝酸鹽氮,NO2_N,-,mg/L,
2091,翡翠水庫二,翡翠水庫,新北市,石碇區,121.5972510,24.9038220,310334.08,2755257.22,"2025-09-01 11:25:00",表水,0.5,硝酸鹽氮,NO3_N,-,mg/L,
2091,翡翠水庫二,翡翠水庫,新北市,石碇區,121.5972510,24.9038220,310334.08,2755257.22,"2025-09-01 11:25:00",表水,0.5,總凱氏氮,TKN,-,mg/L,
2091,翡翠水庫二,翡翠水庫,新北市,石碇區,121.5972510,24.9038220,310334.08,2755257.22,"2025-09-01 11:25:00",表水,0.5,有機氮,Norg,-,mg/L,
2091,翡翠水庫二,翡翠水庫,新北市,石碇區,121.5972510,24.9038220,310334.08,2755257.22,"2025-09-01 11:25:00",表水,0.5,氨氮,NH3_N,<0.01,mg/L,
2091,翡翠水庫二,翡翠水庫,新北市,石碇區,121.5972510,24.9038220,310334.08,2755257.22,"2025-09-01 11:25:00",表水,0.5,總有機碳,TOC,-,mg/L,
2091,翡翠水庫二,翡翠水庫,新北市,石碇區,121.5972510,24.9038220,310334.08,2755257.22,"2025-09-01 11:25:00",表水,0.5,化學需氧量,COD,5.384,mg/L,
2091,翡翠水庫二,翡翠水庫,新北市,石碇區,121.5972510,24.9038220,310334.08,2755257.22,"2025-09-01 11:25:00",表水,0.5,溶氧(電極法),DO,7.9,mg/L,
2091,翡翠水庫二,翡翠水庫,新北市,石碇區,121.5972510,24.9038220,310334.08,2755257.22,"2025-09-01 11:25:00",表水,0.5,懸浮固體,SS,-,mg/L,
2091,翡翠水庫二,翡翠水庫,新北市,石碇區,121.5972510,24.9038220,310334.08,2755257.22,"2025-09-01 11:25:00",表水,0.5,氣溫,TMP,28.4,℃,
2091,翡翠水庫二,翡翠水庫,新北市,石碇區,121.5972510,24.9038220,310334.08,2755257.22,"2025-09-01 11:25:00",表水,0.5,採樣深度,SampleDepth,0.5,m,
2091,翡翠水庫二,翡翠水庫,新北市,石碇區,121.5972510,24.9038220,310334.08,2755257.22,"2025-09-01 11:25:00",表水,0.5,導電度,EC,78,μmho/cm25℃,
2091,翡翠水庫二,翡翠水庫,新北市,石碇區,121.5972510,24.9038220,310334.08,2755257.22,"2025-09-01 11:25:00",表水,0.5,濁度,TB,1.0,NTU,
2091,翡翠水庫二,翡翠水庫,新北市,石碇區,121.5972510,24.9038220,310334.08,2755257.22,"2025-09-01 11:25:00",表水,0.5,酸鹼值,pH,9.0," ",
2091,翡翠水庫二,翡翠水庫,新北市,石碇區,121.5972510,24.9038220,310334.08,2755257.22,"2025-09-01 11:25:00",表水,0.5,透明度,SD,4.5,m,
2091,翡翠水庫二,翡翠水庫,新北市,石碇區,121.5972510,24.9038220,310334.08,2755257.22,"2025-09-01 11:25:00",表水,0.5,水溫,WT,30.5,℃,
2091,翡翠水庫二,翡翠水庫,新北市,石碇區,121.5972510,24.9038220,310334.08,2755257.22,"2025-09-01 11:25:00",表水,0.5,卡爾森指數,CTSI,42,,
2090,翡翠水庫一,翡翠水庫,新北市,石碇區,121.5836770,24.9108769,308959.444019636,2756032.68398233,"2025-09-01 11:36:00",表水,0.5,葉綠素a,Chl_a,3.2,μg/L,
2090,翡翠水庫一,翡翠水庫,新北市,石碇區,121.5836770,24.9108769,308959.444019636,2756032.68398233,"2025-09-01 11:36:00",表水,0.5,總磷,TP,0.015,mg/L,
2090,翡翠水庫一,翡翠水庫,新北市,石碇區,121.5836770,24.9108769,308959.444019636,2756032.68398233,"2025-09-01 11:36:00",表水,0.5,正磷酸鹽,PO4,-,mg/L,
2090,翡翠水庫一,翡翠水庫,新北市,石碇區,121.5836770,24.9108769,308959.444019636,2756032.68398233,"2025-09-01 11:36:00",表水,0.5,溶氧飽和度,DOS,-,%,
2090,翡翠水庫一,翡翠水庫,新北市,石碇區,121.5836770,24.9108769,308959.444019636,2756032.68398233,"2025-09-01 11:36:00",表水,0.5,溶氧(滴定法),DO2,-,mg/L,
2090,翡翠水庫一,翡翠水庫,新北市,石碇區,121.5836770,24.9108769,308959.444019636,2756032.68398233,"2025-09-01 11:36:00",表水,0.5,總鹼度,TAlk,-,mg/L,
2090,翡翠水庫一,翡翠水庫,新北市,石碇區,121.5836770,24.9108769,308959.444019636,2756032.68398233,"2025-09-01 11:36:00",表水,0.5,總硬度,TH,-,mg/L,
2090,翡翠水庫一,翡翠水庫,新北市,石碇區,121.5836770,24.9108769,308959.444019636,2756032.68398233,"2025-09-01 11:36:00",表水,0.5,總氮,TN,-,mg/L,
2090,翡翠水庫一,翡翠水庫,新北市,石碇區,121.5836770,24.9108769,308959.444019636,2756032.68398233,"2025-09-01 11:36:00",表水,0.5,亞硝酸鹽氮,NO2_N,-,mg/L,
2090,翡翠水庫一,翡翠水庫,新北市,石碇區,121.5836770,24.9108769,308959.444019636,2756032.68398233,"2025-09-01 11:36:00",表水,0.5,硝酸鹽氮,NO3_N,-,mg/L,
2090,翡翠水庫一,翡翠水庫,新北市,石碇區,121.5836770,24.9108769,308959.444019636,2756032.68398233,"2025-09-01 11:36:00",表水,0.5,總凱氏氮,TKN,-,mg/L,
2090,翡翠水庫一,翡翠水庫,新北市,石碇區,121.5836770,24.9108769,308959.444019636,2756032.68398233,"2025-09-01 11:36:00",表水,0.5,有機氮,Norg,-,mg/L,
2090,翡翠水庫一,翡翠水庫,新北市,石碇區,121.5836770,24.9108769,308959.444019636,2756032.68398233,"2025-09-01 11:36:00",表水,0.5,氨氮,NH3_N,0.0194,mg/L,
2090,翡翠水庫一,翡翠水庫,新北市,石碇區,121.5836770,24.9108769,308959.444019636,2756032.68398233,"2025-09-01 11:36:00",表水,0.5,總有機碳,TOC,-,mg/L,
2090,翡翠水庫一,翡翠水庫,新北市,石碇區,121.5836770,24.9108769,308959.444019636,2756032.68398233,"2025-09-01 11:36:00",表水,0.5,化學需氧量,COD,3.988,mg/L,
2090,翡翠水庫一,翡翠水庫,新北市,石碇區,121.5836770,24.9108769,308959.444019636,2756032.68398233,"2025-09-01 11:36:00",表水,0.5,溶氧(電極法),DO,7.5,mg/L,
2090,翡翠水庫一,翡翠水庫,新北市,石碇區,121.5836770,24.9108769,308959.444019636,2756032.68398233,"2025-09-01 11:36:00",表水,0.5,懸浮固體,SS,-,mg/L,
2090,翡翠水庫一,翡翠水庫,新北市,石碇區,121.5836770,24.9108769,308959.444019636,2756032.68398233,"2025-09-01 11:36:00",表水,0.5,氣溫,TMP,28.5,℃,
2090,翡翠水庫一,翡翠水庫,新北市,石碇區,121.5836770,24.9108769,308959.444019636,2756032.68398233,"2025-09-01 11:36:00",表水,0.5,採樣深度,SampleDepth,0.5,m,
2090,翡翠水庫一,翡翠水庫,新北市,石碇區,121.5836770,24.9108769,308959.444019636,2756032.68398233,"2025-09-01 11:36:00",表水,0.5,導電度,EC,92,μmho/cm25℃,
2090,翡翠水庫一,翡翠水庫,新北市,石碇區,121.5836770,24.9108769,308959.444019636,2756032.68398233,"2025-09-01 11:36:00",表水,0.5,濁度,TB,1.1,NTU,
2090,翡翠水庫一,翡翠水庫,新北市,石碇區,121.5836770,24.9108769,308959.444019636,2756032.68398233,"2025-09-01 11:36:00",表水,0.5,酸鹼值,pH,8.8," ",
2090,翡翠水庫一,翡翠水庫,新北市,石碇區,121.5836770,24.9108769,308959.444019636,2756032.68398233,"2025-09-01 11:36:00",表水,0.5,透明度,SD,5.0,m,
2090,翡翠水庫一,翡翠水庫,新北市,石碇區,121.5836770,24.9108769,308959.444019636,2756032.68398233,"2025-09-01 11:36:00",表水,0.5,水溫,WT,30.4,℃,
2090,翡翠水庫一,翡翠水庫,新北市,石碇區,121.5836770,24.9108769,308959.444019636,2756032.68398233,"2025-09-01 11:36:00",表水,0.5,卡爾森指數,CTSI,41,,
2089,西勢水庫,西勢水庫,基隆市,暖暖區,121.7356370,25.0872470,324204.00,2775643.26,"2025-09-04 10:35:42",表水,0.5,葉綠素a,Chl_a,25.4,μg/L,
2089,西勢水庫,西勢水庫,基隆市,暖暖區,121.7356370,25.0872470,324204.00,2775643.26,"2025-09-04 10:35:42",表水,0.5,總磷,TP,0.046,mg/L,
2089,西勢水庫,西勢水庫,基隆市,暖暖區,121.7356370,25.0872470,324204.00,2775643.26,"2025-09-04 10:35:42",表水,0.5,正磷酸鹽,PO4,-,mg/L,
2089,西勢水庫,西勢水庫,基隆市,暖暖區,121.7356370,25.0872470,324204.00,2775643.26,"2025-09-04 10:35:42",表水,0.5,溶氧飽和度,DOS,124.0,%,
2089,西勢水庫,西勢水庫,基隆市,暖暖區,121.7356370,25.0872470,324204.00,2775643.26,"2025-09-04 10:35:42",表水,0.5,溶氧(滴定法),DO2,-,mg/L,
2089,西勢水庫,西勢水庫,基隆市,暖暖區,121.7356370,25.0872470,324204.00,2775643.26,"2025-09-04 10:35:42",表水,0.5,總鹼度,TAlk,-,mg/L,
2089,西勢水庫,西勢水庫,基隆市,暖暖區,121.7356370,25.0872470,324204.00,2775643.26,"2025-09-04 10:35:42",表水,0.5,總硬度,TH,-,mg/L,
2089,西勢水庫,西勢水庫,基隆市,暖暖區,121.7356370,25.0872470,324204.00,2775643.26,"2025-09-04 10:35:42",表水,0.5,總氮,TN,-,mg/L,
2089,西勢水庫,西勢水庫,基隆市,暖暖區,121.7356370,25.0872470,324204.00,2775643.26,"2025-09-04 10:35:42",表水,0.5,亞硝酸鹽氮,NO2_N,-,mg/L,
2089,西勢水庫,西勢水庫,基隆市,暖暖區,121.7356370,25.0872470,324204.00,2775643.26,"2025-09-04 10:35:42",表水,0.5,硝酸鹽氮,NO3_N,-,mg/L,
2089,西勢水庫,西勢水庫,基隆市,暖暖區,121.7356370,25.0872470,324204.00,2775643.26,"2025-09-04 10:35:42",表水,0.5,總凱氏氮,TKN,-,mg/L,
2089,西勢水庫,西勢水庫,基隆市,暖暖區,121.7356370,25.0872470,324204.00,2775643.26,"2025-09-04 10:35:42",表水,0.5,有機氮,Norg,-,mg/L,
2089,西勢水庫,西勢水庫,基隆市,暖暖區,121.7356370,25.0872470,324204.00,2775643.26,"2025-09-04 10:35:42",表水,0.5,氨氮,NH3_N,0.03,mg/L,
2089,西勢水庫,西勢水庫,基隆市,暖暖區,121.7356370,25.0872470,324204.00,2775643.26,"2025-09-04 10:35:42",表水,0.5,總有機碳,TOC,-,mg/L,
2089,西勢水庫,西勢水庫,基隆市,暖暖區,121.7356370,25.0872470,324204.00,2775643.26,"2025-09-04 10:35:42",表水,0.5,化學需氧量,COD,11.4,mg/L,
2089,西勢水庫,西勢水庫,基隆市,暖暖區,121.7356370,25.0872470,324204.00,2775643.26,"2025-09-04 10:35:42",表水,0.5,溶氧(電極法),DO,9.0,mg/L,
2089,西勢水庫,西勢水庫,基隆市,暖暖區,121.7356370,25.0872470,324204.00,2775643.26,"2025-09-04 10:35:42",表水,0.5,懸浮固體,SS,4.8,mg/L,
2089,西勢水庫,西勢水庫,基隆市,暖暖區,121.7356370,25.0872470,324204.00,2775643.26,"2025-09-04 10:35:42",表水,0.5,氣溫,TMP,35.1,℃,
2089,西勢水庫,西勢水庫,基隆市,暖暖區,121.7356370,25.0872470,324204.00,2775643.26,"2025-09-04 10:35:42",表水,0.5,採樣深度,SampleDepth,0.5,m,
2089,西勢水庫,西勢水庫,基隆市,暖暖區,121.7356370,25.0872470,324204.00,2775643.26,"2025-09-04 10:35:42",表水,0.5,導電度,EC,91,μmho/cm25℃,
2089,西勢水庫,西勢水庫,基隆市,暖暖區,121.7356370,25.0872470,324204.00,2775643.26,"2025-09-04 10:35:42",表水,0.5,濁度,TB,8.4,NTU,
2089,西勢水庫,西勢水庫,基隆市,暖暖區,121.7356370,25.0872470,324204.00,2775643.26,"2025-09-04 10:35:42",表水,0.5,酸鹼值,pH,9.19," ",
2089,西勢水庫,西勢水庫,基隆市,暖暖區,121.7356370,25.0872470,324204.00,2775643.26,"2025-09-04 10:35:42",表水,0.5,透明度,SD,1.0,m,
2089,西勢水庫,西勢水庫,基隆市,暖暖區,121.7356370,25.0872470,324204.00,2775643.26,"2025-09-04 10:35:42",表水,0.5,水溫,WT,31.9,℃,
2089,西勢水庫,西勢水庫,基隆市,暖暖區,121.7356370,25.0872470,324204.00,2775643.26,"2025-09-04 10:35:42",表水,0.5,卡爾森指數,CTSI,61,,
2088,新山水庫二,新山水庫,基隆市,安樂區,121.7073056,25.1255278,321323.88,2779868.3,"2025-09-04 09:20:22",表水,0.5,葉綠素a,Chl_a,2.5,μg/L,
2088,新山水庫二,新山水庫,基隆市,安樂區,121.7073056,25.1255278,321323.88,2779868.3,"2025-09-04 09:20:22",表水,0.5,總磷,TP,0.038,mg/L,
2088,新山水庫二,新山水庫,基隆市,安樂區,121.7073056,25.1255278,321323.88,2779868.3,"2025-09-04 09:20:22",表水,0.5,正磷酸鹽,PO4,-,mg/L,
2088,新山水庫二,新山水庫,基隆市,安樂區,121.7073056,25.1255278,321323.88,2779868.3,"2025-09-04 09:20:22",表水,0.5,溶氧飽和度,DOS,108.7,%,
2088,新山水庫二,新山水庫,基隆市,安樂區,121.7073056,25.1255278,321323.88,2779868.3,"2025-09-04 09:20:22",表水,0.5,溶氧(滴定法),DO2,-,mg/L,
2088,新山水庫二,新山水庫,基隆市,安樂區,121.7073056,25.1255278,321323.88,2779868.3,"2025-09-04 09:20:22",表水,0.5,總鹼度,TAlk,-,mg/L,
2088,新山水庫二,新山水庫,基隆市,安樂區,121.7073056,25.1255278,321323.88,2779868.3,"2025-09-04 09:20:22",表水,0.5,總硬度,TH,-,mg/L,
2088,新山水庫二,新山水庫,基隆市,安樂區,121.7073056,25.1255278,321323.88,2779868.3,"2025-09-04 09:20:22",表水,0.5,總氮,TN,<0.20,mg/L,
2088,新山水庫二,新山水庫,基隆市,安樂區,121.7073056,25.1255278,321323.88,2779868.3,"2025-09-04 09:20:22",表水,0.5,亞硝酸鹽氮,NO2_N,-,mg/L,
2088,新山水庫二,新山水庫,基隆市,安樂區,121.7073056,25.1255278,321323.88,2779868.3,"2025-09-04 09:20:22",表水,0.5,硝酸鹽氮,NO3_N,-,mg/L,
2088,新山水庫二,新山水庫,基隆市,安樂區,121.7073056,25.1255278,321323.88,2779868.3,"2025-09-04 09:20:22",表水,0.5,總凱氏氮,TKN,-,mg/L,
2088,新山水庫二,新山水庫,基隆市,安樂區,121.7073056,25.1255278,321323.88,2779868.3,"2025-09-04 09:20:22",表水,0.5,有機氮,Norg,-,mg/L,
2088,新山水庫二,新山水庫,基隆市,安樂區,121.7073056,25.1255278,321323.88,2779868.3,"2025-09-04 09:20:22",表水,0.5,氨氮,NH3_N,0.02,mg/L,
2088,新山水庫二,新山水庫,基隆市,安樂區,121.7073056,25.1255278,321323.88,2779868.3,"2025-09-04 09:20:22",表水,0.5,總有機碳,TOC,1.44,mg/L,
2088,新山水庫二,新山水庫,基隆市,安樂區,121.7073056,25.1255278,321323.88,2779868.3,"2025-09-04 09:20:22",表水,0.5,化學需氧量,COD,6.9,mg/L,
2088,新山水庫二,新山水庫,基隆市,安樂區,121.7073056,25.1255278,321323.88,2779868.3,"2025-09-04 09:20:22",表水,0.5,溶氧(電極法),DO,7.9,mg/L,
2088,新山水庫二,新山水庫,基隆市,安樂區,121.7073056,25.1255278,321323.88,2779868.3,"2025-09-04 09:20:22",表水,0.5,懸浮固體,SS,1.1,mg/L,
2088,新山水庫二,新山水庫,基隆市,安樂區,121.7073056,25.1255278,321323.88,2779868.3,"2025-09-04 09:20:22",表水,0.5,氣溫,TMP,31.8,℃,
2088,新山水庫二,新山水庫,基隆市,安樂區,121.7073056,25.1255278,321323.88,2779868.3,"2025-09-04 09:20:22",表水,0.5,採樣深度,SampleDepth,0.5,m,
2088,新山水庫二,新山水庫,基隆市,安樂區,121.7073056,25.1255278,321323.88,2779868.3,"2025-09-04 09:20:22",表水,0.5,導電度,EC,115,μmho/cm25℃,
2088,新山水庫二,新山水庫,基隆市,安樂區,121.7073056,25.1255278,321323.88,2779868.3,"2025-09-04 09:20:22",表水,0.5,濁度,TB,3.1,NTU,
2088,新山水庫二,新山水庫,基隆市,安樂區,121.7073056,25.1255278,321323.88,2779868.3,"2025-09-04 09:20:22",表水,0.5,酸鹼值,pH,8.17," ",
2088,新山水庫二,新山水庫,基隆市,安樂區,121.7073056,25.1255278,321323.88,2779868.3,"2025-09-04 09:20:22",表水,0.5,透明度,SD,2.8,m,
2088,新山水庫二,新山水庫,基隆市,安樂區,121.7073056,25.1255278,321323.88,2779868.3,"2025-09-04 09:20:22",表水,0.5,水溫,WT,31.3,℃,
2088,新山水庫二,新山水庫,基隆市,安樂區,121.7073056,25.1255278,321323.88,2779868.3,"2025-09-04 09:20:22",表水,0.5,卡爾森指數,CTSI,47,,
2087,新山水庫一,新山水庫,基隆市,安樂區,121.7098889,25.1305556,321581.457270077,2780426.59423176,"2025-09-04 09:02:18",表水,0.5,葉綠素a,Chl_a,1.7,μg/L,
2087,新山水庫一,新山水庫,基隆市,安樂區,121.7098889,25.1305556,321581.457270077,2780426.59423176,"2025-09-04 09:02:18",表水,0.5,總磷,TP,0.023,mg/L,
2087,新山水庫一,新山水庫,基隆市,安樂區,121.7098889,25.1305556,321581.457270077,2780426.59423176,"2025-09-04 09:02:18",表水,0.5,正磷酸鹽,PO4,-,mg/L,
2087,新山水庫一,新山水庫,基隆市,安樂區,121.7098889,25.1305556,321581.457270077,2780426.59423176,"2025-09-04 09:02:18",表水,0.5,溶氧飽和度,DOS,106.0,%,
2087,新山水庫一,新山水庫,基隆市,安樂區,121.7098889,25.1305556,321581.457270077,2780426.59423176,"2025-09-04 09:02:18",表水,0.5,溶氧(滴定法),DO2,-,mg/L,
2087,新山水庫一,新山水庫,基隆市,安樂區,121.7098889,25.1305556,321581.457270077,2780426.59423176,"2025-09-04 09:02:18",表水,0.5,總鹼度,TAlk,-,mg/L,
2087,新山水庫一,新山水庫,基隆市,安樂區,121.7098889,25.1305556,321581.457270077,2780426.59423176,"2025-09-04 09:02:18",表水,0.5,總硬度,TH,-,mg/L,
2087,新山水庫一,新山水庫,基隆市,安樂區,121.7098889,25.1305556,321581.457270077,2780426.59423176,"2025-09-04 09:02:18",表水,0.5,總氮,TN,<0.20,mg/L,
2087,新山水庫一,新山水庫,基隆市,安樂區,121.7098889,25.1305556,321581.457270077,2780426.59423176,"2025-09-04 09:02:18",表水,0.5,亞硝酸鹽氮,NO2_N,-,mg/L,
2087,新山水庫一,新山水庫,基隆市,安樂區,121.7098889,25.1305556,321581.457270077,2780426.59423176,"2025-09-04 09:02:18",表水,0.5,硝酸鹽氮,NO3_N,-,mg/L,
2087,新山水庫一,新山水庫,基隆市,安樂區,121.7098889,25.1305556,321581.457270077,2780426.59423176,"2025-09-04 09:02:18",表水,0.5,總凱氏氮,TKN,-,mg/L,
2087,新山水庫一,新山水庫,基隆市,安樂區,121.7098889,25.1305556,321581.457270077,2780426.59423176,"2025-09-04 09:02:18",表水,0.5,有機氮,Norg,-,mg/L,
2087,新山水庫一,新山水庫,基隆市,安樂區,121.7098889,25.1305556,321581.457270077,2780426.59423176,"2025-09-04 09:02:18",表水,0.5,氨氮,NH3_N,0.07,mg/L,
2087,新山水庫一,新山水庫,基隆市,安樂區,121.7098889,25.1305556,321581.457270077,2780426.59423176,"2025-09-04 09:02:18",表水,0.5,總有機碳,TOC,1.47,mg/L,
2087,新山水庫一,新山水庫,基隆市,安樂區,121.7098889,25.1305556,321581.457270077,2780426.59423176,"2025-09-04 09:02:18",表水,0.5,化學需氧量,COD,5.8,mg/L,
2087,新山水庫一,新山水庫,基隆市,安樂區,121.7098889,25.1305556,321581.457270077,2780426.59423176,"2025-09-04 09:02:18",表水,0.5,溶氧(電極法),DO,7.7,mg/L,
2087,新山水庫一,新山水庫,基隆市,安樂區,121.7098889,25.1305556,321581.457270077,2780426.59423176,"2025-09-04 09:02:18",表水,0.5,懸浮固體,SS,1.0,mg/L,
2087,新山水庫一,新山水庫,基隆市,安樂區,121.7098889,25.1305556,321581.457270077,2780426.59423176,"2025-09-04 09:02:18",表水,0.5,氣溫,TMP,31.6,℃,
2087,新山水庫一,新山水庫,基隆市,安樂區,121.7098889,25.1305556,321581.457270077,2780426.59423176,"2025-09-04 09:02:18",表水,0.5,採樣深度,SampleDepth,0.5,m,
2087,新山水庫一,新山水庫,基隆市,安樂區,121.7098889,25.1305556,321581.457270077,2780426.59423176,"2025-09-04 09:02:18",表水,0.5,導電度,EC,120,μmho/cm25℃,
2087,新山水庫一,新山水庫,基隆市,安樂區,121.7098889,25.1305556,321581.457270077,2780426.59423176,"2025-09-04 09:02:18",表水,0.5,濁度,TB,2.7,NTU,
2087,新山水庫一,新山水庫,基隆市,安樂區,121.7098889,25.1305556,321581.457270077,2780426.59423176,"2025-09-04 09:02:18",表水,0.5,酸鹼值,pH,8.18," ",
2087,新山水庫一,新山水庫,基隆市,安樂區,121.7098889,25.1305556,321581.457270077,2780426.59423176,"2025-09-04 09:02:18",表水,0.5,透明度,SD,2.6,m,
2087,新山水庫一,新山水庫,基隆市,安樂區,121.7098889,25.1305556,321581.457270077,2780426.59423176,"2025-09-04 09:02:18",表水,0.5,水溫,WT,31.2,℃,
2087,新山水庫一,新山水庫,基隆市,安樂區,121.7098889,25.1305556,321581.457270077,2780426.59423176,"2025-09-04 09:02:18",表水,0.5,卡爾森指數,CTSI,44,,
2077,阿公店水庫三,阿公店水庫,高雄市,燕巢區,120.3486950,22.8200360,183144.05,2524502.81,"2025-09-17 11:27:05",表水,0.5,葉綠素a,Chl_a,7.0,μg/L,
2077,阿公店水庫三,阿公店水庫,高雄市,燕巢區,120.3486950,22.8200360,183144.05,2524502.81,"2025-09-17 11:27:05",表水,0.5,總磷,TP,0.088,mg/L,
2077,阿公店水庫三,阿公店水庫,高雄市,燕巢區,120.3486950,22.8200360,183144.05,2524502.81,"2025-09-17 11:27:05",表水,0.5,正磷酸鹽,PO4,-,mg/L,
2077,阿公店水庫三,阿公店水庫,高雄市,燕巢區,120.3486950,22.8200360,183144.05,2524502.81,"2025-09-17 11:27:05",表水,0.5,溶氧飽和度,DOS,118.8,%,
2077,阿公店水庫三,阿公店水庫,高雄市,燕巢區,120.3486950,22.8200360,183144.05,2524502.81,"2025-09-17 11:27:05",表水,0.5,溶氧(滴定法),DO2,-,mg/L,
2077,阿公店水庫三,阿公店水庫,高雄市,燕巢區,120.3486950,22.8200360,183144.05,2524502.81,"2025-09-17 11:27:05",表水,0.5,總鹼度,TAlk,-,mg/L,
2077,阿公店水庫三,阿公店水庫,高雄市,燕巢區,120.3486950,22.8200360,183144.05,2524502.81,"2025-09-17 11:27:05",表水,0.5,總硬度,TH,-,mg/L,
2077,阿公店水庫三,阿公店水庫,高雄市,燕巢區,120.3486950,22.8200360,183144.05,2524502.81,"2025-09-17 11:27:05",表水,0.5,總氮,TN,<0.20,mg/L,
2077,阿公店水庫三,阿公店水庫,高雄市,燕巢區,120.3486950,22.8200360,183144.05,2524502.81,"2025-09-17 11:27:05",表水,0.5,亞硝酸鹽氮,NO2_N,-,mg/L,
2077,阿公店水庫三,阿公店水庫,高雄市,燕巢區,120.3486950,22.8200360,183144.05,2524502.81,"2025-09-17 11:27:05",表水,0.5,硝酸鹽氮,NO3_N,-,mg/L,
2077,阿公店水庫三,阿公店水庫,高雄市,燕巢區,120.3486950,22.8200360,183144.05,2524502.81,"2025-09-17 11:27:05",表水,0.5,總凱氏氮,TKN,-,mg/L,
2077,阿公店水庫三,阿公店水庫,高雄市,燕巢區,120.3486950,22.8200360,183144.05,2524502.81,"2025-09-17 11:27:05",表水,0.5,有機氮,Norg,-,mg/L,
2077,阿公店水庫三,阿公店水庫,高雄市,燕巢區,120.3486950,22.8200360,183144.05,2524502.81,"2025-09-17 11:27:05",表水,0.5,氨氮,NH3_N,<0.01,mg/L,
2077,阿公店水庫三,阿公店水庫,高雄市,燕巢區,120.3486950,22.8200360,183144.05,2524502.81,"2025-09-17 11:27:05",表水,0.5,總有機碳,TOC,1.25,mg/L,
2077,阿公店水庫三,阿公店水庫,高雄市,燕巢區,120.3486950,22.8200360,183144.05,2524502.81,"2025-09-17 11:27:05",表水,0.5,化學需氧量,COD,5.0,mg/L,
2077,阿公店水庫三,阿公店水庫,高雄市,燕巢區,120.3486950,22.8200360,183144.05,2524502.81,"2025-09-17 11:27:05",表水,0.5,溶氧(電極法),DO,8.9,mg/L,
2077,阿公店水庫三,阿公店水庫,高雄市,燕巢區,120.3486950,22.8200360,183144.05,2524502.81,"2025-09-17 11:27:05",表水,0.5,懸浮固體,SS,7.1,mg/L,
2077,阿公店水庫三,阿公店水庫,高雄市,燕巢區,120.3486950,22.8200360,183144.05,2524502.81,"2025-09-17 11:27:05",表水,0.5,氣溫,TMP,29.7,℃,
2077,阿公店水庫三,阿公店水庫,高雄市,燕巢區,120.3486950,22.8200360,183144.05,2524502.81,"2025-09-17 11:27:05",表水,0.5,採樣深度,SampleDepth,0.5,m,
2077,阿公店水庫三,阿公店水庫,高雄市,燕巢區,120.3486950,22.8200360,183144.05,2524502.81,"2025-09-17 11:27:05",表水,0.5,導電度,EC,382,μmho/cm25℃,
2077,阿公店水庫三,阿公店水庫,高雄市,燕巢區,120.3486950,22.8200360,183144.05,2524502.81,"2025-09-17 11:27:05",表水,0.5,濁度,TB,14,NTU,
2077,阿公店水庫三,阿公店水庫,高雄市,燕巢區,120.3486950,22.8200360,183144.05,2524502.81,"2025-09-17 11:27:05",表水,0.5,酸鹼值,pH,8.44," ",
2077,阿公店水庫三,阿公店水庫,高雄市,燕巢區,120.3486950,22.8200360,183144.05,2524502.81,"2025-09-17 11:27:05",表水,0.5,透明度,SD,0.7,m,
2077,阿公店水庫三,阿公店水庫,高雄市,燕巢區,120.3486950,22.8200360,183144.05,2524502.81,"2025-09-17 11:27:05",表水,0.5,水溫,WT,30.4,℃,
2077,阿公店水庫三,阿公店水庫,高雄市,燕巢區,120.3486950,22.8200360,183144.05,2524502.81,"2025-09-17 11:27:05",表水,0.5,卡爾森指數,CTSI,61,,
2076,阿公店水庫二,阿公店水庫,高雄市,燕巢區,120.3527360,22.8118680,183554.90,2523596.50,"2025-09-17 10:53:15",表水,0.5,葉綠素a,Chl_a,5.9,μg/L,
2076,阿公店水庫二,阿公店水庫,高雄市,燕巢區,120.3527360,22.8118680,183554.90,2523596.50,"2025-09-17 10:53:15",表水,0.5,總磷,TP,0.069,mg/L,
2076,阿公店水庫二,阿公店水庫,高雄市,燕巢區,120.3527360,22.8118680,183554.90,2523596.50,"2025-09-17 10:53:15",表水,0.5,正磷酸鹽,PO4,-,mg/L,
2076,阿公店水庫二,阿公店水庫,高雄市,燕巢區,120.3527360,22.8118680,183554.90,2523596.50,"2025-09-17 10:53:15",表水,0.5,溶氧飽和度,DOS,125.1,%,
2076,阿公店水庫二,阿公店水庫,高雄市,燕巢區,120.3527360,22.8118680,183554.90,2523596.50,"2025-09-17 10:53:15",表水,0.5,溶氧(滴定法),DO2,-,mg/L,
2076,阿公店水庫二,阿公店水庫,高雄市,燕巢區,120.3527360,22.8118680,183554.90,2523596.50,"2025-09-17 10:53:15",表水,0.5,總鹼度,TAlk,-,mg/L,
2076,阿公店水庫二,阿公店水庫,高雄市,燕巢區,120.3527360,22.8118680,183554.90,2523596.50,"2025-09-17 10:53:15",表水,0.5,總硬度,TH,-,mg/L,
2076,阿公店水庫二,阿公店水庫,高雄市,燕巢區,120.3527360,22.8118680,183554.90,2523596.50,"2025-09-17 10:53:15",表水,0.5,總氮,TN,<0.20,mg/L,
2076,阿公店水庫二,阿公店水庫,高雄市,燕巢區,120.3527360,22.8118680,183554.90,2523596.50,"2025-09-17 10:53:15",表水,0.5,亞硝酸鹽氮,NO2_N,-,mg/L,
2076,阿公店水庫二,阿公店水庫,高雄市,燕巢區,120.3527360,22.8118680,183554.90,2523596.50,"2025-09-17 10:53:15",表水,0.5,硝酸鹽氮,NO3_N,-,mg/L,
2076,阿公店水庫二,阿公店水庫,高雄市,燕巢區,120.3527360,22.8118680,183554.90,2523596.50,"2025-09-17 10:53:15",表水,0.5,總凱氏氮,TKN,-,mg/L,
2076,阿公店水庫二,阿公店水庫,高雄市,燕巢區,120.3527360,22.8118680,183554.90,2523596.50,"2025-09-17 10:53:15",表水,0.5,有機氮,Norg,-,mg/L,
2076,阿公店水庫二,阿公店水庫,高雄市,燕巢區,120.3527360,22.8118680,183554.90,2523596.50,"2025-09-17 10:53:15",表水,0.5,氨氮,NH3_N,<0.01,mg/L,
2076,阿公店水庫二,阿公店水庫,高雄市,燕巢區,120.3527360,22.8118680,183554.90,2523596.50,"2025-09-17 10:53:15",表水,0.5,總有機碳,TOC,1.13,mg/L,
2076,阿公店水庫二,阿公店水庫,高雄市,燕巢區,120.3527360,22.8118680,183554.90,2523596.50,"2025-09-17 10:53:15",表水,0.5,化學需氧量,COD,4.5,mg/L,
2076,阿公店水庫二,阿公店水庫,高雄市,燕巢區,120.3527360,22.8118680,183554.90,2523596.50,"2025-09-17 10:53:15",表水,0.5,溶氧(電極法),DO,9.3,mg/L,
2076,阿公店水庫二,阿公店水庫,高雄市,燕巢區,120.3527360,22.8118680,183554.90,2523596.50,"2025-09-17 10:53:15",表水,0.5,懸浮固體,SS,5.8,mg/L,
2076,阿公店水庫二,阿公店水庫,高雄市,燕巢區,120.3527360,22.8118680,183554.90,2523596.50,"2025-09-17 10:53:15",表水,0.5,氣溫,TMP,28.4,℃,
2076,阿公店水庫二,阿公店水庫,高雄市,燕巢區,120.3527360,22.8118680,183554.90,2523596.50,"2025-09-17 10:53:15",表水,0.5,採樣深度,SampleDepth,0.5,m,
2076,阿公店水庫二,阿公店水庫,高雄市,燕巢區,120.3527360,22.8118680,183554.90,2523596.50,"2025-09-17 10:53:15",表水,0.5,導電度,EC,422,μmho/cm25℃,
2076,阿公店水庫二,阿公店水庫,高雄市,燕巢區,120.3527360,22.8118680,183554.90,2523596.50,"2025-09-17 10:53:15",表水,0.5,濁度,TB,11,NTU,
2076,阿公店水庫二,阿公店水庫,高雄市,燕巢區,120.3527360,22.8118680,183554.90,2523596.50,"2025-09-17 10:53:15",表水,0.5,酸鹼值,pH,8.46," ",
2076,阿公店水庫二,阿公店水庫,高雄市,燕巢區,120.3527360,22.8118680,183554.90,2523596.50,"2025-09-17 10:53:15",表水,0.5,透明度,SD,0.7,m,
2076,阿公店水庫二,阿公店水庫,高雄市,燕巢區,120.3527360,22.8118680,183554.90,2523596.50,"2025-09-17 10:53:15",表水,0.5,水溫,WT,30.5,℃,
2076,阿公店水庫二,阿公店水庫,高雄市,燕巢區,120.3527360,22.8118680,183554.90,2523596.50,"2025-09-17 10:53:15",表水,0.5,卡爾森指數,CTSI,59,,
2075,阿公店水庫一,阿公店水庫,高雄市,燕巢區,120.3442810,22.8151120,182688.52,2523959.55,"2025-09-17 10:25:23",表水,0.5,葉綠素a,Chl_a,9.9,μg/L,
2075,阿公店水庫一,阿公店水庫,高雄市,燕巢區,120.3442810,22.8151120,182688.52,2523959.55,"2025-09-17 10:25:23",表水,0.5,總磷,TP,0.087,mg/L,
2075,阿公店水庫一,阿公店水庫,高雄市,燕巢區,120.3442810,22.8151120,182688.52,2523959.55,"2025-09-17 10:25:23",表水,0.5,正磷酸鹽,PO4,-,mg/L,
2075,阿公店水庫一,阿公店水庫,高雄市,燕巢區,120.3442810,22.8151120,182688.52,2523959.55,"2025-09-17 10:25:23",表水,0.5,溶氧飽和度,DOS,121.4,%,
2075,阿公店水庫一,阿公店水庫,高雄市,燕巢區,120.3442810,22.8151120,182688.52,2523959.55,"2025-09-17 10:25:23",表水,0.5,溶氧(滴定法),DO2,-,mg/L,
2075,阿公店水庫一,阿公店水庫,高雄市,燕巢區,120.3442810,22.8151120,182688.52,2523959.55,"2025-09-17 10:25:23",表水,0.5,總鹼度,TAlk,-,mg/L,
2075,阿公店水庫一,阿公店水庫,高雄市,燕巢區,120.3442810,22.8151120,182688.52,2523959.55,"2025-09-17 10:25:23",表水,0.5,總硬度,TH,-,mg/L,
2075,阿公店水庫一,阿公店水庫,高雄市,燕巢區,120.3442810,22.8151120,182688.52,2523959.55,"2025-09-17 10:25:23",表水,0.5,總氮,TN,<0.20,mg/L,
2075,阿公店水庫一,阿公店水庫,高雄市,燕巢區,120.3442810,22.8151120,182688.52,2523959.55,"2025-09-17 10:25:23",表水,0.5,亞硝酸鹽氮,NO2_N,-,mg/L,
2075,阿公店水庫一,阿公店水庫,高雄市,燕巢區,120.3442810,22.8151120,182688.52,2523959.55,"2025-09-17 10:25:23",表水,0.5,硝酸鹽氮,NO3_N,-,mg/L,
2075,阿公店水庫一,阿公店水庫,高雄市,燕巢區,120.3442810,22.8151120,182688.52,2523959.55,"2025-09-17 10:25:23",表水,0.5,總凱氏氮,TKN,-,mg/L,
2075,阿公店水庫一,阿公店水庫,高雄市,燕巢區,120.3442810,22.8151120,182688.52,2523959.55,"2025-09-17 10:25:23",表水,0.5,有機氮,Norg,-,mg/L,
2075,阿公店水庫一,阿公店水庫,高雄市,燕巢區,120.3442810,22.8151120,182688.52,2523959.55,"2025-09-17 10:25:23",表水,0.5,氨氮,NH3_N,<0.01,mg/L,
2075,阿公店水庫一,阿公店水庫,高雄市,燕巢區,120.3442810,22.8151120,182688.52,2523959.55,"2025-09-17 10:25:23",表水,0.5,總有機碳,TOC,1.10,mg/L,
2075,阿公店水庫一,阿公店水庫,高雄市,燕巢區,120.3442810,22.8151120,182688.52,2523959.55,"2025-09-17 10:25:23",表水,0.5,化學需氧量,COD,4.3,mg/L,
2075,阿公店水庫一,阿公店水庫,高雄市,燕巢區,120.3442810,22.8151120,182688.52,2523959.55,"2025-09-17 10:25:23",表水,0.5,溶氧(電極法),DO,9.2,mg/L,
2075,阿公店水庫一,阿公店水庫,高雄市,燕巢區,120.3442810,22.8151120,182688.52,2523959.55,"2025-09-17 10:25:23",表水,0.5,懸浮固體,SS,7.6,mg/L,
2075,阿公店水庫一,阿公店水庫,高雄市,燕巢區,120.3442810,22.8151120,182688.52,2523959.55,"2025-09-17 10:25:23",表水,0.5,氣溫,TMP,27.6,℃,
2075,阿公店水庫一,阿公店水庫,高雄市,燕巢區,120.3442810,22.8151120,182688.52,2523959.55,"2025-09-17 10:25:23",表水,0.5,採樣深度,SampleDepth,0.5,m,
2075,阿公店水庫一,阿公店水庫,高雄市,燕巢區,120.3442810,22.8151120,182688.52,2523959.55,"2025-09-17 10:25:23",表水,0.5,導電度,EC,378,μmho/cm25℃,
2075,阿公店水庫一,阿公店水庫,高雄市,燕巢區,120.3442810,22.8151120,182688.52,2523959.55,"2025-09-17 10:25:23",表水,0.5,濁度,TB,12,NTU,
2075,阿公店水庫一,阿公店水庫,高雄市,燕巢區,120.3442810,22.8151120,182688.52,2523959.55,"2025-09-17 10:25:23",表水,0.5,酸鹼值,pH,8.44," ",
2075,阿公店水庫一,阿公店水庫,高雄市,燕巢區,120.3442810,22.8151120,182688.52,2523959.55,"2025-09-17 10:25:23",表水,0.5,透明度,SD,0.6,m,
2075,阿公店水庫一,阿公店水庫,高雄市,燕巢區,120.3442810,22.8151120,182688.52,2523959.55,"2025-09-17 10:25:23",表水,0.5,水溫,WT,29.9,℃,
2075,阿公店水庫一,阿公店水庫,高雄市,燕巢區,120.3442810,22.8151120,182688.52,2523959.55,"2025-09-17 10:25:23",表水,0.5,卡爾森指數,CTSI,63,,
2095,翡翠水庫六,翡翠水庫,新北市,石碇區,121.6222770,24.9374720,312845.20,2758995.79,"2025-08-04 10:54:00",表水,0.5,葉綠素a,Chl_a,2.0,μg/L,
2095,翡翠水庫六,翡翠水庫,新北市,石碇區,121.6222770,24.9374720,312845.20,2758995.79,"2025-08-04 10:54:00",表水,0.5,總磷,TP,0.013,mg/L,
2095,翡翠水庫六,翡翠水庫,新北市,石碇區,121.6222770,24.9374720,312845.20,2758995.79,"2025-08-04 10:54:00",表水,0.5,正磷酸鹽,PO4,-,mg/L,
2095,翡翠水庫六,翡翠水庫,新北市,石碇區,121.6222770,24.9374720,312845.20,2758995.79,"2025-08-04 10:54:00",表水,0.5,溶氧飽和度,DOS,-,%,
2095,翡翠水庫六,翡翠水庫,新北市,石碇區,121.6222770,24.9374720,312845.20,2758995.79,"2025-08-04 10:54:00",表水,0.5,溶氧(滴定法),DO2,-,mg/L,
2095,翡翠水庫六,翡翠水庫,新北市,石碇區,121.6222770,24.9374720,312845.20,2758995.79,"2025-08-04 10:54:00",表水,0.5,總鹼度,TAlk,-,mg/L,
2095,翡翠水庫六,翡翠水庫,新北市,石碇區,121.6222770,24.9374720,312845.20,2758995.79,"2025-08-04 10:54:00",表水,0.5,總硬度,TH,-,mg/L,
2095,翡翠水庫六,翡翠水庫,新北市,石碇區,121.6222770,24.9374720,312845.20,2758995.79,"2025-08-04 10:54:00",表水,0.5,總氮,TN,-,mg/L,
2095,翡翠水庫六,翡翠水庫,新北市,石碇區,121.6222770,24.9374720,312845.20,2758995.79,"2025-08-04 10:54:00",表水,0.5,亞硝酸鹽氮,NO2_N,-,mg/L,
2095,翡翠水庫六,翡翠水庫,新北市,石碇區,121.6222770,24.9374720,312845.20,2758995.79,"2025-08-04 10:54:00",表水,0.5,硝酸鹽氮,NO3_N,-,mg/L,
2095,翡翠水庫六,翡翠水庫,新北市,石碇區,121.6222770,24.9374720,312845.20,2758995.79,"2025-08-04 10:54:00",表水,0.5,總凱氏氮,TKN,-,mg/L,
2095,翡翠水庫六,翡翠水庫,新北市,石碇區,121.6222770,24.9374720,312845.20,2758995.79,"2025-08-04 10:54:00",表水,0.5,有機氮,Norg,-,mg/L,
2095,翡翠水庫六,翡翠水庫,新北市,石碇區,121.6222770,24.9374720,312845.20,2758995.79,"2025-08-04 10:54:00",表水,0.5,氨氮,NH3_N,<0.01,mg/L,
2095,翡翠水庫六,翡翠水庫,新北市,石碇區,121.6222770,24.9374720,312845.20,2758995.79,"2025-08-04 10:54:00",表水,0.5,總有機碳,TOC,-,mg/L,
2095,翡翠水庫六,翡翠水庫,新北市,石碇區,121.6222770,24.9374720,312845.20,2758995.79,"2025-08-04 10:54:00",表水,0.5,化學需氧量,COD,6.169,mg/L,
2095,翡翠水庫六,翡翠水庫,新北市,石碇區,121.6222770,24.9374720,312845.20,2758995.79,"2025-08-04 10:54:00",表水,0.5,溶氧(電極法),DO,8.8,mg/L,
2095,翡翠水庫六,翡翠水庫,新北市,石碇區,121.6222770,24.9374720,312845.20,2758995.79,"2025-08-04 10:54:00",表水,0.5,懸浮固體,SS,-,mg/L,
2095,翡翠水庫六,翡翠水庫,新北市,石碇區,121.6222770,24.9374720,312845.20,2758995.79,"2025-08-04 10:54:00",表水,0.5,氣溫,TMP,29.8,℃,
2095,翡翠水庫六,翡翠水庫,新北市,石碇區,121.6222770,24.9374720,312845.20,2758995.79,"2025-08-04 10:54:00",表水,0.5,採樣深度,SampleDepth,0.5,m,
2095,翡翠水庫六,翡翠水庫,新北市,石碇區,121.6222770,24.9374720,312845.20,2758995.79,"2025-08-04 10:54:00",表水,0.5,導電度,EC,77,μmho/cm25℃,
2095,翡翠水庫六,翡翠水庫,新北市,石碇區,121.6222770,24.9374720,312845.20,2758995.79,"2025-08-04 10:54:00",表水,0.5,濁度,TB,0.95,NTU,
2095,翡翠水庫六,翡翠水庫,新北市,石碇區,121.6222770,24.9374720,312845.20,2758995.79,"2025-08-04 10:54:00",表水,0.5,酸鹼值,pH,8.9," ",
2095,翡翠水庫六,翡翠水庫,新北市,石碇區,121.6222770,24.9374720,312845.20,2758995.79,"2025-08-04 10:54:00",表水,0.5,透明度,SD,4.0,m,
2095,翡翠水庫六,翡翠水庫,新北市,石碇區,121.6222770,24.9374720,312845.20,2758995.79,"2025-08-04 10:54:00",表水,0.5,水溫,WT,31.0,℃,
2095,翡翠水庫六,翡翠水庫,新北市,石碇區,121.6222770,24.9374720,312845.20,2758995.79,"2025-08-04 10:54:00",表水,0.5,卡爾森指數,CTSI,40,,
2094,翡翠水庫五,翡翠水庫,新北市,石碇區,121.6335210,24.9267850,313986.30,2757817.29,"2025-08-04 10:44:00",表水,0.5,葉綠素a,Chl_a,2.3,μg/L,
2094,翡翠水庫五,翡翠水庫,新北市,石碇區,121.6335210,24.9267850,313986.30,2757817.29,"2025-08-04 10:44:00",表水,0.5,總磷,TP,0.013,mg/L,
2094,翡翠水庫五,翡翠水庫,新北市,石碇區,121.6335210,24.9267850,313986.30,2757817.29,"2025-08-04 10:44:00",表水,0.5,正磷酸鹽,PO4,-,mg/L,
2094,翡翠水庫五,翡翠水庫,新北市,石碇區,121.6335210,24.9267850,313986.30,2757817.29,"2025-08-04 10:44:00",表水,0.5,溶氧飽和度,DOS,-,%,
2094,翡翠水庫五,翡翠水庫,新北市,石碇區,121.6335210,24.9267850,313986.30,2757817.29,"2025-08-04 10:44:00",表水,0.5,溶氧(滴定法),DO2,-,mg/L,
2094,翡翠水庫五,翡翠水庫,新北市,石碇區,121.6335210,24.9267850,313986.30,2757817.29,"2025-08-04 10:44:00",表水,0.5,總鹼度,TAlk,-,mg/L,
2094,翡翠水庫五,翡翠水庫,新北市,石碇區,121.6335210,24.9267850,313986.30,2757817.29,"2025-08-04 10:44:00",表水,0.5,總硬度,TH,-,mg/L,
2094,翡翠水庫五,翡翠水庫,新北市,石碇區,121.6335210,24.9267850,313986.30,2757817.29,"2025-08-04 10:44:00",表水,0.5,總氮,TN,-,mg/L,
2094,翡翠水庫五,翡翠水庫,新北市,石碇區,121.6335210,24.9267850,313986.30,2757817.29,"2025-08-04 10:44:00",表水,0.5,亞硝酸鹽氮,NO2_N,-,mg/L,
2094,翡翠水庫五,翡翠水庫,新北市,石碇區,121.6335210,24.9267850,313986.30,2757817.29,"2025-08-04 10:44:00",表水,0.5,硝酸鹽氮,NO3_N,-,mg/L,
2094,翡翠水庫五,翡翠水庫,新北市,石碇區,121.6335210,24.9267850,313986.30,2757817.29,"2025-08-04 10:44:00",表水,0.5,總凱氏氮,TKN,-,mg/L,
2094,翡翠水庫五,翡翠水庫,新北市,石碇區,121.6335210,24.9267850,313986.30,2757817.29,"2025-08-04 10:44:00",表水,0.5,有機氮,Norg,-,mg/L,
2094,翡翠水庫五,翡翠水庫,新北市,石碇區,121.6335210,24.9267850,313986.30,2757817.29,"2025-08-04 10:44:00",表水,0.5,氨氮,NH3_N,<0.01,mg/L,
2094,翡翠水庫五,翡翠水庫,新北市,石碇區,121.6335210,24.9267850,313986.30,2757817.29,"2025-08-04 10:44:00",表水,0.5,總有機碳,TOC,-,mg/L,
2094,翡翠水庫五,翡翠水庫,新北市,石碇區,121.6335210,24.9267850,313986.30,2757817.29,"2025-08-04 10:44:00",表水,0.5,化學需氧量,COD,3.781,mg/L,
2094,翡翠水庫五,翡翠水庫,新北市,石碇區,121.6335210,24.9267850,313986.30,2757817.29,"2025-08-04 10:44:00",表水,0.5,溶氧(電極法),DO,8.7,mg/L,
2094,翡翠水庫五,翡翠水庫,新北市,石碇區,121.6335210,24.9267850,313986.30,2757817.29,"2025-08-04 10:44:00",表水,0.5,懸浮固體,SS,-,mg/L,
2094,翡翠水庫五,翡翠水庫,新北市,石碇區,121.6335210,24.9267850,313986.30,2757817.29,"2025-08-04 10:44:00",表水,0.5,氣溫,TMP,29.8,℃,
2094,翡翠水庫五,翡翠水庫,新北市,石碇區,121.6335210,24.9267850,313986.30,2757817.29,"2025-08-04 10:44:00",表水,0.5,採樣深度,SampleDepth,0.5,m,
2094,翡翠水庫五,翡翠水庫,新北市,石碇區,121.6335210,24.9267850,313986.30,2757817.29,"2025-08-04 10:44:00",表水,0.5,導電度,EC,77,μmho/cm25℃,
2094,翡翠水庫五,翡翠水庫,新北市,石碇區,121.6335210,24.9267850,313986.30,2757817.29,"2025-08-04 10:44:00",表水,0.5,濁度,TB,1.2,NTU,
2094,翡翠水庫五,翡翠水庫,新北市,石碇區,121.6335210,24.9267850,313986.30,2757817.29,"2025-08-04 10:44:00",表水,0.5,酸鹼值,pH,8.9," ",
2094,翡翠水庫五,翡翠水庫,新北市,石碇區,121.6335210,24.9267850,313986.30,2757817.29,"2025-08-04 10:44:00",表水,0.5,透明度,SD,4.0,m,
2094,翡翠水庫五,翡翠水庫,新北市,石碇區,121.6335210,24.9267850,313986.30,2757817.29,"2025-08-04 10:44:00",表水,0.5,水溫,WT,31.2,℃,
2094,翡翠水庫五,翡翠水庫,新北市,石碇區,121.6335210,24.9267850,313986.30,2757817.29,"2025-08-04 10:44:00",表水,0.5,卡爾森指數,CTSI,40,,
2093,翡翠水庫四,翡翠水庫,新北市,石碇區,121.6230260,24.9244550,312927.45,2757554.31,"2025-08-04 11:01:00",表水,0.5,葉綠素a,Chl_a,2.0,μg/L,
2093,翡翠水庫四,翡翠水庫,新北市,石碇區,121.6230260,24.9244550,312927.45,2757554.31,"2025-08-04 11:01:00",表水,0.5,總磷,TP,0.014,mg/L,
2093,翡翠水庫四,翡翠水庫,新北市,石碇區,121.6230260,24.9244550,312927.45,2757554.31,"2025-08-04 11:01:00",表水,0.5,正磷酸鹽,PO4,-,mg/L,
2093,翡翠水庫四,翡翠水庫,新北市,石碇區,121.6230260,24.9244550,312927.45,2757554.31,"2025-08-04 11:01:00",表水,0.5,溶氧飽和度,DOS,-,%,
2093,翡翠水庫四,翡翠水庫,新北市,石碇區,121.6230260,24.9244550,312927.45,2757554.31,"2025-08-04 11:01:00",表水,0.5,溶氧(滴定法),DO2,-,mg/L,
2093,翡翠水庫四,翡翠水庫,新北市,石碇區,121.6230260,24.9244550,312927.45,2757554.31,"2025-08-04 11:01:00",表水,0.5,總鹼度,TAlk,-,mg/L,
2093,翡翠水庫四,翡翠水庫,新北市,石碇區,121.6230260,24.9244550,312927.45,2757554.31,"2025-08-04 11:01:00",表水,0.5,總硬度,TH,-,mg/L,
2093,翡翠水庫四,翡翠水庫,新北市,石碇區,121.6230260,24.9244550,312927.45,2757554.31,"2025-08-04 11:01:00",表水,0.5,總氮,TN,-,mg/L,
2093,翡翠水庫四,翡翠水庫,新北市,石碇區,121.6230260,24.9244550,312927.45,2757554.31,"2025-08-04 11:01:00",表水,0.5,亞硝酸鹽氮,NO2_N,-,mg/L,
2093,翡翠水庫四,翡翠水庫,新北市,石碇區,121.6230260,24.9244550,312927.45,2757554.31,"2025-08-04 11:01:00",表水,0.5,硝酸鹽氮,NO3_N,-,mg/L,
2093,翡翠水庫四,翡翠水庫,新北市,石碇區,121.6230260,24.9244550,312927.45,2757554.31,"2025-08-04 11:01:00",表水,0.5,總凱氏氮,TKN,-,mg/L,
2093,翡翠水庫四,翡翠水庫,新北市,石碇區,121.6230260,24.9244550,312927.45,2757554.31,"2025-08-04 11:01:00",表水,0.5,有機氮,Norg,-,mg/L,
2093,翡翠水庫四,翡翠水庫,新北市,石碇區,121.6230260,24.9244550,312927.45,2757554.31,"2025-08-04 11:01:00",表水,0.5,氨氮,NH3_N,0.013,mg/L,
2093,翡翠水庫四,翡翠水庫,新北市,石碇區,121.6230260,24.9244550,312927.45,2757554.31,"2025-08-04 11:01:00",表水,0.5,總有機碳,TOC,-,mg/L,
2093,翡翠水庫四,翡翠水庫,新北市,石碇區,121.6230260,24.9244550,312927.45,2757554.31,"2025-08-04 11:01:00",表水,0.5,化學需氧量,COD,4.875,mg/L,
2093,翡翠水庫四,翡翠水庫,新北市,石碇區,121.6230260,24.9244550,312927.45,2757554.31,"2025-08-04 11:01:00",表水,0.5,溶氧(電極法),DO,8.8,mg/L,
2093,翡翠水庫四,翡翠水庫,新北市,石碇區,121.6230260,24.9244550,312927.45,2757554.31,"2025-08-04 11:01:00",表水,0.5,懸浮固體,SS,-,mg/L,
2093,翡翠水庫四,翡翠水庫,新北市,石碇區,121.6230260,24.9244550,312927.45,2757554.31,"2025-08-04 11:01:00",表水,0.5,氣溫,TMP,29.7,℃,
2093,翡翠水庫四,翡翠水庫,新北市,石碇區,121.6230260,24.9244550,312927.45,2757554.31,"2025-08-04 11:01:00",表水,0.5,採樣深度,SampleDepth,0.5,m,
2093,翡翠水庫四,翡翠水庫,新北市,石碇區,121.6230260,24.9244550,312927.45,2757554.31,"2025-08-04 11:01:00",表水,0.5,導電度,EC,76,μmho/cm25℃,
2093,翡翠水庫四,翡翠水庫,新北市,石碇區,121.6230260,24.9244550,312927.45,2757554.31,"2025-08-04 11:01:00",表水,0.5,濁度,TB,1.0,NTU,
2093,翡翠水庫四,翡翠水庫,新北市,石碇區,121.6230260,24.9244550,312927.45,2757554.31,"2025-08-04 11:01:00",表水,0.5,酸鹼值,pH,8.9," ",
2093,翡翠水庫四,翡翠水庫,新北市,石碇區,121.6230260,24.9244550,312927.45,2757554.31,"2025-08-04 11:01:00",表水,0.5,透明度,SD,4.2,m,
2093,翡翠水庫四,翡翠水庫,新北市,石碇區,121.6230260,24.9244550,312927.45,2757554.31,"2025-08-04 11:01:00",表水,0.5,水溫,WT,30.7,℃,
2093,翡翠水庫四,翡翠水庫,新北市,石碇區,121.6230260,24.9244550,312927.45,2757554.31,"2025-08-04 11:01:00",表水,0.5,卡爾森指數,CTSI,40,,
2092,翡翠水庫三,翡翠水庫,新北市,石碇區,121.6192840,24.9076210,312557.98,2755687.97,"2025-08-04 11:12:00",表水,0.5,葉綠素a,Chl_a,2.0,μg/L,
2092,翡翠水庫三,翡翠水庫,新北市,石碇區,121.6192840,24.9076210,312557.98,2755687.97,"2025-08-04 11:12:00",表水,0.5,總磷,TP,0.013,mg/L,
2092,翡翠水庫三,翡翠水庫,新北市,石碇區,121.6192840,24.9076210,312557.98,2755687.97,"2025-08-04 11:12:00",表水,0.5,正磷酸鹽,PO4,-,mg/L,
2092,翡翠水庫三,翡翠水庫,新北市,石碇區,121.6192840,24.9076210,312557.98,2755687.97,"2025-08-04 11:12:00",表水,0.5,溶氧飽和度,DOS,-,%,
2092,翡翠水庫三,翡翠水庫,新北市,石碇區,121.6192840,24.9076210,312557.98,2755687.97,"2025-08-04 11:12:00",表水,0.5,溶氧(滴定法),DO2,-,mg/L,
2092,翡翠水庫三,翡翠水庫,新北市,石碇區,121.6192840,24.9076210,312557.98,2755687.97,"2025-08-04 11:12:00",表水,0.5,總鹼度,TAlk,-,mg/L,
2092,翡翠水庫三,翡翠水庫,新北市,石碇區,121.6192840,24.9076210,312557.98,2755687.97,"2025-08-04 11:12:00",表水,0.5,總硬度,TH,-,mg/L,
2092,翡翠水庫三,翡翠水庫,新北市,石碇區,121.6192840,24.9076210,312557.98,2755687.97,"2025-08-04 11:12:00",表水,0.5,總氮,TN,-,mg/L,
2092,翡翠水庫三,翡翠水庫,新北市,石碇區,121.6192840,24.9076210,312557.98,2755687.97,"2025-08-04 11:12:00",表水,0.5,亞硝酸鹽氮,NO2_N,-,mg/L,
2092,翡翠水庫三,翡翠水庫,新北市,石碇區,121.6192840,24.9076210,312557.98,2755687.97,"2025-08-04 11:12:00",表水,0.5,硝酸鹽氮,NO3_N,-,mg/L,
2092,翡翠水庫三,翡翠水庫,新北市,石碇區,121.6192840,24.9076210,312557.98,2755687.97,"2025-08-04 11:12:00",表水,0.5,總凱氏氮,TKN,-,mg/L,
2092,翡翠水庫三,翡翠水庫,新北市,石碇區,121.6192840,24.9076210,312557.98,2755687.97,"2025-08-04 11:12:00",表水,0.5,有機氮,Norg,-,mg/L,
2092,翡翠水庫三,翡翠水庫,新北市,石碇區,121.6192840,24.9076210,312557.98,2755687.97,"2025-08-04 11:12:00",表水,0.5,氨氮,NH3_N,<0.01,mg/L,
2092,翡翠水庫三,翡翠水庫,新北市,石碇區,121.6192840,24.9076210,312557.98,2755687.97,"2025-08-04 11:12:00",表水,0.5,總有機碳,TOC,-,mg/L,
2092,翡翠水庫三,翡翠水庫,新北市,石碇區,121.6192840,24.9076210,312557.98,2755687.97,"2025-08-04 11:12:00",表水,0.5,化學需氧量,COD,<3.2,mg/L,
2092,翡翠水庫三,翡翠水庫,新北市,石碇區,121.6192840,24.9076210,312557.98,2755687.97,"2025-08-04 11:12:00",表水,0.5,溶氧(電極法),DO,8.5,mg/L,
2092,翡翠水庫三,翡翠水庫,新北市,石碇區,121.6192840,24.9076210,312557.98,2755687.97,"2025-08-04 11:12:00",表水,0.5,懸浮固體,SS,-,mg/L,
2092,翡翠水庫三,翡翠水庫,新北市,石碇區,121.6192840,24.9076210,312557.98,2755687.97,"2025-08-04 11:12:00",表水,0.5,氣溫,TMP,29.8,℃,
2092,翡翠水庫三,翡翠水庫,新北市,石碇區,121.6192840,24.9076210,312557.98,2755687.97,"2025-08-04 11:12:00",表水,0.5,採樣深度,SampleDepth,0.5,m,
2092,翡翠水庫三,翡翠水庫,新北市,石碇區,121.6192840,24.9076210,312557.98,2755687.97,"2025-08-04 11:12:00",表水,0.5,導電度,EC,76,μmho/cm25℃,
2092,翡翠水庫三,翡翠水庫,新北市,石碇區,121.6192840,24.9076210,312557.98,2755687.97,"2025-08-04 11:12:00",表水,0.5,濁度,TB,0.85,NTU,
2092,翡翠水庫三,翡翠水庫,新北市,石碇區,121.6192840,24.9076210,312557.98,2755687.97,"2025-08-04 11:12:00",表水,0.5,酸鹼值,pH,8.8," ",
2092,翡翠水庫三,翡翠水庫,新北市,石碇區,121.6192840,24.9076210,312557.98,2755687.97,"2025-08-04 11:12:00",表水,0.5,透明度,SD,4.5,m,
2092,翡翠水庫三,翡翠水庫,新北市,石碇區,121.6192840,24.9076210,312557.98,2755687.97,"2025-08-04 11:12:00",表水,0.5,水溫,WT,31.9,℃,
2092,翡翠水庫三,翡翠水庫,新北市,石碇區,121.6192840,24.9076210,312557.98,2755687.97,"2025-08-04 11:12:00",表水,0.5,卡爾森指數,CTSI,39,,
2091,翡翠水庫二,翡翠水庫,新北市,石碇區,121.5972510,24.9038220,310334.08,2755257.22,"2025-08-04 11:29:00",表水,0.5,葉綠素a,Chl_a,1.6,μg/L,
2091,翡翠水庫二,翡翠水庫,新北市,石碇區,121.5972510,24.9038220,310334.08,2755257.22,"2025-08-04 11:29:00",表水,0.5,總磷,TP,0.015,mg/L,
2091,翡翠水庫二,翡翠水庫,新北市,石碇區,121.5972510,24.9038220,310334.08,2755257.22,"2025-08-04 11:29:00",表水,0.5,正磷酸鹽,PO4,-,mg/L,
2091,翡翠水庫二,翡翠水庫,新北市,石碇區,121.5972510,24.9038220,310334.08,2755257.22,"2025-08-04 11:29:00",表水,0.5,溶氧飽和度,DOS,-,%,
2091,翡翠水庫二,翡翠水庫,新北市,石碇區,121.5972510,24.9038220,310334.08,2755257.22,"2025-08-04 11:29:00",表水,0.5,溶氧(滴定法),DO2,-,mg/L,
2091,翡翠水庫二,翡翠水庫,新北市,石碇區,121.5972510,24.9038220,310334.08,2755257.22,"2025-08-04 11:29:00",表水,0.5,總鹼度,TAlk,-,mg/L,
2091,翡翠水庫二,翡翠水庫,新北市,石碇區,121.5972510,24.9038220,310334.08,2755257.22,"2025-08-04 11:29:00",表水,0.5,總硬度,TH,-,mg/L,
2091,翡翠水庫二,翡翠水庫,新北市,石碇區,121.5972510,24.9038220,310334.08,2755257.22,"2025-08-04 11:29:00",表水,0.5,總氮,TN,-,mg/L,
2091,翡翠水庫二,翡翠水庫,新北市,石碇區,121.5972510,24.9038220,310334.08,2755257.22,"2025-08-04 11:29:00",表水,0.5,亞硝酸鹽氮,NO2_N,-,mg/L,
2091,翡翠水庫二,翡翠水庫,新北市,石碇區,121.5972510,24.9038220,310334.08,2755257.22,"2025-08-04 11:29:00",表水,0.5,硝酸鹽氮,NO3_N,-,mg/L,
2091,翡翠水庫二,翡翠水庫,新北市,石碇區,121.5972510,24.9038220,310334.08,2755257.22,"2025-08-04 11:29:00",表水,0.5,總凱氏氮,TKN,-,mg/L,
2091,翡翠水庫二,翡翠水庫,新北市,石碇區,121.5972510,24.9038220,310334.08,2755257.22,"2025-08-04 11:29:00",表水,0.5,有機氮,Norg,-,mg/L,
2091,翡翠水庫二,翡翠水庫,新北市,石碇區,121.5972510,24.9038220,310334.08,2755257.22,"2025-08-04 11:29:00",表水,0.5,氨氮,NH3_N,0.012,mg/L,
2091,翡翠水庫二,翡翠水庫,新北市,石碇區,121.5972510,24.9038220,310334.08,2755257.22,"2025-08-04 11:29:00",表水,0.5,總有機碳,TOC,-,mg/L,
2091,翡翠水庫二,翡翠水庫,新北市,石碇區,121.5972510,24.9038220,310334.08,2755257.22,"2025-08-04 11:29:00",表水,0.5,化學需氧量,COD,3.283,mg/L,
2091,翡翠水庫二,翡翠水庫,新北市,石碇區,121.5972510,24.9038220,310334.08,2755257.22,"2025-08-04 11:29:00",表水,0.5,溶氧(電極法),DO,8.4,mg/L,
2091,翡翠水庫二,翡翠水庫,新北市,石碇區,121.5972510,24.9038220,310334.08,2755257.22,"2025-08-04 11:29:00",表水,0.5,懸浮固體,SS,-,mg/L,
2091,翡翠水庫二,翡翠水庫,新北市,石碇區,121.5972510,24.9038220,310334.08,2755257.22,"2025-08-04 11:29:00",表水,0.5,氣溫,TMP,29.6,℃,
2091,翡翠水庫二,翡翠水庫,新北市,石碇區,121.5972510,24.9038220,310334.08,2755257.22,"2025-08-04 11:29:00",表水,0.5,採樣深度,SampleDepth,0.5,m,
2091,翡翠水庫二,翡翠水庫,新北市,石碇區,121.5972510,24.9038220,310334.08,2755257.22,"2025-08-04 11:29:00",表水,0.5,導電度,EC,77,μmho/cm25℃,
2091,翡翠水庫二,翡翠水庫,新北市,石碇區,121.5972510,24.9038220,310334.08,2755257.22,"2025-08-04 11:29:00",表水,0.5,濁度,TB,0.9,NTU,
2091,翡翠水庫二,翡翠水庫,新北市,石碇區,121.5972510,24.9038220,310334.08,2755257.22,"2025-08-04 11:29:00",表水,0.5,酸鹼值,pH,8.6," ",
2091,翡翠水庫二,翡翠水庫,新北市,石碇區,121.5972510,24.9038220,310334.08,2755257.22,"2025-08-04 11:29:00",表水,0.5,透明度,SD,4.7,m,
2091,翡翠水庫二,翡翠水庫,新北市,石碇區,121.5972510,24.9038220,310334.08,2755257.22,"2025-08-04 11:29:00",表水,0.5,水溫,WT,31.5,℃,
2091,翡翠水庫二,翡翠水庫,新北市,石碇區,121.5972510,24.9038220,310334.08,2755257.22,"2025-08-04 11:29:00",表水,0.5,卡爾森指數,CTSI,39,,
2090,翡翠水庫一,翡翠水庫,新北市,石碇區,121.5836770,24.9108769,308959.444019636,2756032.68398233,"2025-08-04 11:41:00",表水,0.5,葉綠素a,Chl_a,2.1,μg/L,
2090,翡翠水庫一,翡翠水庫,新北市,石碇區,121.5836770,24.9108769,308959.444019636,2756032.68398233,"2025-08-04 11:41:00",表水,0.5,總磷,TP,0.013,mg/L,
2090,翡翠水庫一,翡翠水庫,新北市,石碇區,121.5836770,24.9108769,308959.444019636,2756032.68398233,"2025-08-04 11:41:00",表水,0.5,正磷酸鹽,PO4,-,mg/L,
2090,翡翠水庫一,翡翠水庫,新北市,石碇區,121.5836770,24.9108769,308959.444019636,2756032.68398233,"2025-08-04 11:41:00",表水,0.5,溶氧飽和度,DOS,-,%,
2090,翡翠水庫一,翡翠水庫,新北市,石碇區,121.5836770,24.9108769,308959.444019636,2756032.68398233,"2025-08-04 11:41:00",表水,0.5,溶氧(滴定法),DO2,-,mg/L,
2090,翡翠水庫一,翡翠水庫,新北市,石碇區,121.5836770,24.9108769,308959.444019636,2756032.68398233,"2025-08-04 11:41:00",表水,0.5,總鹼度,TAlk,-,mg/L,
2090,翡翠水庫一,翡翠水庫,新北市,石碇區,121.5836770,24.9108769,308959.444019636,2756032.68398233,"2025-08-04 11:41:00",表水,0.5,總硬度,TH,-,mg/L,
2090,翡翠水庫一,翡翠水庫,新北市,石碇區,121.5836770,24.9108769,308959.444019636,2756032.68398233,"2025-08-04 11:41:00",表水,0.5,總氮,TN,-,mg/L,
2090,翡翠水庫一,翡翠水庫,新北市,石碇區,121.5836770,24.9108769,308959.444019636,2756032.68398233,"2025-08-04 11:41:00",表水,0.5,亞硝酸鹽氮,NO2_N,-,mg/L,
2090,翡翠水庫一,翡翠水庫,新北市,石碇區,121.5836770,24.9108769,308959.444019636,2756032.68398233,"2025-08-04 11:41:00",表水,0.5,硝酸鹽氮,NO3_N,-,mg/L,
2090,翡翠水庫一,翡翠水庫,新北市,石碇區,121.5836770,24.9108769,308959.444019636,2756032.68398233,"2025-08-04 11:41:00",表水,0.5,總凱氏氮,TKN,-,mg/L,
2090,翡翠水庫一,翡翠水庫,新北市,石碇區,121.5836770,24.9108769,308959.444019636,2756032.68398233,"2025-08-04 11:41:00",表水,0.5,有機氮,Norg,-,mg/L,
2090,翡翠水庫一,翡翠水庫,新北市,石碇區,121.5836770,24.9108769,308959.444019636,2756032.68398233,"2025-08-04 11:41:00",表水,0.5,氨氮,NH3_N,<0.01,mg/L,
2090,翡翠水庫一,翡翠水庫,新北市,石碇區,121.5836770,24.9108769,308959.444019636,2756032.68398233,"2025-08-04 11:41:00",表水,0.5,總有機碳,TOC,-,mg/L,
2090,翡翠水庫一,翡翠水庫,新北市,石碇區,121.5836770,24.9108769,308959.444019636,2756032.68398233,"2025-08-04 11:41:00",表水,0.5,化學需氧量,COD,<3.2,mg/L,
2090,翡翠水庫一,翡翠水庫,新北市,石碇區,121.5836770,24.9108769,308959.444019636,2756032.68398233,"2025-08-04 11:41:00",表水,0.5,溶氧(電極法),DO,8.1,mg/L,
2090,翡翠水庫一,翡翠水庫,新北市,石碇區,121.5836770,24.9108769,308959.444019636,2756032.68398233,"2025-08-04 11:41:00",表水,0.5,懸浮固體,SS,-,mg/L,
2090,翡翠水庫一,翡翠水庫,新北市,石碇區,121.5836770,24.9108769,308959.444019636,2756032.68398233,"2025-08-04 11:41:00",表水,0.5,氣溫,TMP,29.7,℃,
2090,翡翠水庫一,翡翠水庫,新北市,石碇區,121.5836770,24.9108769,308959.444019636,2756032.68398233,"2025-08-04 11:41:00",表水,0.5,採樣深度,SampleDepth,0.5,m,
2090,翡翠水庫一,翡翠水庫,新北市,石碇區,121.5836770,24.9108769,308959.444019636,2756032.68398233,"2025-08-04 11:41:00",表水,0.5,導電度,EC,74,μmho/cm25℃,
2090,翡翠水庫一,翡翠水庫,新北市,石碇區,121.5836770,24.9108769,308959.444019636,2756032.68398233,"2025-08-04 11:41:00",表水,0.5,濁度,TB,1.1,NTU,
2090,翡翠水庫一,翡翠水庫,新北市,石碇區,121.5836770,24.9108769,308959.444019636,2756032.68398233,"2025-08-04 11:41:00",表水,0.5,酸鹼值,pH,8.9," ",
2090,翡翠水庫一,翡翠水庫,新北市,石碇區,121.5836770,24.9108769,308959.444019636,2756032.68398233,"2025-08-04 11:41:00",表水,0.5,透明度,SD,4.7,m,
2090,翡翠水庫一,翡翠水庫,新北市,石碇區,121.5836770,24.9108769,308959.444019636,2756032.68398233,"2025-08-04 11:41:00",表水,0.5,水溫,WT,31.4,℃,
2090,翡翠水庫一,翡翠水庫,新北市,石碇區,121.5836770,24.9108769,308959.444019636,2756032.68398233,"2025-08-04 11:41:00",表水,0.5,卡爾森指數,CTSI,39,,
2095,翡翠水庫六,翡翠水庫,新北市,石碇區,121.6222770,24.9374720,312845.20,2758995.79,"2025-07-14 11:00:00",表水,0.5,葉綠素a,Chl_a,2.8,μg/L,
2095,翡翠水庫六,翡翠水庫,新北市,石碇區,121.6222770,24.9374720,312845.20,2758995.79,"2025-07-14 11:00:00",表水,0.5,總磷,TP,0.017,mg/L,
2095,翡翠水庫六,翡翠水庫,新北市,石碇區,121.6222770,24.9374720,312845.20,2758995.79,"2025-07-14 11:00:00",表水,0.5,正磷酸鹽,PO4,-,mg/L,
2095,翡翠水庫六,翡翠水庫,新北市,石碇區,121.6222770,24.9374720,312845.20,2758995.79,"2025-07-14 11:00:00",表水,0.5,溶氧飽和度,DOS,-,%,
2095,翡翠水庫六,翡翠水庫,新北市,石碇區,121.6222770,24.9374720,312845.20,2758995.79,"2025-07-14 11:00:00",表水,0.5,溶氧(滴定法),DO2,-,mg/L,
2095,翡翠水庫六,翡翠水庫,新北市,石碇區,121.6222770,24.9374720,312845.20,2758995.79,"2025-07-14 11:00:00",表水,0.5,總鹼度,TAlk,-,mg/L,
2095,翡翠水庫六,翡翠水庫,新北市,石碇區,121.6222770,24.9374720,312845.20,2758995.79,"2025-07-14 11:00:00",表水,0.5,總硬度,TH,-,mg/L,
2095,翡翠水庫六,翡翠水庫,新北市,石碇區,121.6222770,24.9374720,312845.20,2758995.79,"2025-07-14 11:00:00",表水,0.5,總氮,TN,-,mg/L,
2095,翡翠水庫六,翡翠水庫,新北市,石碇區,121.6222770,24.9374720,312845.20,2758995.79,"2025-07-14 11:00:00",表水,0.5,亞硝酸鹽氮,NO2_N,-,mg/L,
2095,翡翠水庫六,翡翠水庫,新北市,石碇區,121.6222770,24.9374720,312845.20,2758995.79,"2025-07-14 11:00:00",表水,0.5,硝酸鹽氮,NO3_N,-,mg/L,
2095,翡翠水庫六,翡翠水庫,新北市,石碇區,121.6222770,24.9374720,312845.20,2758995.79,"2025-07-14 11:00:00",表水,0.5,總凱氏氮,TKN,-,mg/L,
2095,翡翠水庫六,翡翠水庫,新北市,石碇區,121.6222770,24.9374720,312845.20,2758995.79,"2025-07-14 11:00:00",表水,0.5,有機氮,Norg,-,mg/L,
2095,翡翠水庫六,翡翠水庫,新北市,石碇區,121.6222770,24.9374720,312845.20,2758995.79,"2025-07-14 11:00:00",表水,0.5,氨氮,NH3_N,0.012,mg/L,
2095,翡翠水庫六,翡翠水庫,新北市,石碇區,121.6222770,24.9374720,312845.20,2758995.79,"2025-07-14 11:00:00",表水,0.5,總有機碳,TOC,-,mg/L,
2095,翡翠水庫六,翡翠水庫,新北市,石碇區,121.6222770,24.9374720,312845.20,2758995.79,"2025-07-14 11:00:00",表水,0.5,化學需氧量,COD,3.38,mg/L,
2095,翡翠水庫六,翡翠水庫,新北市,石碇區,121.6222770,24.9374720,312845.20,2758995.79,"2025-07-14 11:00:00",表水,0.5,溶氧(電極法),DO,8.5,mg/L,
2095,翡翠水庫六,翡翠水庫,新北市,石碇區,121.6222770,24.9374720,312845.20,2758995.79,"2025-07-14 11:00:00",表水,0.5,懸浮固體,SS,-,mg/L,
2095,翡翠水庫六,翡翠水庫,新北市,石碇區,121.6222770,24.9374720,312845.20,2758995.79,"2025-07-14 11:00:00",表水,0.5,氣溫,TMP,33.4,℃,
2095,翡翠水庫六,翡翠水庫,新北市,石碇區,121.6222770,24.9374720,312845.20,2758995.79,"2025-07-14 11:00:00",表水,0.5,採樣深度,SampleDepth,0.5,m,
2095,翡翠水庫六,翡翠水庫,新北市,石碇區,121.6222770,24.9374720,312845.20,2758995.79,"2025-07-14 11:00:00",表水,0.5,導電度,EC,77,μmho/cm25℃,
2095,翡翠水庫六,翡翠水庫,新北市,石碇區,121.6222770,24.9374720,312845.20,2758995.79,"2025-07-14 11:00:00",表水,0.5,濁度,TB,0.95,NTU,
2095,翡翠水庫六,翡翠水庫,新北市,石碇區,121.6222770,24.9374720,312845.20,2758995.79,"2025-07-14 11:00:00",表水,0.5,酸鹼值,pH,8.8," ",
2095,翡翠水庫六,翡翠水庫,新北市,石碇區,121.6222770,24.9374720,312845.20,2758995.79,"2025-07-14 11:00:00",表水,0.5,透明度,SD,4.5,m,
2095,翡翠水庫六,翡翠水庫,新北市,石碇區,121.6222770,24.9374720,312845.20,2758995.79,"2025-07-14 11:00:00",表水,0.5,水溫,WT,29.5,℃,
2095,翡翠水庫六,翡翠水庫,新北市,石碇區,121.6222770,24.9374720,312845.20,2758995.79,"2025-07-14 11:00:00",表水,0.5,卡爾森指數,CTSI,41,,
2094,翡翠水庫五,翡翠水庫,新北市,石碇區,121.6335210,24.9267850,313986.30,2757817.29,"2025-07-14 10:41:00",表水,0.5,葉綠素a,Chl_a,3.1,μg/L,
2094,翡翠水庫五,翡翠水庫,新北市,石碇區,121.6335210,24.9267850,313986.30,2757817.29,"2025-07-14 10:41:00",表水,0.5,總磷,TP,0.015,mg/L,
2094,翡翠水庫五,翡翠水庫,新北市,石碇區,121.6335210,24.9267850,313986.30,2757817.29,"2025-07-14 10:41:00",表水,0.5,正磷酸鹽,PO4,-,mg/L,
2094,翡翠水庫五,翡翠水庫,新北市,石碇區,121.6335210,24.9267850,313986.30,2757817.29,"2025-07-14 10:41:00",表水,0.5,溶氧飽和度,DOS,-,%,
2094,翡翠水庫五,翡翠水庫,新北市,石碇區,121.6335210,24.9267850,313986.30,2757817.29,"2025-07-14 10:41:00",表水,0.5,溶氧(滴定法),DO2,-,mg/L,
2094,翡翠水庫五,翡翠水庫,新北市,石碇區,121.6335210,24.9267850,313986.30,2757817.29,"2025-07-14 10:41:00",表水,0.5,總鹼度,TAlk,-,mg/L,
2094,翡翠水庫五,翡翠水庫,新北市,石碇區,121.6335210,24.9267850,313986.30,2757817.29,"2025-07-14 10:41:00",表水,0.5,總硬度,TH,-,mg/L,
2094,翡翠水庫五,翡翠水庫,新北市,石碇區,121.6335210,24.9267850,313986.30,2757817.29,"2025-07-14 10:41:00",表水,0.5,總氮,TN,-,mg/L,
2094,翡翠水庫五,翡翠水庫,新北市,石碇區,121.6335210,24.9267850,313986.30,2757817.29,"2025-07-14 10:41:00",表水,0.5,亞硝酸鹽氮,NO2_N,-,mg/L,
2094,翡翠水庫五,翡翠水庫,新北市,石碇區,121.6335210,24.9267850,313986.30,2757817.29,"2025-07-14 10:41:00",表水,0.5,硝酸鹽氮,NO3_N,-,mg/L,
2094,翡翠水庫五,翡翠水庫,新北市,石碇區,121.6335210,24.9267850,313986.30,2757817.29,"2025-07-14 10:41:00",表水,0.5,總凱氏氮,TKN,-,mg/L,
2094,翡翠水庫五,翡翠水庫,新北市,石碇區,121.6335210,24.9267850,313986.30,2757817.29,"2025-07-14 10:41:00",表水,0.5,有機氮,Norg,-,mg/L,
2094,翡翠水庫五,翡翠水庫,新北市,石碇區,121.6335210,24.9267850,313986.30,2757817.29,"2025-07-14 10:41:00",表水,0.5,氨氮,NH3_N,<0.01,mg/L,
2094,翡翠水庫五,翡翠水庫,新北市,石碇區,121.6335210,24.9267850,313986.30,2757817.29,"2025-07-14 10:41:00",表水,0.5,總有機碳,TOC,-,mg/L,
2094,翡翠水庫五,翡翠水庫,新北市,石碇區,121.6335210,24.9267850,313986.30,2757817.29,"2025-07-14 10:41:00",表水,0.5,化學需氧量,COD,3.578,mg/L,
2094,翡翠水庫五,翡翠水庫,新北市,石碇區,121.6335210,24.9267850,313986.30,2757817.29,"2025-07-14 10:41:00",表水,0.5,溶氧(電極法),DO,8.3,mg/L,
2094,翡翠水庫五,翡翠水庫,新北市,石碇區,121.6335210,24.9267850,313986.30,2757817.29,"2025-07-14 10:41:00",表水,0.5,懸浮固體,SS,-,mg/L,
2094,翡翠水庫五,翡翠水庫,新北市,石碇區,121.6335210,24.9267850,313986.30,2757817.29,"2025-07-14 10:41:00",表水,0.5,氣溫,TMP,33.0,℃,
2094,翡翠水庫五,翡翠水庫,新北市,石碇區,121.6335210,24.9267850,313986.30,2757817.29,"2025-07-14 10:41:00",表水,0.5,採樣深度,SampleDepth,0.5,m,
2094,翡翠水庫五,翡翠水庫,新北市,石碇區,121.6335210,24.9267850,313986.30,2757817.29,"2025-07-14 10:41:00",表水,0.5,導電度,EC,78,μmho/cm25℃,
2094,翡翠水庫五,翡翠水庫,新北市,石碇區,121.6335210,24.9267850,313986.30,2757817.29,"2025-07-14 10:41:00",表水,0.5,濁度,TB,1.4,NTU,
2094,翡翠水庫五,翡翠水庫,新北市,石碇區,121.6335210,24.9267850,313986.30,2757817.29,"2025-07-14 10:41:00",表水,0.5,酸鹼值,pH,8.6," ",
2094,翡翠水庫五,翡翠水庫,新北市,石碇區,121.6335210,24.9267850,313986.30,2757817.29,"2025-07-14 10:41:00",表水,0.5,透明度,SD,4.0,m,
2094,翡翠水庫五,翡翠水庫,新北市,石碇區,121.6335210,24.9267850,313986.30,2757817.29,"2025-07-14 10:41:00",表水,0.5,水溫,WT,29.7,℃,
2094,翡翠水庫五,翡翠水庫,新北市,石碇區,121.6335210,24.9267850,313986.30,2757817.29,"2025-07-14 10:41:00",表水,0.5,卡爾森指數,CTSI,42,,
2093,翡翠水庫四,翡翠水庫,新北市,石碇區,121.6230260,24.9244550,312927.45,2757554.31,"2025-07-14 11:10:00",表水,0.5,葉綠素a,Chl_a,2.2,μg/L,
2093,翡翠水庫四,翡翠水庫,新北市,石碇區,121.6230260,24.9244550,312927.45,2757554.31,"2025-07-14 11:10:00",表水,0.5,總磷,TP,0.014,mg/L,
2093,翡翠水庫四,翡翠水庫,新北市,石碇區,121.6230260,24.9244550,312927.45,2757554.31,"2025-07-14 11:10:00",表水,0.5,正磷酸鹽,PO4,-,mg/L,
2093,翡翠水庫四,翡翠水庫,新北市,石碇區,121.6230260,24.9244550,312927.45,2757554.31,"2025-07-14 11:10:00",表水,0.5,溶氧飽和度,DOS,-,%,
2093,翡翠水庫四,翡翠水庫,新北市,石碇區,121.6230260,24.9244550,312927.45,2757554.31,"2025-07-14 11:10:00",表水,0.5,溶氧(滴定法),DO2,-,mg/L,
2093,翡翠水庫四,翡翠水庫,新北市,石碇區,121.6230260,24.9244550,312927.45,2757554.31,"2025-07-14 11:10:00",表水,0.5,總鹼度,TAlk,-,mg/L,
2093,翡翠水庫四,翡翠水庫,新北市,石碇區,121.6230260,24.9244550,312927.45,2757554.31,"2025-07-14 11:10:00",表水,0.5,總硬度,TH,-,mg/L,
2093,翡翠水庫四,翡翠水庫,新北市,石碇區,121.6230260,24.9244550,312927.45,2757554.31,"2025-07-14 11:10:00",表水,0.5,總氮,TN,-,mg/L,
2093,翡翠水庫四,翡翠水庫,新北市,石碇區,121.6230260,24.9244550,312927.45,2757554.31,"2025-07-14 11:10:00",表水,0.5,亞硝酸鹽氮,NO2_N,-,mg/L,
2093,翡翠水庫四,翡翠水庫,新北市,石碇區,121.6230260,24.9244550,312927.45,2757554.31,"2025-07-14 11:10:00",表水,0.5,硝酸鹽氮,NO3_N,-,mg/L,
2093,翡翠水庫四,翡翠水庫,新北市,石碇區,121.6230260,24.9244550,312927.45,2757554.31,"2025-07-14 11:10:00",表水,0.5,總凱氏氮,TKN,-,mg/L,
2093,翡翠水庫四,翡翠水庫,新北市,石碇區,121.6230260,24.9244550,312927.45,2757554.31,"2025-07-14 11:10:00",表水,0.5,有機氮,Norg,-,mg/L,
2093,翡翠水庫四,翡翠水庫,新北市,石碇區,121.6230260,24.9244550,312927.45,2757554.31,"2025-07-14 11:10:00",表水,0.5,氨氮,NH3_N,0.012,mg/L,
2093,翡翠水庫四,翡翠水庫,新北市,石碇區,121.6230260,24.9244550,312927.45,2757554.31,"2025-07-14 11:10:00",表水,0.5,總有機碳,TOC,-,mg/L,
2093,翡翠水庫四,翡翠水庫,新北市,石碇區,121.6230260,24.9244550,312927.45,2757554.31,"2025-07-14 11:10:00",表水,0.5,化學需氧量,COD,<3.2,mg/L,
2093,翡翠水庫四,翡翠水庫,新北市,石碇區,121.6230260,24.9244550,312927.45,2757554.31,"2025-07-14 11:10:00",表水,0.5,溶氧(電極法),DO,8.2,mg/L,
2093,翡翠水庫四,翡翠水庫,新北市,石碇區,121.6230260,24.9244550,312927.45,2757554.31,"2025-07-14 11:10:00",表水,0.5,懸浮固體,SS,-,mg/L,
2093,翡翠水庫四,翡翠水庫,新北市,石碇區,121.6230260,24.9244550,312927.45,2757554.31,"2025-07-14 11:10:00",表水,0.5,氣溫,TMP,33.6,℃,
2093,翡翠水庫四,翡翠水庫,新北市,石碇區,121.6230260,24.9244550,312927.45,2757554.31,"2025-07-14 11:10:00",表水,0.5,採樣深度,SampleDepth,0.5,m,
2093,翡翠水庫四,翡翠水庫,新北市,石碇區,121.6230260,24.9244550,312927.45,2757554.31,"2025-07-14 11:10:00",表水,0.5,導電度,EC,76,μmho/cm25℃,
2093,翡翠水庫四,翡翠水庫,新北市,石碇區,121.6230260,24.9244550,312927.45,2757554.31,"2025-07-14 11:10:00",表水,0.5,濁度,TB,1.0,NTU,
2093,翡翠水庫四,翡翠水庫,新北市,石碇區,121.6230260,24.9244550,312927.45,2757554.31,"2025-07-14 11:10:00",表水,0.5,酸鹼值,pH,8.9," ",
2093,翡翠水庫四,翡翠水庫,新北市,石碇區,121.6230260,24.9244550,312927.45,2757554.31,"2025-07-14 11:10:00",表水,0.5,透明度,SD,4.5,m,
2093,翡翠水庫四,翡翠水庫,新北市,石碇區,121.6230260,24.9244550,312927.45,2757554.31,"2025-07-14 11:10:00",表水,0.5,水溫,WT,30.0,℃,
2093,翡翠水庫四,翡翠水庫,新北市,石碇區,121.6230260,24.9244550,312927.45,2757554.31,"2025-07-14 11:10:00",表水,0.5,卡爾森指數,CTSI,40,,
2092,翡翠水庫三,翡翠水庫,新北市,石碇區,121.6192840,24.9076210,312557.98,2755687.97,"2025-07-14 11:23:00",表水,0.5,葉綠素a,Chl_a,2.0,μg/L,
2092,翡翠水庫三,翡翠水庫,新北市,石碇區,121.6192840,24.9076210,312557.98,2755687.97,"2025-07-14 11:23:00",表水,0.5,總磷,TP,0.016,mg/L,
2092,翡翠水庫三,翡翠水庫,新北市,石碇區,121.6192840,24.9076210,312557.98,2755687.97,"2025-07-14 11:23:00",表水,0.5,正磷酸鹽,PO4,-,mg/L,
2092,翡翠水庫三,翡翠水庫,新北市,石碇區,121.6192840,24.9076210,312557.98,2755687.97,"2025-07-14 11:23:00",表水,0.5,溶氧飽和度,DOS,-,%,
2092,翡翠水庫三,翡翠水庫,新北市,石碇區,121.6192840,24.9076210,312557.98,2755687.97,"2025-07-14 11:23:00",表水,0.5,溶氧(滴定法),DO2,-,mg/L,
2092,翡翠水庫三,翡翠水庫,新北市,石碇區,121.6192840,24.9076210,312557.98,2755687.97,"2025-07-14 11:23:00",表水,0.5,總鹼度,TAlk,-,mg/L,
2092,翡翠水庫三,翡翠水庫,新北市,石碇區,121.6192840,24.9076210,312557.98,2755687.97,"2025-07-14 11:23:00",表水,0.5,總硬度,TH,-,mg/L,
2092,翡翠水庫三,翡翠水庫,新北市,石碇區,121.6192840,24.9076210,312557.98,2755687.97,"2025-07-14 11:23:00",表水,0.5,總氮,TN,-,mg/L,
2092,翡翠水庫三,翡翠水庫,新北市,石碇區,121.6192840,24.9076210,312557.98,2755687.97,"2025-07-14 11:23:00",表水,0.5,亞硝酸鹽氮,NO2_N,-,mg/L,
2092,翡翠水庫三,翡翠水庫,新北市,石碇區,121.6192840,24.9076210,312557.98,2755687.97,"2025-07-14 11:23:00",表水,0.5,硝酸鹽氮,NO3_N,-,mg/L,
2092,翡翠水庫三,翡翠水庫,新北市,石碇區,121.6192840,24.9076210,312557.98,2755687.97,"2025-07-14 11:23:00",表水,0.5,總凱氏氮,TKN,-,mg/L,
2092,翡翠水庫三,翡翠水庫,新北市,石碇區,121.6192840,24.9076210,312557.98,2755687.97,"2025-07-14 11:23:00",表水,0.5,有機氮,Norg,-,mg/L,
2092,翡翠水庫三,翡翠水庫,新北市,石碇區,121.6192840,24.9076210,312557.98,2755687.97,"2025-07-14 11:23:00",表水,0.5,氨氮,NH3_N,0.0116,mg/L,
2092,翡翠水庫三,翡翠水庫,新北市,石碇區,121.6192840,24.9076210,312557.98,2755687.97,"2025-07-14 11:23:00",表水,0.5,總有機碳,TOC,-,mg/L,
2092,翡翠水庫三,翡翠水庫,新北市,石碇區,121.6192840,24.9076210,312557.98,2755687.97,"2025-07-14 11:23:00",表水,0.5,化學需氧量,COD,3.38,mg/L,
2092,翡翠水庫三,翡翠水庫,新北市,石碇區,121.6192840,24.9076210,312557.98,2755687.97,"2025-07-14 11:23:00",表水,0.5,溶氧(電極法),DO,8.2,mg/L,
2092,翡翠水庫三,翡翠水庫,新北市,石碇區,121.6192840,24.9076210,312557.98,2755687.97,"2025-07-14 11:23:00",表水,0.5,懸浮固體,SS,-,mg/L,
2092,翡翠水庫三,翡翠水庫,新北市,石碇區,121.6192840,24.9076210,312557.98,2755687.97,"2025-07-14 11:23:00",表水,0.5,氣溫,TMP,33.6,℃,
2092,翡翠水庫三,翡翠水庫,新北市,石碇區,121.6192840,24.9076210,312557.98,2755687.97,"2025-07-14 11:23:00",表水,0.5,採樣深度,SampleDepth,0.5,m,
2092,翡翠水庫三,翡翠水庫,新北市,石碇區,121.6192840,24.9076210,312557.98,2755687.97,"2025-07-14 11:23:00",表水,0.5,導電度,EC,76,μmho/cm25℃,
2092,翡翠水庫三,翡翠水庫,新北市,石碇區,121.6192840,24.9076210,312557.98,2755687.97,"2025-07-14 11:23:00",表水,0.5,濁度,TB,1.2,NTU,
2092,翡翠水庫三,翡翠水庫,新北市,石碇區,121.6192840,24.9076210,312557.98,2755687.97,"2025-07-14 11:23:00",表水,0.5,酸鹼值,pH,8.8," ",
2092,翡翠水庫三,翡翠水庫,新北市,石碇區,121.6192840,24.9076210,312557.98,2755687.97,"2025-07-14 11:23:00",表水,0.5,透明度,SD,4.5,m,
2092,翡翠水庫三,翡翠水庫,新北市,石碇區,121.6192840,24.9076210,312557.98,2755687.97,"2025-07-14 11:23:00",表水,0.5,水溫,WT,30.2,℃,
2092,翡翠水庫三,翡翠水庫,新北市,石碇區,121.6192840,24.9076210,312557.98,2755687.97,"2025-07-14 11:23:00",表水,0.5,卡爾森指數,CTSI,40,,
2091,翡翠水庫二,翡翠水庫,新北市,石碇區,121.5972510,24.9038220,310334.08,2755257.22,"2025-07-14 11:40:00",表水,0.5,葉綠素a,Chl_a,1.7,μg/L,
2091,翡翠水庫二,翡翠水庫,新北市,石碇區,121.5972510,24.9038220,310334.08,2755257.22,"2025-07-14 11:40:00",表水,0.5,總磷,TP,0.014,mg/L,
2091,翡翠水庫二,翡翠水庫,新北市,石碇區,121.5972510,24.9038220,310334.08,2755257.22,"2025-07-14 11:40:00",表水,0.5,正磷酸鹽,PO4,-,mg/L,
2091,翡翠水庫二,翡翠水庫,新北市,石碇區,121.5972510,24.9038220,310334.08,2755257.22,"2025-07-14 11:40:00",表水,0.5,溶氧飽和度,DOS,-,%,
2091,翡翠水庫二,翡翠水庫,新北市,石碇區,121.5972510,24.9038220,310334.08,2755257.22,"2025-07-14 11:40:00",表水,0.5,溶氧(滴定法),DO2,-,mg/L,
2091,翡翠水庫二,翡翠水庫,新北市,石碇區,121.5972510,24.9038220,310334.08,2755257.22,"2025-07-14 11:40:00",表水,0.5,總鹼度,TAlk,-,mg/L,
2091,翡翠水庫二,翡翠水庫,新北市,石碇區,121.5972510,24.9038220,310334.08,2755257.22,"2025-07-14 11:40:00",表水,0.5,總硬度,TH,-,mg/L,
2091,翡翠水庫二,翡翠水庫,新北市,石碇區,121.5972510,24.9038220,310334.08,2755257.22,"2025-07-14 11:40:00",表水,0.5,總氮,TN,-,mg/L,
2091,翡翠水庫二,翡翠水庫,新北市,石碇區,121.5972510,24.9038220,310334.08,2755257.22,"2025-07-14 11:40:00",表水,0.5,亞硝酸鹽氮,NO2_N,-,mg/L,
2091,翡翠水庫二,翡翠水庫,新北市,石碇區,121.5972510,24.9038220,310334.08,2755257.22,"2025-07-14 11:40:00",表水,0.5,硝酸鹽氮,NO3_N,-,mg/L,
2091,翡翠水庫二,翡翠水庫,新北市,石碇區,121.5972510,24.9038220,310334.08,2755257.22,"2025-07-14 11:40:00",表水,0.5,總凱氏氮,TKN,-,mg/L,
2091,翡翠水庫二,翡翠水庫,新北市,石碇區,121.5972510,24.9038220,310334.08,2755257.22,"2025-07-14 11:40:00",表水,0.5,有機氮,Norg,-,mg/L,
2091,翡翠水庫二,翡翠水庫,新北市,石碇區,121.5972510,24.9038220,310334.08,2755257.22,"2025-07-14 11:40:00",表水,0.5,氨氮,NH3_N,<0.01,mg/L,
2091,翡翠水庫二,翡翠水庫,新北市,石碇區,121.5972510,24.9038220,310334.08,2755257.22,"2025-07-14 11:40:00",表水,0.5,總有機碳,TOC,-,mg/L,
2091,翡翠水庫二,翡翠水庫,新北市,石碇區,121.5972510,24.9038220,310334.08,2755257.22,"2025-07-14 11:40:00",表水,0.5,化學需氧量,COD,<3.2,mg/L,
2091,翡翠水庫二,翡翠水庫,新北市,石碇區,121.5972510,24.9038220,310334.08,2755257.22,"2025-07-14 11:40:00",表水,0.5,溶氧(電極法),DO,8.3,mg/L,
2091,翡翠水庫二,翡翠水庫,新北市,石碇區,121.5972510,24.9038220,310334.08,2755257.22,"2025-07-14 11:40:00",表水,0.5,懸浮固體,SS,-,mg/L,
2091,翡翠水庫二,翡翠水庫,新北市,石碇區,121.5972510,24.9038220,310334.08,2755257.22,"2025-07-14 11:40:00",表水,0.5,氣溫,TMP,33.0,℃,
2091,翡翠水庫二,翡翠水庫,新北市,石碇區,121.5972510,24.9038220,310334.08,2755257.22,"2025-07-14 11:40:00",表水,0.5,採樣深度,SampleDepth,0.5,m,
2091,翡翠水庫二,翡翠水庫,新北市,石碇區,121.5972510,24.9038220,310334.08,2755257.22,"2025-07-14 11:40:00",表水,0.5,導電度,EC,73,μmho/cm25℃,
2091,翡翠水庫二,翡翠水庫,新北市,石碇區,121.5972510,24.9038220,310334.08,2755257.22,"2025-07-14 11:40:00",表水,0.5,濁度,TB,1.00,NTU,
2091,翡翠水庫二,翡翠水庫,新北市,石碇區,121.5972510,24.9038220,310334.08,2755257.22,"2025-07-14 11:40:00",表水,0.5,酸鹼值,pH,8.9," ",
2091,翡翠水庫二,翡翠水庫,新北市,石碇區,121.5972510,24.9038220,310334.08,2755257.22,"2025-07-14 11:40:00",表水,0.5,透明度,SD,5.2,m,
2091,翡翠水庫二,翡翠水庫,新北市,石碇區,121.5972510,24.9038220,310334.08,2755257.22,"2025-07-14 11:40:00",表水,0.5,水溫,WT,30.3,℃,
2091,翡翠水庫二,翡翠水庫,新北市,石碇區,121.5972510,24.9038220,310334.08,2755257.22,"2025-07-14 11:40:00",表水,0.5,卡爾森指數,CTSI,38,,
2090,翡翠水庫一,翡翠水庫,新北市,石碇區,121.5836770,24.9108769,308959.444019636,2756032.68398233,"2025-07-14 12:05:00",表水,0.5,葉綠素a,Chl_a,2.2,μg/L,
2090,翡翠水庫一,翡翠水庫,新北市,石碇區,121.5836770,24.9108769,308959.444019636,2756032.68398233,"2025-07-14 12:05:00",表水,0.5,總磷,TP,0.014,mg/L,
2090,翡翠水庫一,翡翠水庫,新北市,石碇區,121.5836770,24.9108769,308959.444019636,2756032.68398233,"2025-07-14 12:05:00",表水,0.5,正磷酸鹽,PO4,-,mg/L,
2090,翡翠水庫一,翡翠水庫,新北市,石碇區,121.5836770,24.9108769,308959.444019636,2756032.68398233,"2025-07-14 12:05:00",表水,0.5,溶氧飽和度,DOS,-,%,
2090,翡翠水庫一,翡翠水庫,新北市,石碇區,121.5836770,24.9108769,308959.444019636,2756032.68398233,"2025-07-14 12:05:00",表水,0.5,溶氧(滴定法),DO2,-,mg/L,
2090,翡翠水庫一,翡翠水庫,新北市,石碇區,121.5836770,24.9108769,308959.444019636,2756032.68398233,"2025-07-14 12:05:00",表水,0.5,總鹼度,TAlk,-,mg/L,
2090,翡翠水庫一,翡翠水庫,新北市,石碇區,121.5836770,24.9108769,308959.444019636,2756032.68398233,"2025-07-14 12:05:00",表水,0.5,總硬度,TH,-,mg/L,
2090,翡翠水庫一,翡翠水庫,新北市,石碇區,121.5836770,24.9108769,308959.444019636,2756032.68398233,"2025-07-14 12:05:00",表水,0.5,總氮,TN,-,mg/L,
2090,翡翠水庫一,翡翠水庫,新北市,石碇區,121.5836770,24.9108769,308959.444019636,2756032.68398233,"2025-07-14 12:05:00",表水,0.5,亞硝酸鹽氮,NO2_N,-,mg/L,
2090,翡翠水庫一,翡翠水庫,新北市,石碇區,121.5836770,24.9108769,308959.444019636,2756032.68398233,"2025-07-14 12:05:00",表水,0.5,硝酸鹽氮,NO3_N,-,mg/L,
2090,翡翠水庫一,翡翠水庫,新北市,石碇區,121.5836770,24.9108769,308959.444019636,2756032.68398233,"2025-07-14 12:05:00",表水,0.5,總凱氏氮,TKN,-,mg/L,
2090,翡翠水庫一,翡翠水庫,新北市,石碇區,121.5836770,24.9108769,308959.444019636,2756032.68398233,"2025-07-14 12:05:00",表水,0.5,有機氮,Norg,-,mg/L,
2090,翡翠水庫一,翡翠水庫,新北市,石碇區,121.5836770,24.9108769,308959.444019636,2756032.68398233,"2025-07-14 12:05:00",表水,0.5,氨氮,NH3_N,<0.01,mg/L,
2090,翡翠水庫一,翡翠水庫,新北市,石碇區,121.5836770,24.9108769,308959.444019636,2756032.68398233,"2025-07-14 12:05:00",表水,0.5,總有機碳,TOC,-,mg/L,
2090,翡翠水庫一,翡翠水庫,新北市,石碇區,121.5836770,24.9108769,308959.444019636,2756032.68398233,"2025-07-14 12:05:00",表水,0.5,化學需氧量,COD,<3.2,mg/L,
2090,翡翠水庫一,翡翠水庫,新北市,石碇區,121.5836770,24.9108769,308959.444019636,2756032.68398233,"2025-07-14 12:05:00",表水,0.5,溶氧(電極法),DO,8.3,mg/L,
2090,翡翠水庫一,翡翠水庫,新北市,石碇區,121.5836770,24.9108769,308959.444019636,2756032.68398233,"2025-07-14 12:05:00",表水,0.5,懸浮固體,SS,-,mg/L,
2090,翡翠水庫一,翡翠水庫,新北市,石碇區,121.5836770,24.9108769,308959.444019636,2756032.68398233,"2025-07-14 12:05:00",表水,0.5,氣溫,TMP,32.3,℃,
2090,翡翠水庫一,翡翠水庫,新北市,石碇區,121.5836770,24.9108769,308959.444019636,2756032.68398233,"2025-07-14 12:05:00",表水,0.5,採樣深度,SampleDepth,0.5,m,
2090,翡翠水庫一,翡翠水庫,新北市,石碇區,121.5836770,24.9108769,308959.444019636,2756032.68398233,"2025-07-14 12:05:00",表水,0.5,導電度,EC,72,μmho/cm25℃,
2090,翡翠水庫一,翡翠水庫,新北市,石碇區,121.5836770,24.9108769,308959.444019636,2756032.68398233,"2025-07-14 12:05:00",表水,0.5,濁度,TB,1.1,NTU,
2090,翡翠水庫一,翡翠水庫,新北市,石碇區,121.5836770,24.9108769,308959.444019636,2756032.68398233,"2025-07-14 12:05:00",表水,0.5,酸鹼值,pH,8.9," ",
2090,翡翠水庫一,翡翠水庫,新北市,石碇區,121.5836770,24.9108769,308959.444019636,2756032.68398233,"2025-07-14 12:05:00",表水,0.5,透明度,SD,5.2,m,
2090,翡翠水庫一,翡翠水庫,新北市,石碇區,121.5836770,24.9108769,308959.444019636,2756032.68398233,"2025-07-14 12:05:00",表水,0.5,水溫,WT,30.0,℃,
2090,翡翠水庫一,翡翠水庫,新北市,石碇區,121.5836770,24.9108769,308959.444019636,2756032.68398233,"2025-07-14 12:05:00",表水,0.5,卡爾森指數,CTSI,39,,
2095,翡翠水庫六,翡翠水庫,新北市,石碇區,121.6222770,24.9374720,312845.20,2758995.79,"2025-06-02 10:47:00",表水,0.5,葉綠素a,Chl_a,1.3,μg/L,
2095,翡翠水庫六,翡翠水庫,新北市,石碇區,121.6222770,24.9374720,312845.20,2758995.79,"2025-06-02 10:47:00",表水,0.5,總磷,TP,0.01,mg/L,
2095,翡翠水庫六,翡翠水庫,新北市,石碇區,121.6222770,24.9374720,312845.20,2758995.79,"2025-06-02 10:47:00",表水,0.5,正磷酸鹽,PO4,-,mg/L,
2095,翡翠水庫六,翡翠水庫,新北市,石碇區,121.6222770,24.9374720,312845.20,2758995.79,"2025-06-02 10:47:00",表水,0.5,溶氧飽和度,DOS,-,%,
2095,翡翠水庫六,翡翠水庫,新北市,石碇區,121.6222770,24.9374720,312845.20,2758995.79,"2025-06-02 10:47:00",表水,0.5,溶氧(滴定法),DO2,-,mg/L,
2095,翡翠水庫六,翡翠水庫,新北市,石碇區,121.6222770,24.9374720,312845.20,2758995.79,"2025-06-02 10:47:00",表水,0.5,總鹼度,TAlk,-,mg/L,
2095,翡翠水庫六,翡翠水庫,新北市,石碇區,121.6222770,24.9374720,312845.20,2758995.79,"2025-06-02 10:47:00",表水,0.5,總硬度,TH,-,mg/L,
2095,翡翠水庫六,翡翠水庫,新北市,石碇區,121.6222770,24.9374720,312845.20,2758995.79,"2025-06-02 10:47:00",表水,0.5,總氮,TN,-,mg/L,
2095,翡翠水庫六,翡翠水庫,新北市,石碇區,121.6222770,24.9374720,312845.20,2758995.79,"2025-06-02 10:47:00",表水,0.5,亞硝酸鹽氮,NO2_N,-,mg/L,
2095,翡翠水庫六,翡翠水庫,新北市,石碇區,121.6222770,24.9374720,312845.20,2758995.79,"2025-06-02 10:47:00",表水,0.5,硝酸鹽氮,NO3_N,-,mg/L,
2095,翡翠水庫六,翡翠水庫,新北市,石碇區,121.6222770,24.9374720,312845.20,2758995.79,"2025-06-02 10:47:00",表水,0.5,總凱氏氮,TKN,-,mg/L,
2095,翡翠水庫六,翡翠水庫,新北市,石碇區,121.6222770,24.9374720,312845.20,2758995.79,"2025-06-02 10:47:00",表水,0.5,有機氮,Norg,-,mg/L,
2095,翡翠水庫六,翡翠水庫,新北市,石碇區,121.6222770,24.9374720,312845.20,2758995.79,"2025-06-02 10:47:00",表水,0.5,氨氮,NH3_N,<0.01,mg/L,
2095,翡翠水庫六,翡翠水庫,新北市,石碇區,121.6222770,24.9374720,312845.20,2758995.79,"2025-06-02 10:47:00",表水,0.5,總有機碳,TOC,-,mg/L,
2095,翡翠水庫六,翡翠水庫,新北市,石碇區,121.6222770,24.9374720,312845.20,2758995.79,"2025-06-02 10:47:00",表水,0.5,化學需氧量,COD,<3.2,mg/L,
2095,翡翠水庫六,翡翠水庫,新北市,石碇區,121.6222770,24.9374720,312845.20,2758995.79,"2025-06-02 10:47:00",表水,0.5,溶氧(電極法),DO,10.2,mg/L,
2095,翡翠水庫六,翡翠水庫,新北市,石碇區,121.6222770,24.9374720,312845.20,2758995.79,"2025-06-02 10:47:00",表水,0.5,懸浮固體,SS,-,mg/L,
2095,翡翠水庫六,翡翠水庫,新北市,石碇區,121.6222770,24.9374720,312845.20,2758995.79,"2025-06-02 10:47:00",表水,0.5,氣溫,TMP,31.5,℃,
2095,翡翠水庫六,翡翠水庫,新北市,石碇區,121.6222770,24.9374720,312845.20,2758995.79,"2025-06-02 10:47:00",表水,0.5,採樣深度,SampleDepth,0.5,m,
2095,翡翠水庫六,翡翠水庫,新北市,石碇區,121.6222770,24.9374720,312845.20,2758995.79,"2025-06-02 10:47:00",表水,0.5,導電度,EC,77,μmho/cm25℃,
2095,翡翠水庫六,翡翠水庫,新北市,石碇區,121.6222770,24.9374720,312845.20,2758995.79,"2025-06-02 10:47:00",表水,0.5,濁度,TB,0.9,NTU,
2095,翡翠水庫六,翡翠水庫,新北市,石碇區,121.6222770,24.9374720,312845.20,2758995.79,"2025-06-02 10:47:00",表水,0.5,酸鹼值,pH,8.7," ",
2095,翡翠水庫六,翡翠水庫,新北市,石碇區,121.6222770,24.9374720,312845.20,2758995.79,"2025-06-02 10:47:00",表水,0.5,透明度,SD,5.0,m,
2095,翡翠水庫六,翡翠水庫,新北市,石碇區,121.6222770,24.9374720,312845.20,2758995.79,"2025-06-02 10:47:00",表水,0.5,水溫,WT,28.2,℃,
2095,翡翠水庫六,翡翠水庫,新北市,石碇區,121.6222770,24.9374720,312845.20,2758995.79,"2025-06-02 10:47:00",表水,0.5,卡爾森指數,CTSI,36,,
2094,翡翠水庫五,翡翠水庫,新北市,石碇區,121.6335210,24.9267850,313986.30,2757817.29,"2025-06-02 10:35:00",表水,0.5,葉綠素a,Chl_a,1.8,μg/L,
2094,翡翠水庫五,翡翠水庫,新北市,石碇區,121.6335210,24.9267850,313986.30,2757817.29,"2025-06-02 10:35:00",表水,0.5,總磷,TP,0.01,mg/L,
2094,翡翠水庫五,翡翠水庫,新北市,石碇區,121.6335210,24.9267850,313986.30,2757817.29,"2025-06-02 10:35:00",表水,0.5,正磷酸鹽,PO4,-,mg/L,
2094,翡翠水庫五,翡翠水庫,新北市,石碇區,121.6335210,24.9267850,313986.30,2757817.29,"2025-06-02 10:35:00",表水,0.5,溶氧飽和度,DOS,-,%,
2094,翡翠水庫五,翡翠水庫,新北市,石碇區,121.6335210,24.9267850,313986.30,2757817.29,"2025-06-02 10:35:00",表水,0.5,溶氧(滴定法),DO2,-,mg/L,
2094,翡翠水庫五,翡翠水庫,新北市,石碇區,121.6335210,24.9267850,313986.30,2757817.29,"2025-06-02 10:35:00",表水,0.5,總鹼度,TAlk,-,mg/L,
2094,翡翠水庫五,翡翠水庫,新北市,石碇區,121.6335210,24.9267850,313986.30,2757817.29,"2025-06-02 10:35:00",表水,0.5,總硬度,TH,-,mg/L,
2094,翡翠水庫五,翡翠水庫,新北市,石碇區,121.6335210,24.9267850,313986.30,2757817.29,"2025-06-02 10:35:00",表水,0.5,總氮,TN,-,mg/L,
2094,翡翠水庫五,翡翠水庫,新北市,石碇區,121.6335210,24.9267850,313986.30,2757817.29,"2025-06-02 10:35:00",表水,0.5,亞硝酸鹽氮,NO2_N,-,mg/L,
2094,翡翠水庫五,翡翠水庫,新北市,石碇區,121.6335210,24.9267850,313986.30,2757817.29,"2025-06-02 10:35:00",表水,0.5,硝酸鹽氮,NO3_N,-,mg/L,
2094,翡翠水庫五,翡翠水庫,新北市,石碇區,121.6335210,24.9267850,313986.30,2757817.29,"2025-06-02 10:35:00",表水,0.5,總凱氏氮,TKN,-,mg/L,
2094,翡翠水庫五,翡翠水庫,新北市,石碇區,121.6335210,24.9267850,313986.30,2757817.29,"2025-06-02 10:35:00",表水,0.5,有機氮,Norg,-,mg/L,
2094,翡翠水庫五,翡翠水庫,新北市,石碇區,121.6335210,24.9267850,313986.30,2757817.29,"2025-06-02 10:35:00",表水,0.5,氨氮,NH3_N,<0.01,mg/L,
2094,翡翠水庫五,翡翠水庫,新北市,石碇區,121.6335210,24.9267850,313986.30,2757817.29,"2025-06-02 10:35:00",表水,0.5,總有機碳,TOC,-,mg/L,
2094,翡翠水庫五,翡翠水庫,新北市,石碇區,121.6335210,24.9267850,313986.30,2757817.29,"2025-06-02 10:35:00",表水,0.5,化學需氧量,COD,<3.2,mg/L,
2094,翡翠水庫五,翡翠水庫,新北市,石碇區,121.6335210,24.9267850,313986.30,2757817.29,"2025-06-02 10:35:00",表水,0.5,溶氧(電極法),DO,10.4,mg/L,
2094,翡翠水庫五,翡翠水庫,新北市,石碇區,121.6335210,24.9267850,313986.30,2757817.29,"2025-06-02 10:35:00",表水,0.5,懸浮固體,SS,-,mg/L,
2094,翡翠水庫五,翡翠水庫,新北市,石碇區,121.6335210,24.9267850,313986.30,2757817.29,"2025-06-02 10:35:00",表水,0.5,氣溫,TMP,31.5,℃,
2094,翡翠水庫五,翡翠水庫,新北市,石碇區,121.6335210,24.9267850,313986.30,2757817.29,"2025-06-02 10:35:00",表水,0.5,採樣深度,SampleDepth,0.5,m,
2094,翡翠水庫五,翡翠水庫,新北市,石碇區,121.6335210,24.9267850,313986.30,2757817.29,"2025-06-02 10:35:00",表水,0.5,導電度,EC,80,μmho/cm25℃,
2094,翡翠水庫五,翡翠水庫,新北市,石碇區,121.6335210,24.9267850,313986.30,2757817.29,"2025-06-02 10:35:00",表水,0.5,濁度,TB,1.6,NTU,
2094,翡翠水庫五,翡翠水庫,新北市,石碇區,121.6335210,24.9267850,313986.30,2757817.29,"2025-06-02 10:35:00",表水,0.5,酸鹼值,pH,8.7," ",
2094,翡翠水庫五,翡翠水庫,新北市,石碇區,121.6335210,24.9267850,313986.30,2757817.29,"2025-06-02 10:35:00",表水,0.5,透明度,SD,4.6,m,
2094,翡翠水庫五,翡翠水庫,新北市,石碇區,121.6335210,24.9267850,313986.30,2757817.29,"2025-06-02 10:35:00",表水,0.5,水溫,WT,28.5,℃,
2094,翡翠水庫五,翡翠水庫,新北市,石碇區,121.6335210,24.9267850,313986.30,2757817.29,"2025-06-02 10:35:00",表水,0.5,卡爾森指數,CTSI,37,,
2093,翡翠水庫四,翡翠水庫,新北市,石碇區,121.6230260,24.9244550,312927.45,2757554.31,"2025-06-02 10:56:00",表水,0.5,葉綠素a,Chl_a,1.1,μg/L,
2093,翡翠水庫四,翡翠水庫,新北市,石碇區,121.6230260,24.9244550,312927.45,2757554.31,"2025-06-02 10:56:00",表水,0.5,總磷,TP,0.011,mg/L,
2093,翡翠水庫四,翡翠水庫,新北市,石碇區,121.6230260,24.9244550,312927.45,2757554.31,"2025-06-02 10:56:00",表水,0.5,正磷酸鹽,PO4,-,mg/L,
2093,翡翠水庫四,翡翠水庫,新北市,石碇區,121.6230260,24.9244550,312927.45,2757554.31,"2025-06-02 10:56:00",表水,0.5,溶氧飽和度,DOS,-,%,
2093,翡翠水庫四,翡翠水庫,新北市,石碇區,121.6230260,24.9244550,312927.45,2757554.31,"2025-06-02 10:56:00",表水,0.5,溶氧(滴定法),DO2,-,mg/L,
2093,翡翠水庫四,翡翠水庫,新北市,石碇區,121.6230260,24.9244550,312927.45,2757554.31,"2025-06-02 10:56:00",表水,0.5,總鹼度,TAlk,-,mg/L,
2093,翡翠水庫四,翡翠水庫,新北市,石碇區,121.6230260,24.9244550,312927.45,2757554.31,"2025-06-02 10:56:00",表水,0.5,總硬度,TH,-,mg/L,
2093,翡翠水庫四,翡翠水庫,新北市,石碇區,121.6230260,24.9244550,312927.45,2757554.31,"2025-06-02 10:56:00",表水,0.5,總氮,TN,-,mg/L,
2093,翡翠水庫四,翡翠水庫,新北市,石碇區,121.6230260,24.9244550,312927.45,2757554.31,"2025-06-02 10:56:00",表水,0.5,亞硝酸鹽氮,NO2_N,-,mg/L,
2093,翡翠水庫四,翡翠水庫,新北市,石碇區,121.6230260,24.9244550,312927.45,2757554.31,"2025-06-02 10:56:00",表水,0.5,硝酸鹽氮,NO3_N,-,mg/L,
2093,翡翠水庫四,翡翠水庫,新北市,石碇區,121.6230260,24.9244550,312927.45,2757554.31,"2025-06-02 10:56:00",表水,0.5,總凱氏氮,TKN,-,mg/L,
2093,翡翠水庫四,翡翠水庫,新北市,石碇區,121.6230260,24.9244550,312927.45,2757554.31,"2025-06-02 10:56:00",表水,0.5,有機氮,Norg,-,mg/L,
2093,翡翠水庫四,翡翠水庫,新北市,石碇區,121.6230260,24.9244550,312927.45,2757554.31,"2025-06-02 10:56:00",表水,0.5,氨氮,NH3_N,0.0137,mg/L,
2093,翡翠水庫四,翡翠水庫,新北市,石碇區,121.6230260,24.9244550,312927.45,2757554.31,"2025-06-02 10:56:00",表水,0.5,總有機碳,TOC,-,mg/L,
2093,翡翠水庫四,翡翠水庫,新北市,石碇區,121.6230260,24.9244550,312927.45,2757554.31,"2025-06-02 10:56:00",表水,0.5,化學需氧量,COD,3.285,mg/L,
2093,翡翠水庫四,翡翠水庫,新北市,石碇區,121.6230260,24.9244550,312927.45,2757554.31,"2025-06-02 10:56:00",表水,0.5,溶氧(電極法),DO,10.1,mg/L,
2093,翡翠水庫四,翡翠水庫,新北市,石碇區,121.6230260,24.9244550,312927.45,2757554.31,"2025-06-02 10:56:00",表水,0.5,懸浮固體,SS,-,mg/L,
2093,翡翠水庫四,翡翠水庫,新北市,石碇區,121.6230260,24.9244550,312927.45,2757554.31,"2025-06-02 10:56:00",表水,0.5,氣溫,TMP,31.5,℃,
2093,翡翠水庫四,翡翠水庫,新北市,石碇區,121.6230260,24.9244550,312927.45,2757554.31,"2025-06-02 10:56:00",表水,0.5,採樣深度,SampleDepth,0.5,m,
2093,翡翠水庫四,翡翠水庫,新北市,石碇區,121.6230260,24.9244550,312927.45,2757554.31,"2025-06-02 10:56:00",表水,0.5,導電度,EC,73,μmho/cm25℃,
2093,翡翠水庫四,翡翠水庫,新北市,石碇區,121.6230260,24.9244550,312927.45,2757554.31,"2025-06-02 10:56:00",表水,0.5,濁度,TB,1.1,NTU,
2093,翡翠水庫四,翡翠水庫,新北市,石碇區,121.6230260,24.9244550,312927.45,2757554.31,"2025-06-02 10:56:00",表水,0.5,酸鹼值,pH,8.6," ",
2093,翡翠水庫四,翡翠水庫,新北市,石碇區,121.6230260,24.9244550,312927.45,2757554.31,"2025-06-02 10:56:00",表水,0.5,透明度,SD,5.1,m,
2093,翡翠水庫四,翡翠水庫,新北市,石碇區,121.6230260,24.9244550,312927.45,2757554.31,"2025-06-02 10:56:00",表水,0.5,水溫,WT,28.6,℃,
2093,翡翠水庫四,翡翠水庫,新北市,石碇區,121.6230260,24.9244550,312927.45,2757554.31,"2025-06-02 10:56:00",表水,0.5,卡爾森指數,CTSI,36,,
2092,翡翠水庫三,翡翠水庫,新北市,石碇區,121.6192840,24.9076210,312557.98,2755687.97,"2025-06-02 11:08:00",表水,0.5,葉綠素a,Chl_a,0.8,μg/L,
2092,翡翠水庫三,翡翠水庫,新北市,石碇區,121.6192840,24.9076210,312557.98,2755687.97,"2025-06-02 11:08:00",表水,0.5,總磷,TP,0.01,mg/L,
2092,翡翠水庫三,翡翠水庫,新北市,石碇區,121.6192840,24.9076210,312557.98,2755687.97,"2025-06-02 11:08:00",表水,0.5,正磷酸鹽,PO4,-,mg/L,
2092,翡翠水庫三,翡翠水庫,新北市,石碇區,121.6192840,24.9076210,312557.98,2755687.97,"2025-06-02 11:08:00",表水,0.5,溶氧飽和度,DOS,-,%,
2092,翡翠水庫三,翡翠水庫,新北市,石碇區,121.6192840,24.9076210,312557.98,2755687.97,"2025-06-02 11:08:00",表水,0.5,溶氧(滴定法),DO2,-,mg/L,
2092,翡翠水庫三,翡翠水庫,新北市,石碇區,121.6192840,24.9076210,312557.98,2755687.97,"2025-06-02 11:08:00",表水,0.5,總鹼度,TAlk,-,mg/L,
2092,翡翠水庫三,翡翠水庫,新北市,石碇區,121.6192840,24.9076210,312557.98,2755687.97,"2025-06-02 11:08:00",表水,0.5,總硬度,TH,-,mg/L,
2092,翡翠水庫三,翡翠水庫,新北市,石碇區,121.6192840,24.9076210,312557.98,2755687.97,"2025-06-02 11:08:00",表水,0.5,總氮,TN,-,mg/L,
2092,翡翠水庫三,翡翠水庫,新北市,石碇區,121.6192840,24.9076210,312557.98,2755687.97,"2025-06-02 11:08:00",表水,0.5,亞硝酸鹽氮,NO2_N,-,mg/L,
2092,翡翠水庫三,翡翠水庫,新北市,石碇區,121.6192840,24.9076210,312557.98,2755687.97,"2025-06-02 11:08:00",表水,0.5,硝酸鹽氮,NO3_N,-,mg/L,
2092,翡翠水庫三,翡翠水庫,新北市,石碇區,121.6192840,24.9076210,312557.98,2755687.97,"2025-06-02 11:08:00",表水,0.5,總凱氏氮,TKN,-,mg/L,
2092,翡翠水庫三,翡翠水庫,新北市,石碇區,121.6192840,24.9076210,312557.98,2755687.97,"2025-06-02 11:08:00",表水,0.5,有機氮,Norg,-,mg/L,
2092,翡翠水庫三,翡翠水庫,新北市,石碇區,121.6192840,24.9076210,312557.98,2755687.97,"2025-06-02 11:08:00",表水,0.5,氨氮,NH3_N,0.27,mg/L,
2092,翡翠水庫三,翡翠水庫,新北市,石碇區,121.6192840,24.9076210,312557.98,2755687.97,"2025-06-02 11:08:00",表水,0.5,總有機碳,TOC,-,mg/L,
2092,翡翠水庫三,翡翠水庫,新北市,石碇區,121.6192840,24.9076210,312557.98,2755687.97,"2025-06-02 11:08:00",表水,0.5,化學需氧量,COD,3.683,mg/L,
2092,翡翠水庫三,翡翠水庫,新北市,石碇區,121.6192840,24.9076210,312557.98,2755687.97,"2025-06-02 11:08:00",表水,0.5,溶氧(電極法),DO,10.0,mg/L,
2092,翡翠水庫三,翡翠水庫,新北市,石碇區,121.6192840,24.9076210,312557.98,2755687.97,"2025-06-02 11:08:00",表水,0.5,懸浮固體,SS,-,mg/L,
2092,翡翠水庫三,翡翠水庫,新北市,石碇區,121.6192840,24.9076210,312557.98,2755687.97,"2025-06-02 11:08:00",表水,0.5,氣溫,TMP,31.5,℃,
2092,翡翠水庫三,翡翠水庫,新北市,石碇區,121.6192840,24.9076210,312557.98,2755687.97,"2025-06-02 11:08:00",表水,0.5,採樣深度,SampleDepth,0.5,m,
2092,翡翠水庫三,翡翠水庫,新北市,石碇區,121.6192840,24.9076210,312557.98,2755687.97,"2025-06-02 11:08:00",表水,0.5,導電度,EC,76,μmho/cm25℃,
2092,翡翠水庫三,翡翠水庫,新北市,石碇區,121.6192840,24.9076210,312557.98,2755687.97,"2025-06-02 11:08:00",表水,0.5,濁度,TB,1.1,NTU,
2092,翡翠水庫三,翡翠水庫,新北市,石碇區,121.6192840,24.9076210,312557.98,2755687.97,"2025-06-02 11:08:00",表水,0.5,酸鹼值,pH,8.5," ",
2092,翡翠水庫三,翡翠水庫,新北市,石碇區,121.6192840,24.9076210,312557.98,2755687.97,"2025-06-02 11:08:00",表水,0.5,透明度,SD,5.4,m,
2092,翡翠水庫三,翡翠水庫,新北市,石碇區,121.6192840,24.9076210,312557.98,2755687.97,"2025-06-02 11:08:00",表水,0.5,水溫,WT,29.8,℃,
2092,翡翠水庫三,翡翠水庫,新北市,石碇區,121.6192840,24.9076210,312557.98,2755687.97,"2025-06-02 11:08:00",表水,0.5,卡爾森指數,CTSI,34,,
2091,翡翠水庫二,翡翠水庫,新北市,石碇區,121.5972510,24.9038220,310334.08,2755257.22,"2025-06-02 11:26:00",表水,0.5,葉綠素a,Chl_a,0.8,μg/L,
2091,翡翠水庫二,翡翠水庫,新北市,石碇區,121.5972510,24.9038220,310334.08,2755257.22,"2025-06-02 11:26:00",表水,0.5,總磷,TP,0.01,mg/L,
2091,翡翠水庫二,翡翠水庫,新北市,石碇區,121.5972510,24.9038220,310334.08,2755257.22,"2025-06-02 11:26:00",表水,0.5,正磷酸鹽,PO4,-,mg/L,
2091,翡翠水庫二,翡翠水庫,新北市,石碇區,121.5972510,24.9038220,310334.08,2755257.22,"2025-06-02 11:26:00",表水,0.5,溶氧飽和度,DOS,-,%,
2091,翡翠水庫二,翡翠水庫,新北市,石碇區,121.5972510,24.9038220,310334.08,2755257.22,"2025-06-02 11:26:00",表水,0.5,溶氧(滴定法),DO2,-,mg/L,
2091,翡翠水庫二,翡翠水庫,新北市,石碇區,121.5972510,24.9038220,310334.08,2755257.22,"2025-06-02 11:26:00",表水,0.5,總鹼度,TAlk,-,mg/L,
2091,翡翠水庫二,翡翠水庫,新北市,石碇區,121.5972510,24.9038220,310334.08,2755257.22,"2025-06-02 11:26:00",表水,0.5,總硬度,TH,-,mg/L,
2091,翡翠水庫二,翡翠水庫,新北市,石碇區,121.5972510,24.9038220,310334.08,2755257.22,"2025-06-02 11:26:00",表水,0.5,總氮,TN,-,mg/L,
2091,翡翠水庫二,翡翠水庫,新北市,石碇區,121.5972510,24.9038220,310334.08,2755257.22,"2025-06-02 11:26:00",表水,0.5,亞硝酸鹽氮,NO2_N,-,mg/L,
2091,翡翠水庫二,翡翠水庫,新北市,石碇區,121.5972510,24.9038220,310334.08,2755257.22,"2025-06-02 11:26:00",表水,0.5,硝酸鹽氮,NO3_N,-,mg/L,
2091,翡翠水庫二,翡翠水庫,新北市,石碇區,121.5972510,24.9038220,310334.08,2755257.22,"2025-06-02 11:26:00",表水,0.5,總凱氏氮,TKN,-,mg/L,
2091,翡翠水庫二,翡翠水庫,新北市,石碇區,121.5972510,24.9038220,310334.08,2755257.22,"2025-06-02 11:26:00",表水,0.5,有機氮,Norg,-,mg/L,
2091,翡翠水庫二,翡翠水庫,新北市,石碇區,121.5972510,24.9038220,310334.08,2755257.22,"2025-06-02 11:26:00",表水,0.5,氨氮,NH3_N,<0.01,mg/L,
2091,翡翠水庫二,翡翠水庫,新北市,石碇區,121.5972510,24.9038220,310334.08,2755257.22,"2025-06-02 11:26:00",表水,0.5,總有機碳,TOC,-,mg/L,
2091,翡翠水庫二,翡翠水庫,新北市,石碇區,121.5972510,24.9038220,310334.08,2755257.22,"2025-06-02 11:26:00",表水,0.5,化學需氧量,COD,<3.2,mg/L,
2091,翡翠水庫二,翡翠水庫,新北市,石碇區,121.5972510,24.9038220,310334.08,2755257.22,"2025-06-02 11:26:00",表水,0.5,溶氧(電極法),DO,10.0,mg/L,
2091,翡翠水庫二,翡翠水庫,新北市,石碇區,121.5972510,24.9038220,310334.08,2755257.22,"2025-06-02 11:26:00",表水,0.5,懸浮固體,SS,-,mg/L,
2091,翡翠水庫二,翡翠水庫,新北市,石碇區,121.5972510,24.9038220,310334.08,2755257.22,"2025-06-02 11:26:00",表水,0.5,氣溫,TMP,31.5,℃,
2091,翡翠水庫二,翡翠水庫,新北市,石碇區,121.5972510,24.9038220,310334.08,2755257.22,"2025-06-02 11:26:00",表水,0.5,採樣深度,SampleDepth,0.5,m,
2091,翡翠水庫二,翡翠水庫,新北市,石碇區,121.5972510,24.9038220,310334.08,2755257.22,"2025-06-02 11:26:00",表水,0.5,導電度,EC,72,μmho/cm25℃,
2091,翡翠水庫二,翡翠水庫,新北市,石碇區,121.5972510,24.9038220,310334.08,2755257.22,"2025-06-02 11:26:00",表水,0.5,濁度,TB,1.6,NTU,
2091,翡翠水庫二,翡翠水庫,新北市,石碇區,121.5972510,24.9038220,310334.08,2755257.22,"2025-06-02 11:26:00",表水,0.5,酸鹼值,pH,8.4," ",
2091,翡翠水庫二,翡翠水庫,新北市,石碇區,121.5972510,24.9038220,310334.08,2755257.22,"2025-06-02 11:26:00",表水,0.5,透明度,SD,5.5,m,
2091,翡翠水庫二,翡翠水庫,新北市,石碇區,121.5972510,24.9038220,310334.08,2755257.22,"2025-06-02 11:26:00",表水,0.5,水溫,WT,29.1,℃,
2091,翡翠水庫二,翡翠水庫,新北市,石碇區,121.5972510,24.9038220,310334.08,2755257.22,"2025-06-02 11:26:00",表水,0.5,卡爾森指數,CTSI,34,,
2090,翡翠水庫一,翡翠水庫,新北市,石碇區,121.5836770,24.9108769,308959.444019636,2756032.68398233,"2025-06-02 11:39:00",表水,0.5,葉綠素a,Chl_a,0.8,μg/L,
2090,翡翠水庫一,翡翠水庫,新北市,石碇區,121.5836770,24.9108769,308959.444019636,2756032.68398233,"2025-06-02 11:39:00",表水,0.5,總磷,TP,0.007,mg/L,
2090,翡翠水庫一,翡翠水庫,新北市,石碇區,121.5836770,24.9108769,308959.444019636,2756032.68398233,"2025-06-02 11:39:00",表水,0.5,正磷酸鹽,PO4,-,mg/L,
2090,翡翠水庫一,翡翠水庫,新北市,石碇區,121.5836770,24.9108769,308959.444019636,2756032.68398233,"2025-06-02 11:39:00",表水,0.5,溶氧飽和度,DOS,-,%,
2090,翡翠水庫一,翡翠水庫,新北市,石碇區,121.5836770,24.9108769,308959.444019636,2756032.68398233,"2025-06-02 11:39:00",表水,0.5,溶氧(滴定法),DO2,-,mg/L,
2090,翡翠水庫一,翡翠水庫,新北市,石碇區,121.5836770,24.9108769,308959.444019636,2756032.68398233,"2025-06-02 11:39:00",表水,0.5,總鹼度,TAlk,-,mg/L,
2090,翡翠水庫一,翡翠水庫,新北市,石碇區,121.5836770,24.9108769,308959.444019636,2756032.68398233,"2025-06-02 11:39:00",表水,0.5,總硬度,TH,-,mg/L,
2090,翡翠水庫一,翡翠水庫,新北市,石碇區,121.5836770,24.9108769,308959.444019636,2756032.68398233,"2025-06-02 11:39:00",表水,0.5,總氮,TN,-,mg/L,
2090,翡翠水庫一,翡翠水庫,新北市,石碇區,121.5836770,24.9108769,308959.444019636,2756032.68398233,"2025-06-02 11:39:00",表水,0.5,亞硝酸鹽氮,NO2_N,-,mg/L,
2090,翡翠水庫一,翡翠水庫,新北市,石碇區,121.5836770,24.9108769,308959.444019636,2756032.68398233,"2025-06-02 11:39:00",表水,0.5,硝酸鹽氮,NO3_N,-,mg/L,
2090,翡翠水庫一,翡翠水庫,新北市,石碇區,121.5836770,24.9108769,308959.444019636,2756032.68398233,"2025-06-02 11:39:00",表水,0.5,總凱氏氮,TKN,-,mg/L,
2090,翡翠水庫一,翡翠水庫,新北市,石碇區,121.5836770,24.9108769,308959.444019636,2756032.68398233,"2025-06-02 11:39:00",表水,0.5,有機氮,Norg,-,mg/L,
2090,翡翠水庫一,翡翠水庫,新北市,石碇區,121.5836770,24.9108769,308959.444019636,2756032.68398233,"2025-06-02 11:39:00",表水,0.5,氨氮,NH3_N,0.0405,mg/L,
2090,翡翠水庫一,翡翠水庫,新北市,石碇區,121.5836770,24.9108769,308959.444019636,2756032.68398233,"2025-06-02 11:39:00",表水,0.5,總有機碳,TOC,-,mg/L,
2090,翡翠水庫一,翡翠水庫,新北市,石碇區,121.5836770,24.9108769,308959.444019636,2756032.68398233,"2025-06-02 11:39:00",表水,0.5,化學需氧量,COD,3.683,mg/L,
2090,翡翠水庫一,翡翠水庫,新北市,石碇區,121.5836770,24.9108769,308959.444019636,2756032.68398233,"2025-06-02 11:39:00",表水,0.5,溶氧(電極法),DO,9.6,mg/L,
2090,翡翠水庫一,翡翠水庫,新北市,石碇區,121.5836770,24.9108769,308959.444019636,2756032.68398233,"2025-06-02 11:39:00",表水,0.5,懸浮固體,SS,-,mg/L,
2090,翡翠水庫一,翡翠水庫,新北市,石碇區,121.5836770,24.9108769,308959.444019636,2756032.68398233,"2025-06-02 11:39:00",表水,0.5,氣溫,TMP,31.6,℃,
2090,翡翠水庫一,翡翠水庫,新北市,石碇區,121.5836770,24.9108769,308959.444019636,2756032.68398233,"2025-06-02 11:39:00",表水,0.5,採樣深度,SampleDepth,0.5,m,
2090,翡翠水庫一,翡翠水庫,新北市,石碇區,121.5836770,24.9108769,308959.444019636,2756032.68398233,"2025-06-02 11:39:00",表水,0.5,導電度,EC,75,μmho/cm25℃,
2090,翡翠水庫一,翡翠水庫,新北市,石碇區,121.5836770,24.9108769,308959.444019636,2756032.68398233,"2025-06-02 11:39:00",表水,0.5,濁度,TB,1.2,NTU,
2090,翡翠水庫一,翡翠水庫,新北市,石碇區,121.5836770,24.9108769,308959.444019636,2756032.68398233,"2025-06-02 11:39:00",表水,0.5,酸鹼值,pH,8.2," ",
2090,翡翠水庫一,翡翠水庫,新北市,石碇區,121.5836770,24.9108769,308959.444019636,2756032.68398233,"2025-06-02 11:39:00",表水,0.5,透明度,SD,5.0,m,
2090,翡翠水庫一,翡翠水庫,新北市,石碇區,121.5836770,24.9108769,308959.444019636,2756032.68398233,"2025-06-02 11:39:00",表水,0.5,水溫,WT,30.4,℃,
2090,翡翠水庫一,翡翠水庫,新北市,石碇區,121.5836770,24.9108769,308959.444019636,2756032.68398233,"2025-06-02 11:39:00",表水,0.5,卡爾森指數,CTSI,32,,
2181,澄清湖水庫一,澄清湖水庫,高雄市,,120.3545556,22.6544722,183665.82,2506166.57,"2025-02-26 10:53:00",表水,0.5,葉綠素a,Chl_a,3.4,μg/L,
2181,澄清湖水庫一,澄清湖水庫,高雄市,,120.3545556,22.6544722,183665.82,2506166.57,"2025-02-26 10:53:00",表水,0.5,總磷,TP,0.048,mg/L,
2181,澄清湖水庫一,澄清湖水庫,高雄市,,120.3545556,22.6544722,183665.82,2506166.57,"2025-02-26 10:53:00",表水,0.5,正磷酸鹽,PO4,-,mg/L,
2181,澄清湖水庫一,澄清湖水庫,高雄市,,120.3545556,22.6544722,183665.82,2506166.57,"2025-02-26 10:53:00",表水,0.5,溶氧飽和度,DOS,103.0,%,
2181,澄清湖水庫一,澄清湖水庫,高雄市,,120.3545556,22.6544722,183665.82,2506166.57,"2025-02-26 10:53:00",表水,0.5,溶氧(滴定法),DO2,-,mg/L,
2181,澄清湖水庫一,澄清湖水庫,高雄市,,120.3545556,22.6544722,183665.82,2506166.57,"2025-02-26 10:53:00",表水,0.5,總鹼度,TAlk,-,mg/L,
2181,澄清湖水庫一,澄清湖水庫,高雄市,,120.3545556,22.6544722,183665.82,2506166.57,"2025-02-26 10:53:00",表水,0.5,總硬度,TH,-,mg/L,
2181,澄清湖水庫一,澄清湖水庫,高雄市,,120.3545556,22.6544722,183665.82,2506166.57,"2025-02-26 10:53:00",表水,0.5,總氮,TN,0.55,mg/L,
2181,澄清湖水庫一,澄清湖水庫,高雄市,,120.3545556,22.6544722,183665.82,2506166.57,"2025-02-26 10:53:00",表水,0.5,亞硝酸鹽氮,NO2_N,-,mg/L,
2181,澄清湖水庫一,澄清湖水庫,高雄市,,120.3545556,22.6544722,183665.82,2506166.57,"2025-02-26 10:53:00",表水,0.5,硝酸鹽氮,NO3_N,-,mg/L,
2181,澄清湖水庫一,澄清湖水庫,高雄市,,120.3545556,22.6544722,183665.82,2506166.57,"2025-02-26 10:53:00",表水,0.5,總凱氏氮,TKN,-,mg/L,
2181,澄清湖水庫一,澄清湖水庫,高雄市,,120.3545556,22.6544722,183665.82,2506166.57,"2025-02-26 10:53:00",表水,0.5,有機氮,Norg,-,mg/L,
2181,澄清湖水庫一,澄清湖水庫,高雄市,,120.3545556,22.6544722,183665.82,2506166.57,"2025-02-26 10:53:00",表水,0.5,氨氮,NH3_N,0.03,mg/L,
2181,澄清湖水庫一,澄清湖水庫,高雄市,,120.3545556,22.6544722,183665.82,2506166.57,"2025-02-26 10:53:00",表水,0.5,總有機碳,TOC,0.66,mg/L,
2181,澄清湖水庫一,澄清湖水庫,高雄市,,120.3545556,22.6544722,183665.82,2506166.57,"2025-02-26 10:53:00",表水,0.5,化學需氧量,COD,<4.0,mg/L,
2181,澄清湖水庫一,澄清湖水庫,高雄市,,120.3545556,22.6544722,183665.82,2506166.57,"2025-02-26 10:53:00",表水,0.5,溶氧(電極法),DO,9.0,mg/L,
2181,澄清湖水庫一,澄清湖水庫,高雄市,,120.3545556,22.6544722,183665.82,2506166.57,"2025-02-26 10:53:00",表水,0.5,懸浮固體,SS,16.2,mg/L,
2181,澄清湖水庫一,澄清湖水庫,高雄市,,120.3545556,22.6544722,183665.82,2506166.57,"2025-02-26 10:53:00",表水,0.5,氣溫,TMP,27.7,℃,
2181,澄清湖水庫一,澄清湖水庫,高雄市,,120.3545556,22.6544722,183665.82,2506166.57,"2025-02-26 10:53:00",表水,0.5,採樣深度,SampleDepth,0.5,m,
2181,澄清湖水庫一,澄清湖水庫,高雄市,,120.3545556,22.6544722,183665.82,2506166.57,"2025-02-26 10:53:00",表水,0.5,導電度,EC,554,μmho/cm25℃,
2181,澄清湖水庫一,澄清湖水庫,高雄市,,120.3545556,22.6544722,183665.82,2506166.57,"2025-02-26 10:53:00",表水,0.5,濁度,TB,17,NTU,
2181,澄清湖水庫一,澄清湖水庫,高雄市,,120.3545556,22.6544722,183665.82,2506166.57,"2025-02-26 10:53:00",表水,0.5,酸鹼值,pH,8.38," ",
2181,澄清湖水庫一,澄清湖水庫,高雄市,,120.3545556,22.6544722,183665.82,2506166.57,"2025-02-26 10:53:00",表水,0.5,透明度,SD,0.5,m,
2181,澄清湖水庫一,澄清湖水庫,高雄市,,120.3545556,22.6544722,183665.82,2506166.57,"2025-02-26 10:53:00",表水,0.5,水溫,WT,22.7,℃,
2181,澄清湖水庫一,澄清湖水庫,高雄市,,120.3545556,22.6544722,183665.82,2506166.57,"2025-02-26 10:53:00",表水,0.5,卡爾森指數,CTSI,58,,
2095,翡翠水庫六,翡翠水庫,新北市,,121.6222770,24.9374720,312845.20,2758995.79,"2025-02-03 10:59:00",表水,0.5,葉綠素a,Chl_a,1.2,μg/L,
2095,翡翠水庫六,翡翠水庫,新北市,,121.6222770,24.9374720,312845.20,2758995.79,"2025-02-03 10:59:00",表水,0.5,總磷,TP,0.008,mg/L,
2095,翡翠水庫六,翡翠水庫,新北市,,121.6222770,24.9374720,312845.20,2758995.79,"2025-02-03 10:59:00",表水,0.5,正磷酸鹽,PO4,-,mg/L,
2095,翡翠水庫六,翡翠水庫,新北市,,121.6222770,24.9374720,312845.20,2758995.79,"2025-02-03 10:59:00",表水,0.5,溶氧飽和度,DOS,-,%,
2095,翡翠水庫六,翡翠水庫,新北市,,121.6222770,24.9374720,312845.20,2758995.79,"2025-02-03 10:59:00",表水,0.5,溶氧(滴定法),DO2,-,mg/L,
2095,翡翠水庫六,翡翠水庫,新北市,,121.6222770,24.9374720,312845.20,2758995.79,"2025-02-03 10:59:00",表水,0.5,總鹼度,TAlk,-,mg/L,
2095,翡翠水庫六,翡翠水庫,新北市,,121.6222770,24.9374720,312845.20,2758995.79,"2025-02-03 10:59:00",表水,0.5,總硬度,TH,-,mg/L,
2095,翡翠水庫六,翡翠水庫,新北市,,121.6222770,24.9374720,312845.20,2758995.79,"2025-02-03 10:59:00",表水,0.5,總氮,TN,-,mg/L,
2095,翡翠水庫六,翡翠水庫,新北市,,121.6222770,24.9374720,312845.20,2758995.79,"2025-02-03 10:59:00",表水,0.5,亞硝酸鹽氮,NO2_N,-,mg/L,
2095,翡翠水庫六,翡翠水庫,新北市,,121.6222770,24.9374720,312845.20,2758995.79,"2025-02-03 10:59:00",表水,0.5,硝酸鹽氮,NO3_N,-,mg/L,
2095,翡翠水庫六,翡翠水庫,新北市,,121.6222770,24.9374720,312845.20,2758995.79,"2025-02-03 10:59:00",表水,0.5,總凱氏氮,TKN,-,mg/L,
2095,翡翠水庫六,翡翠水庫,新北市,,121.6222770,24.9374720,312845.20,2758995.79,"2025-02-03 10:59:00",表水,0.5,有機氮,Norg,-,mg/L,
2095,翡翠水庫六,翡翠水庫,新北市,,121.6222770,24.9374720,312845.20,2758995.79,"2025-02-03 10:59:00",表水,0.5,氨氮,NH3_N,0.0179,mg/L,
2095,翡翠水庫六,翡翠水庫,新北市,,121.6222770,24.9374720,312845.20,2758995.79,"2025-02-03 10:59:00",表水,0.5,總有機碳,TOC,-,mg/L,
2095,翡翠水庫六,翡翠水庫,新北市,,121.6222770,24.9374720,312845.20,2758995.79,"2025-02-03 10:59:00",表水,0.5,化學需氧量,COD,<3.2,mg/L,
2095,翡翠水庫六,翡翠水庫,新北市,,121.6222770,24.9374720,312845.20,2758995.79,"2025-02-03 10:59:00",表水,0.5,溶氧(電極法),DO,7.9,mg/L,
2095,翡翠水庫六,翡翠水庫,新北市,,121.6222770,24.9374720,312845.20,2758995.79,"2025-02-03 10:59:00",表水,0.5,懸浮固體,SS,-,mg/L,
2095,翡翠水庫六,翡翠水庫,新北市,,121.6222770,24.9374720,312845.20,2758995.79,"2025-02-03 10:59:00",表水,0.5,氣溫,TMP,15.4,℃,
2095,翡翠水庫六,翡翠水庫,新北市,,121.6222770,24.9374720,312845.20,2758995.79,"2025-02-03 10:59:00",表水,0.5,採樣深度,SampleDepth,0.5,m,
2095,翡翠水庫六,翡翠水庫,新北市,,121.6222770,24.9374720,312845.20,2758995.79,"2025-02-03 10:59:00",表水,0.5,導電度,EC,69,μmho/cm25℃,
2095,翡翠水庫六,翡翠水庫,新北市,,121.6222770,24.9374720,312845.20,2758995.79,"2025-02-03 10:59:00",表水,0.5,濁度,TB,0.5,NTU,
2095,翡翠水庫六,翡翠水庫,新北市,,121.6222770,24.9374720,312845.20,2758995.79,"2025-02-03 10:59:00",表水,0.5,酸鹼值,pH,7.2," ",
2095,翡翠水庫六,翡翠水庫,新北市,,121.6222770,24.9374720,312845.20,2758995.79,"2025-02-03 10:59:00",表水,0.5,透明度,SD,7,m,
2095,翡翠水庫六,翡翠水庫,新北市,,121.6222770,24.9374720,312845.20,2758995.79,"2025-02-03 10:59:00",表水,0.5,水溫,WT,18.1,℃,
2095,翡翠水庫六,翡翠水庫,新北市,,121.6222770,24.9374720,312845.20,2758995.79,"2025-02-03 10:59:00",表水,0.5,卡爾森指數,CTSI,33,,
2094,翡翠水庫五,翡翠水庫,新北市,,121.6335210,24.9267850,313986.30,2757817.29,"2025-02-03 10:45:00",表水,0.5,葉綠素a,Chl_a,1.2,μg/L,
2094,翡翠水庫五,翡翠水庫,新北市,,121.6335210,24.9267850,313986.30,2757817.29,"2025-02-03 10:45:00",表水,0.5,總磷,TP,0.01,mg/L,
2094,翡翠水庫五,翡翠水庫,新北市,,121.6335210,24.9267850,313986.30,2757817.29,"2025-02-03 10:45:00",表水,0.5,正磷酸鹽,PO4,-,mg/L,
2094,翡翠水庫五,翡翠水庫,新北市,,121.6335210,24.9267850,313986.30,2757817.29,"2025-02-03 10:45:00",表水,0.5,溶氧飽和度,DOS,-,%,
2094,翡翠水庫五,翡翠水庫,新北市,,121.6335210,24.9267850,313986.30,2757817.29,"2025-02-03 10:45:00",表水,0.5,溶氧(滴定法),DO2,-,mg/L,
2094,翡翠水庫五,翡翠水庫,新北市,,121.6335210,24.9267850,313986.30,2757817.29,"2025-02-03 10:45:00",表水,0.5,總鹼度,TAlk,-,mg/L,
2094,翡翠水庫五,翡翠水庫,新北市,,121.6335210,24.9267850,313986.30,2757817.29,"2025-02-03 10:45:00",表水,0.5,總硬度,TH,-,mg/L,
2094,翡翠水庫五,翡翠水庫,新北市,,121.6335210,24.9267850,313986.30,2757817.29,"2025-02-03 10:45:00",表水,0.5,總氮,TN,-,mg/L,
2094,翡翠水庫五,翡翠水庫,新北市,,121.6335210,24.9267850,313986.30,2757817.29,"2025-02-03 10:45:00",表水,0.5,亞硝酸鹽氮,NO2_N,-,mg/L,
2094,翡翠水庫五,翡翠水庫,新北市,,121.6335210,24.9267850,313986.30,2757817.29,"2025-02-03 10:45:00",表水,0.5,硝酸鹽氮,NO3_N,-,mg/L,
2094,翡翠水庫五,翡翠水庫,新北市,,121.6335210,24.9267850,313986.30,2757817.29,"2025-02-03 10:45:00",表水,0.5,總凱氏氮,TKN,-,mg/L,
2094,翡翠水庫五,翡翠水庫,新北市,,121.6335210,24.9267850,313986.30,2757817.29,"2025-02-03 10:45:00",表水,0.5,有機氮,Norg,-,mg/L,
2094,翡翠水庫五,翡翠水庫,新北市,,121.6335210,24.9267850,313986.30,2757817.29,"2025-02-03 10:45:00",表水,0.5,氨氮,NH3_N,0.0259,mg/L,
2094,翡翠水庫五,翡翠水庫,新北市,,121.6335210,24.9267850,313986.30,2757817.29,"2025-02-03 10:45:00",表水,0.5,總有機碳,TOC,-,mg/L,
2094,翡翠水庫五,翡翠水庫,新北市,,121.6335210,24.9267850,313986.30,2757817.29,"2025-02-03 10:45:00",表水,0.5,化學需氧量,COD,<3.2,mg/L,
2094,翡翠水庫五,翡翠水庫,新北市,,121.6335210,24.9267850,313986.30,2757817.29,"2025-02-03 10:45:00",表水,0.5,溶氧(電極法),DO,8.1,mg/L,
2094,翡翠水庫五,翡翠水庫,新北市,,121.6335210,24.9267850,313986.30,2757817.29,"2025-02-03 10:45:00",表水,0.5,懸浮固體,SS,-,mg/L,
2094,翡翠水庫五,翡翠水庫,新北市,,121.6335210,24.9267850,313986.30,2757817.29,"2025-02-03 10:45:00",表水,0.5,氣溫,TMP,15.4,℃,
2094,翡翠水庫五,翡翠水庫,新北市,,121.6335210,24.9267850,313986.30,2757817.29,"2025-02-03 10:45:00",表水,0.5,採樣深度,SampleDepth,0.5,m,
2094,翡翠水庫五,翡翠水庫,新北市,,121.6335210,24.9267850,313986.30,2757817.29,"2025-02-03 10:45:00",表水,0.5,導電度,EC,69,μmho/cm25℃,
2094,翡翠水庫五,翡翠水庫,新北市,,121.6335210,24.9267850,313986.30,2757817.29,"2025-02-03 10:45:00",表水,0.5,濁度,TB,0.65,NTU,
2094,翡翠水庫五,翡翠水庫,新北市,,121.6335210,24.9267850,313986.30,2757817.29,"2025-02-03 10:45:00",表水,0.5,酸鹼值,pH,7.2," ",
2094,翡翠水庫五,翡翠水庫,新北市,,121.6335210,24.9267850,313986.30,2757817.29,"2025-02-03 10:45:00",表水,0.5,透明度,SD,7,m,
2094,翡翠水庫五,翡翠水庫,新北市,,121.6335210,24.9267850,313986.30,2757817.29,"2025-02-03 10:45:00",表水,0.5,水溫,WT,18.1,℃,
2094,翡翠水庫五,翡翠水庫,新北市,,121.6335210,24.9267850,313986.30,2757817.29,"2025-02-03 10:45:00",表水,0.5,卡爾森指數,CTSI,34,,
2093,翡翠水庫四,翡翠水庫,新北市,,121.6230260,24.9244550,312927.45,2757554.31,"2025-02-03 11:08:00",表水,0.5,葉綠素a,Chl_a,1.4,μg/L,
2093,翡翠水庫四,翡翠水庫,新北市,,121.6230260,24.9244550,312927.45,2757554.31,"2025-02-03 11:08:00",表水,0.5,總磷,TP,0.009,mg/L,
2093,翡翠水庫四,翡翠水庫,新北市,,121.6230260,24.9244550,312927.45,2757554.31,"2025-02-03 11:08:00",表水,0.5,正磷酸鹽,PO4,-,mg/L,
2093,翡翠水庫四,翡翠水庫,新北市,,121.6230260,24.9244550,312927.45,2757554.31,"2025-02-03 11:08:00",表水,0.5,溶氧飽和度,DOS,-,%,
2093,翡翠水庫四,翡翠水庫,新北市,,121.6230260,24.9244550,312927.45,2757554.31,"2025-02-03 11:08:00",表水,0.5,溶氧(滴定法),DO2,-,mg/L,
2093,翡翠水庫四,翡翠水庫,新北市,,121.6230260,24.9244550,312927.45,2757554.31,"2025-02-03 11:08:00",表水,0.5,總鹼度,TAlk,-,mg/L,
2093,翡翠水庫四,翡翠水庫,新北市,,121.6230260,24.9244550,312927.45,2757554.31,"2025-02-03 11:08:00",表水,0.5,總硬度,TH,-,mg/L,
2093,翡翠水庫四,翡翠水庫,新北市,,121.6230260,24.9244550,312927.45,2757554.31,"2025-02-03 11:08:00",表水,0.5,總氮,TN,-,mg/L,
2093,翡翠水庫四,翡翠水庫,新北市,,121.6230260,24.9244550,312927.45,2757554.31,"2025-02-03 11:08:00",表水,0.5,亞硝酸鹽氮,NO2_N,-,mg/L,
2093,翡翠水庫四,翡翠水庫,新北市,,121.6230260,24.9244550,312927.45,2757554.31,"2025-02-03 11:08:00",表水,0.5,硝酸鹽氮,NO3_N,-,mg/L,
2093,翡翠水庫四,翡翠水庫,新北市,,121.6230260,24.9244550,312927.45,2757554.31,"2025-02-03 11:08:00",表水,0.5,總凱氏氮,TKN,-,mg/L,
2093,翡翠水庫四,翡翠水庫,新北市,,121.6230260,24.9244550,312927.45,2757554.31,"2025-02-03 11:08:00",表水,0.5,有機氮,Norg,-,mg/L,
2093,翡翠水庫四,翡翠水庫,新北市,,121.6230260,24.9244550,312927.45,2757554.31,"2025-02-03 11:08:00",表水,0.5,氨氮,NH3_N,0.0133,mg/L,
2093,翡翠水庫四,翡翠水庫,新北市,,121.6230260,24.9244550,312927.45,2757554.31,"2025-02-03 11:08:00",表水,0.5,總有機碳,TOC,-,mg/L,
2093,翡翠水庫四,翡翠水庫,新北市,,121.6230260,24.9244550,312927.45,2757554.31,"2025-02-03 11:08:00",表水,0.5,化學需氧量,COD,<3.2,mg/L,
2093,翡翠水庫四,翡翠水庫,新北市,,121.6230260,24.9244550,312927.45,2757554.31,"2025-02-03 11:08:00",表水,0.5,溶氧(電極法),DO,8.3,mg/L,
2093,翡翠水庫四,翡翠水庫,新北市,,121.6230260,24.9244550,312927.45,2757554.31,"2025-02-03 11:08:00",表水,0.5,懸浮固體,SS,-,mg/L,
2093,翡翠水庫四,翡翠水庫,新北市,,121.6230260,24.9244550,312927.45,2757554.31,"2025-02-03 11:08:00",表水,0.5,氣溫,TMP,15.4,℃,
2093,翡翠水庫四,翡翠水庫,新北市,,121.6230260,24.9244550,312927.45,2757554.31,"2025-02-03 11:08:00",表水,0.5,採樣深度,SampleDepth,0.5,m,
2093,翡翠水庫四,翡翠水庫,新北市,,121.6230260,24.9244550,312927.45,2757554.31,"2025-02-03 11:08:00",表水,0.5,導電度,EC,73,μmho/cm25℃,
2093,翡翠水庫四,翡翠水庫,新北市,,121.6230260,24.9244550,312927.45,2757554.31,"2025-02-03 11:08:00",表水,0.5,濁度,TB,0.6,NTU,
2093,翡翠水庫四,翡翠水庫,新北市,,121.6230260,24.9244550,312927.45,2757554.31,"2025-02-03 11:08:00",表水,0.5,酸鹼值,pH,7.3," ",
2093,翡翠水庫四,翡翠水庫,新北市,,121.6230260,24.9244550,312927.45,2757554.31,"2025-02-03 11:08:00",表水,0.5,透明度,SD,7,m,
2093,翡翠水庫四,翡翠水庫,新北市,,121.6230260,24.9244550,312927.45,2757554.31,"2025-02-03 11:08:00",表水,0.5,水溫,WT,17.8,℃,
2093,翡翠水庫四,翡翠水庫,新北市,,121.6230260,24.9244550,312927.45,2757554.31,"2025-02-03 11:08:00",表水,0.5,卡爾森指數,CTSI,34,,
2092,翡翠水庫三,翡翠水庫,新北市,,121.6192840,24.9076210,312557.98,2755687.97,"2025-02-03 11:21:00",表水,0.5,葉綠素a,Chl_a,1.5,μg/L,
2092,翡翠水庫三,翡翠水庫,新北市,,121.6192840,24.9076210,312557.98,2755687.97,"2025-02-03 11:21:00",表水,0.5,總磷,TP,0.005,mg/L,
2092,翡翠水庫三,翡翠水庫,新北市,,121.6192840,24.9076210,312557.98,2755687.97,"2025-02-03 11:21:00",表水,0.5,正磷酸鹽,PO4,-,mg/L,
2092,翡翠水庫三,翡翠水庫,新北市,,121.6192840,24.9076210,312557.98,2755687.97,"2025-02-03 11:21:00",表水,0.5,溶氧飽和度,DOS,-,%,
2092,翡翠水庫三,翡翠水庫,新北市,,121.6192840,24.9076210,312557.98,2755687.97,"2025-02-03 11:21:00",表水,0.5,溶氧(滴定法),DO2,-,mg/L,
2092,翡翠水庫三,翡翠水庫,新北市,,121.6192840,24.9076210,312557.98,2755687.97,"2025-02-03 11:21:00",表水,0.5,總鹼度,TAlk,-,mg/L,
2092,翡翠水庫三,翡翠水庫,新北市,,121.6192840,24.9076210,312557.98,2755687.97,"2025-02-03 11:21:00",表水,0.5,總硬度,TH,-,mg/L,
2092,翡翠水庫三,翡翠水庫,新北市,,121.6192840,24.9076210,312557.98,2755687.97,"2025-02-03 11:21:00",表水,0.5,總氮,TN,-,mg/L,
2092,翡翠水庫三,翡翠水庫,新北市,,121.6192840,24.9076210,312557.98,2755687.97,"2025-02-03 11:21:00",表水,0.5,亞硝酸鹽氮,NO2_N,-,mg/L,
2092,翡翠水庫三,翡翠水庫,新北市,,121.6192840,24.9076210,312557.98,2755687.97,"2025-02-03 11:21:00",表水,0.5,硝酸鹽氮,NO3_N,-,mg/L,
2092,翡翠水庫三,翡翠水庫,新北市,,121.6192840,24.9076210,312557.98,2755687.97,"2025-02-03 11:21:00",表水,0.5,總凱氏氮,TKN,-,mg/L,
2092,翡翠水庫三,翡翠水庫,新北市,,121.6192840,24.9076210,312557.98,2755687.97,"2025-02-03 11:21:00",表水,0.5,有機氮,Norg,-,mg/L,
2092,翡翠水庫三,翡翠水庫,新北市,,121.6192840,24.9076210,312557.98,2755687.97,"2025-02-03 11:21:00",表水,0.5,氨氮,NH3_N,<0.01,mg/L,
2092,翡翠水庫三,翡翠水庫,新北市,,121.6192840,24.9076210,312557.98,2755687.97,"2025-02-03 11:21:00",表水,0.5,總有機碳,TOC,-,mg/L,
2092,翡翠水庫三,翡翠水庫,新北市,,121.6192840,24.9076210,312557.98,2755687.97,"2025-02-03 11:21:00",表水,0.5,化學需氧量,COD,3.371,mg/L,
2092,翡翠水庫三,翡翠水庫,新北市,,121.6192840,24.9076210,312557.98,2755687.97,"2025-02-03 11:21:00",表水,0.5,溶氧(電極法),DO,8.2,mg/L,
2092,翡翠水庫三,翡翠水庫,新北市,,121.6192840,24.9076210,312557.98,2755687.97,"2025-02-03 11:21:00",表水,0.5,懸浮固體,SS,-,mg/L,
2092,翡翠水庫三,翡翠水庫,新北市,,121.6192840,24.9076210,312557.98,2755687.97,"2025-02-03 11:21:00",表水,0.5,氣溫,TMP,15.4,℃,
2092,翡翠水庫三,翡翠水庫,新北市,,121.6192840,24.9076210,312557.98,2755687.97,"2025-02-03 11:21:00",表水,0.5,採樣深度,SampleDepth,0.5,m,
2092,翡翠水庫三,翡翠水庫,新北市,,121.6192840,24.9076210,312557.98,2755687.97,"2025-02-03 11:21:00",表水,0.5,導電度,EC,71,μmho/cm25℃,
2092,翡翠水庫三,翡翠水庫,新北市,,121.6192840,24.9076210,312557.98,2755687.97,"2025-02-03 11:21:00",表水,0.5,濁度,TB,0.55,NTU,
2092,翡翠水庫三,翡翠水庫,新北市,,121.6192840,24.9076210,312557.98,2755687.97,"2025-02-03 11:21:00",表水,0.5,酸鹼值,pH,7.4," ",
2092,翡翠水庫三,翡翠水庫,新北市,,121.6192840,24.9076210,312557.98,2755687.97,"2025-02-03 11:21:00",表水,0.5,透明度,SD,7,m,
2092,翡翠水庫三,翡翠水庫,新北市,,121.6192840,24.9076210,312557.98,2755687.97,"2025-02-03 11:21:00",表水,0.5,水溫,WT,17.6,℃,
2092,翡翠水庫三,翡翠水庫,新北市,,121.6192840,24.9076210,312557.98,2755687.97,"2025-02-03 11:21:00",表水,0.5,卡爾森指數,CTSI,31,,
2091,翡翠水庫二,翡翠水庫,新北市,,121.5972510,24.9038220,310334.08,2755257.22,"2025-02-03 11:32:00",表水,0.5,葉綠素a,Chl_a,2,μg/L,
2091,翡翠水庫二,翡翠水庫,新北市,,121.5972510,24.9038220,310334.08,2755257.22,"2025-02-03 11:32:00",表水,0.5,總磷,TP,0.007,mg/L,
2091,翡翠水庫二,翡翠水庫,新北市,,121.5972510,24.9038220,310334.08,2755257.22,"2025-02-03 11:32:00",表水,0.5,正磷酸鹽,PO4,-,mg/L,
2091,翡翠水庫二,翡翠水庫,新北市,,121.5972510,24.9038220,310334.08,2755257.22,"2025-02-03 11:32:00",表水,0.5,溶氧飽和度,DOS,-,%,
2091,翡翠水庫二,翡翠水庫,新北市,,121.5972510,24.9038220,310334.08,2755257.22,"2025-02-03 11:32:00",表水,0.5,溶氧(滴定法),DO2,-,mg/L,
2091,翡翠水庫二,翡翠水庫,新北市,,121.5972510,24.9038220,310334.08,2755257.22,"2025-02-03 11:32:00",表水,0.5,總鹼度,TAlk,-,mg/L,
2091,翡翠水庫二,翡翠水庫,新北市,,121.5972510,24.9038220,310334.08,2755257.22,"2025-02-03 11:32:00",表水,0.5,總硬度,TH,-,mg/L,
2091,翡翠水庫二,翡翠水庫,新北市,,121.5972510,24.9038220,310334.08,2755257.22,"2025-02-03 11:32:00",表水,0.5,總氮,TN,-,mg/L,
2091,翡翠水庫二,翡翠水庫,新北市,,121.5972510,24.9038220,310334.08,2755257.22,"2025-02-03 11:32:00",表水,0.5,亞硝酸鹽氮,NO2_N,-,mg/L,
2091,翡翠水庫二,翡翠水庫,新北市,,121.5972510,24.9038220,310334.08,2755257.22,"2025-02-03 11:32:00",表水,0.5,硝酸鹽氮,NO3_N,-,mg/L,
2091,翡翠水庫二,翡翠水庫,新北市,,121.5972510,24.9038220,310334.08,2755257.22,"2025-02-03 11:32:00",表水,0.5,總凱氏氮,TKN,-,mg/L,
2091,翡翠水庫二,翡翠水庫,新北市,,121.5972510,24.9038220,310334.08,2755257.22,"2025-02-03 11:32:00",表水,0.5,有機氮,Norg,-,mg/L,
2091,翡翠水庫二,翡翠水庫,新北市,,121.5972510,24.9038220,310334.08,2755257.22,"2025-02-03 11:32:00",表水,0.5,氨氮,NH3_N,<0.01,mg/L,
2091,翡翠水庫二,翡翠水庫,新北市,,121.5972510,24.9038220,310334.08,2755257.22,"2025-02-03 11:32:00",表水,0.5,總有機碳,TOC,-,mg/L,
2091,翡翠水庫二,翡翠水庫,新北市,,121.5972510,24.9038220,310334.08,2755257.22,"2025-02-03 11:32:00",表水,0.5,化學需氧量,COD,<3.2,mg/L,
2091,翡翠水庫二,翡翠水庫,新北市,,121.5972510,24.9038220,310334.08,2755257.22,"2025-02-03 11:32:00",表水,0.5,溶氧(電極法),DO,8.3,mg/L,
2091,翡翠水庫二,翡翠水庫,新北市,,121.5972510,24.9038220,310334.08,2755257.22,"2025-02-03 11:32:00",表水,0.5,懸浮固體,SS,-,mg/L,
2091,翡翠水庫二,翡翠水庫,新北市,,121.5972510,24.9038220,310334.08,2755257.22,"2025-02-03 11:32:00",表水,0.5,氣溫,TMP,15.6,℃,
2091,翡翠水庫二,翡翠水庫,新北市,,121.5972510,24.9038220,310334.08,2755257.22,"2025-02-03 11:32:00",表水,0.5,採樣深度,SampleDepth,0.5,m,
2091,翡翠水庫二,翡翠水庫,新北市,,121.5972510,24.9038220,310334.08,2755257.22,"2025-02-03 11:32:00",表水,0.5,導電度,EC,69,μmho/cm25℃,
2091,翡翠水庫二,翡翠水庫,新北市,,121.5972510,24.9038220,310334.08,2755257.22,"2025-02-03 11:32:00",表水,0.5,濁度,TB,0.5,NTU,
2091,翡翠水庫二,翡翠水庫,新北市,,121.5972510,24.9038220,310334.08,2755257.22,"2025-02-03 11:32:00",表水,0.5,酸鹼值,pH,7.3," ",
2091,翡翠水庫二,翡翠水庫,新北市,,121.5972510,24.9038220,310334.08,2755257.22,"2025-02-03 11:32:00",表水,0.5,透明度,SD,7,m,
2091,翡翠水庫二,翡翠水庫,新北市,,121.5972510,24.9038220,310334.08,2755257.22,"2025-02-03 11:32:00",表水,0.5,水溫,WT,17.9,℃,
2091,翡翠水庫二,翡翠水庫,新北市,,121.5972510,24.9038220,310334.08,2755257.22,"2025-02-03 11:32:00",表水,0.5,卡爾森指數,CTSI,34,,
2090,翡翠水庫一,翡翠水庫,新北市,,121.5836770,24.9108769,308959.444019636,2756032.68398233,"2025-02-03 11:47:00",表水,0.5,葉綠素a,Chl_a,1.5,μg/L,
2090,翡翠水庫一,翡翠水庫,新北市,,121.5836770,24.9108769,308959.444019636,2756032.68398233,"2025-02-03 11:47:00",表水,0.5,總磷,TP,0.009,mg/L,
2090,翡翠水庫一,翡翠水庫,新北市,,121.5836770,24.9108769,308959.444019636,2756032.68398233,"2025-02-03 11:47:00",表水,0.5,正磷酸鹽,PO4,-,mg/L,
2090,翡翠水庫一,翡翠水庫,新北市,,121.5836770,24.9108769,308959.444019636,2756032.68398233,"2025-02-03 11:47:00",表水,0.5,溶氧飽和度,DOS,-,%,
2090,翡翠水庫一,翡翠水庫,新北市,,121.5836770,24.9108769,308959.444019636,2756032.68398233,"2025-02-03 11:47:00",表水,0.5,溶氧(滴定法),DO2,-,mg/L,
2090,翡翠水庫一,翡翠水庫,新北市,,121.5836770,24.9108769,308959.444019636,2756032.68398233,"2025-02-03 11:47:00",表水,0.5,總鹼度,TAlk,-,mg/L,
2090,翡翠水庫一,翡翠水庫,新北市,,121.5836770,24.9108769,308959.444019636,2756032.68398233,"2025-02-03 11:47:00",表水,0.5,總硬度,TH,-,mg/L,
2090,翡翠水庫一,翡翠水庫,新北市,,121.5836770,24.9108769,308959.444019636,2756032.68398233,"2025-02-03 11:47:00",表水,0.5,總氮,TN,-,mg/L,
2090,翡翠水庫一,翡翠水庫,新北市,,121.5836770,24.9108769,308959.444019636,2756032.68398233,"2025-02-03 11:47:00",表水,0.5,亞硝酸鹽氮,NO2_N,-,mg/L,
2090,翡翠水庫一,翡翠水庫,新北市,,121.5836770,24.9108769,308959.444019636,2756032.68398233,"2025-02-03 11:47:00",表水,0.5,硝酸鹽氮,NO3_N,-,mg/L,
2090,翡翠水庫一,翡翠水庫,新北市,,121.5836770,24.9108769,308959.444019636,2756032.68398233,"2025-02-03 11:47:00",表水,0.5,總凱氏氮,TKN,-,mg/L,
2090,翡翠水庫一,翡翠水庫,新北市,,121.5836770,24.9108769,308959.444019636,2756032.68398233,"2025-02-03 11:47:00",表水,0.5,有機氮,Norg,-,mg/L,
2090,翡翠水庫一,翡翠水庫,新北市,,121.5836770,24.9108769,308959.444019636,2756032.68398233,"2025-02-03 11:47:00",表水,0.5,氨氮,NH3_N,0.0104,mg/L,
2090,翡翠水庫一,翡翠水庫,新北市,,121.5836770,24.9108769,308959.444019636,2756032.68398233,"2025-02-03 11:47:00",表水,0.5,總有機碳,TOC,-,mg/L,
2090,翡翠水庫一,翡翠水庫,新北市,,121.5836770,24.9108769,308959.444019636,2756032.68398233,"2025-02-03 11:47:00",表水,0.5,化學需氧量,COD,<3.2,mg/L,
2090,翡翠水庫一,翡翠水庫,新北市,,121.5836770,24.9108769,308959.444019636,2756032.68398233,"2025-02-03 11:47:00",表水,0.5,溶氧(電極法),DO,8.2,mg/L,
2090,翡翠水庫一,翡翠水庫,新北市,,121.5836770,24.9108769,308959.444019636,2756032.68398233,"2025-02-03 11:47:00",表水,0.5,懸浮固體,SS,-,mg/L,
2090,翡翠水庫一,翡翠水庫,新北市,,121.5836770,24.9108769,308959.444019636,2756032.68398233,"2025-02-03 11:47:00",表水,0.5,氣溫,TMP,15.6,℃,
2090,翡翠水庫一,翡翠水庫,新北市,,121.5836770,24.9108769,308959.444019636,2756032.68398233,"2025-02-03 11:47:00",表水,0.5,採樣深度,SampleDepth,0.5,m,
2090,翡翠水庫一,翡翠水庫,新北市,,121.5836770,24.9108769,308959.444019636,2756032.68398233,"2025-02-03 11:47:00",表水,0.5,導電度,EC,69,μmho/cm25℃,
2090,翡翠水庫一,翡翠水庫,新北市,,121.5836770,24.9108769,308959.444019636,2756032.68398233,"2025-02-03 11:47:00",表水,0.5,濁度,TB,0.5,NTU,
2090,翡翠水庫一,翡翠水庫,新北市,,121.5836770,24.9108769,308959.444019636,2756032.68398233,"2025-02-03 11:47:00",表水,0.5,酸鹼值,pH,7.3," ",
2090,翡翠水庫一,翡翠水庫,新北市,,121.5836770,24.9108769,308959.444019636,2756032.68398233,"2025-02-03 11:47:00",表水,0.5,透明度,SD,6,m,
2090,翡翠水庫一,翡翠水庫,新北市,,121.5836770,24.9108769,308959.444019636,2756032.68398233,"2025-02-03 11:47:00",表水,0.5,水溫,WT,17.9,℃,
2090,翡翠水庫一,翡翠水庫,新北市,,121.5836770,24.9108769,308959.444019636,2756032.68398233,"2025-02-03 11:47:00",表水,0.5,卡爾森指數,CTSI,35,,
2212,湖山水庫二,湖山水庫,雲林縣,莿桐鄉,120.6302778,23.6791667,212291.03,2619541.36,"2025-06-05 09:31:00",表水,0.5,葉綠素a,Chl_a,2.8,μg/L,
2212,湖山水庫二,湖山水庫,雲林縣,莿桐鄉,120.6302778,23.6791667,212291.03,2619541.36,"2025-06-05 09:31:00",表水,0.5,總磷,TP,0.019,mg/L,
2212,湖山水庫二,湖山水庫,雲林縣,莿桐鄉,120.6302778,23.6791667,212291.03,2619541.36,"2025-06-05 09:31:00",表水,0.5,正磷酸鹽,PO4,-,mg/L,
2212,湖山水庫二,湖山水庫,雲林縣,莿桐鄉,120.6302778,23.6791667,212291.03,2619541.36,"2025-06-05 09:31:00",表水,0.5,溶氧飽和度,DOS,-,%,
2212,湖山水庫二,湖山水庫,雲林縣,莿桐鄉,120.6302778,23.6791667,212291.03,2619541.36,"2025-06-05 09:31:00",表水,0.5,溶氧(滴定法),DO2,-,mg/L,
2212,湖山水庫二,湖山水庫,雲林縣,莿桐鄉,120.6302778,23.6791667,212291.03,2619541.36,"2025-06-05 09:31:00",表水,0.5,總鹼度,TAlk,-,mg/L,
2212,湖山水庫二,湖山水庫,雲林縣,莿桐鄉,120.6302778,23.6791667,212291.03,2619541.36,"2025-06-05 09:31:00",表水,0.5,總硬度,TH,-,mg/L,
2212,湖山水庫二,湖山水庫,雲林縣,莿桐鄉,120.6302778,23.6791667,212291.03,2619541.36,"2025-06-05 09:31:00",表水,0.5,總氮,TN,-,mg/L,
2212,湖山水庫二,湖山水庫,雲林縣,莿桐鄉,120.6302778,23.6791667,212291.03,2619541.36,"2025-06-05 09:31:00",表水,0.5,亞硝酸鹽氮,NO2_N,-,mg/L,
2212,湖山水庫二,湖山水庫,雲林縣,莿桐鄉,120.6302778,23.6791667,212291.03,2619541.36,"2025-06-05 09:31:00",表水,0.5,硝酸鹽氮,NO3_N,-,mg/L,
2212,湖山水庫二,湖山水庫,雲林縣,莿桐鄉,120.6302778,23.6791667,212291.03,2619541.36,"2025-06-05 09:31:00",表水,0.5,總凱氏氮,TKN,-,mg/L,
2212,湖山水庫二,湖山水庫,雲林縣,莿桐鄉,120.6302778,23.6791667,212291.03,2619541.36,"2025-06-05 09:31:00",表水,0.5,有機氮,Norg,-,mg/L,
2212,湖山水庫二,湖山水庫,雲林縣,莿桐鄉,120.6302778,23.6791667,212291.03,2619541.36,"2025-06-05 09:31:00",表水,0.5,氨氮,NH3_N,-,mg/L,
2212,湖山水庫二,湖山水庫,雲林縣,莿桐鄉,120.6302778,23.6791667,212291.03,2619541.36,"2025-06-05 09:31:00",表水,0.5,總有機碳,TOC,-,mg/L,
2212,湖山水庫二,湖山水庫,雲林縣,莿桐鄉,120.6302778,23.6791667,212291.03,2619541.36,"2025-06-05 09:31:00",表水,0.5,化學需氧量,COD,-,mg/L,
2212,湖山水庫二,湖山水庫,雲林縣,莿桐鄉,120.6302778,23.6791667,212291.03,2619541.36,"2025-06-05 09:31:00",表水,0.5,溶氧(電極法),DO,-,mg/L,
2212,湖山水庫二,湖山水庫,雲林縣,莿桐鄉,120.6302778,23.6791667,212291.03,2619541.36,"2025-06-05 09:31:00",表水,0.5,懸浮固體,SS,-,mg/L,
2212,湖山水庫二,湖山水庫,雲林縣,莿桐鄉,120.6302778,23.6791667,212291.03,2619541.36,"2025-06-05 09:31:00",表水,0.5,氣溫,TMP,27,℃,
2212,湖山水庫二,湖山水庫,雲林縣,莿桐鄉,120.6302778,23.6791667,212291.03,2619541.36,"2025-06-05 09:31:00",表水,0.5,採樣深度,SampleDepth,0.5,m,
2212,湖山水庫二,湖山水庫,雲林縣,莿桐鄉,120.6302778,23.6791667,212291.03,2619541.36,"2025-06-05 09:31:00",表水,0.5,導電度,EC,-,μmho/cm25℃,
2212,湖山水庫二,湖山水庫,雲林縣,莿桐鄉,120.6302778,23.6791667,212291.03,2619541.36,"2025-06-05 09:31:00",表水,0.5,濁度,TB,-,NTU,
2212,湖山水庫二,湖山水庫,雲林縣,莿桐鄉,120.6302778,23.6791667,212291.03,2619541.36,"2025-06-05 09:31:00",表水,0.5,酸鹼值,pH,-," ",
2212,湖山水庫二,湖山水庫,雲林縣,莿桐鄉,120.6302778,23.6791667,212291.03,2619541.36,"2025-06-05 09:31:00",表水,0.5,透明度,SD,0.4,m,
2212,湖山水庫二,湖山水庫,雲林縣,莿桐鄉,120.6302778,23.6791667,212291.03,2619541.36,"2025-06-05 09:31:00",表水,0.5,水溫,WT,-,℃,
2212,湖山水庫二,湖山水庫,雲林縣,莿桐鄉,120.6302778,23.6791667,212291.03,2619541.36,"2025-06-05 09:31:00",表水,0.5,卡爾森指數,CTSI,54,,
2210,湖山水庫一,湖山水庫,雲林縣,莿桐鄉,120.6255556,23.6840833,211810.82,2620087.10,"2025-06-05 09:44:00",表水,0.5,葉綠素a,Chl_a,2.4,μg/L,
2210,湖山水庫一,湖山水庫,雲林縣,莿桐鄉,120.6255556,23.6840833,211810.82,2620087.10,"2025-06-05 09:44:00",表水,0.5,總磷,TP,0.016,mg/L,
2210,湖山水庫一,湖山水庫,雲林縣,莿桐鄉,120.6255556,23.6840833,211810.82,2620087.10,"2025-06-05 09:44:00",表水,0.5,正磷酸鹽,PO4,-,mg/L,
2210,湖山水庫一,湖山水庫,雲林縣,莿桐鄉,120.6255556,23.6840833,211810.82,2620087.10,"2025-06-05 09:44:00",表水,0.5,溶氧飽和度,DOS,-,%,
2210,湖山水庫一,湖山水庫,雲林縣,莿桐鄉,120.6255556,23.6840833,211810.82,2620087.10,"2025-06-05 09:44:00",表水,0.5,溶氧(滴定法),DO2,-,mg/L,
2210,湖山水庫一,湖山水庫,雲林縣,莿桐鄉,120.6255556,23.6840833,211810.82,2620087.10,"2025-06-05 09:44:00",表水,0.5,總鹼度,TAlk,-,mg/L,
2210,湖山水庫一,湖山水庫,雲林縣,莿桐鄉,120.6255556,23.6840833,211810.82,2620087.10,"2025-06-05 09:44:00",表水,0.5,總硬度,TH,-,mg/L,
2210,湖山水庫一,湖山水庫,雲林縣,莿桐鄉,120.6255556,23.6840833,211810.82,2620087.10,"2025-06-05 09:44:00",表水,0.5,總氮,TN,-,mg/L,
2210,湖山水庫一,湖山水庫,雲林縣,莿桐鄉,120.6255556,23.6840833,211810.82,2620087.10,"2025-06-05 09:44:00",表水,0.5,亞硝酸鹽氮,NO2_N,-,mg/L,
2210,湖山水庫一,湖山水庫,雲林縣,莿桐鄉,120.6255556,23.6840833,211810.82,2620087.10,"2025-06-05 09:44:00",表水,0.5,硝酸鹽氮,NO3_N,-,mg/L,
2210,湖山水庫一,湖山水庫,雲林縣,莿桐鄉,120.6255556,23.6840833,211810.82,2620087.10,"2025-06-05 09:44:00",表水,0.5,總凱氏氮,TKN,-,mg/L,
2210,湖山水庫一,湖山水庫,雲林縣,莿桐鄉,120.6255556,23.6840833,211810.82,2620087.10,"2025-06-05 09:44:00",表水,0.5,有機氮,Norg,-,mg/L,
2210,湖山水庫一,湖山水庫,雲林縣,莿桐鄉,120.6255556,23.6840833,211810.82,2620087.10,"2025-06-05 09:44:00",表水,0.5,氨氮,NH3_N,-,mg/L,
2210,湖山水庫一,湖山水庫,雲林縣,莿桐鄉,120.6255556,23.6840833,211810.82,2620087.10,"2025-06-05 09:44:00",表水,0.5,總有機碳,TOC,-,mg/L,
2210,湖山水庫一,湖山水庫,雲林縣,莿桐鄉,120.6255556,23.6840833,211810.82,2620087.10,"2025-06-05 09:44:00",表水,0.5,化學需氧量,COD,-,mg/L,
2210,湖山水庫一,湖山水庫,雲林縣,莿桐鄉,120.6255556,23.6840833,211810.82,2620087.10,"2025-06-05 09:44:00",表水,0.5,溶氧(電極法),DO,-,mg/L,
2210,湖山水庫一,湖山水庫,雲林縣,莿桐鄉,120.6255556,23.6840833,211810.82,2620087.10,"2025-06-05 09:44:00",表水,0.5,懸浮固體,SS,-,mg/L,
2210,湖山水庫一,湖山水庫,雲林縣,莿桐鄉,120.6255556,23.6840833,211810.82,2620087.10,"2025-06-05 09:44:00",表水,0.5,氣溫,TMP,27.3,℃,
2210,湖山水庫一,湖山水庫,雲林縣,莿桐鄉,120.6255556,23.6840833,211810.82,2620087.10,"2025-06-05 09:44:00",表水,0.5,採樣深度,SampleDepth,0.5,m,
2210,湖山水庫一,湖山水庫,雲林縣,莿桐鄉,120.6255556,23.6840833,211810.82,2620087.10,"2025-06-05 09:44:00",表水,0.5,導電度,EC,-,μmho/cm25℃,
2210,湖山水庫一,湖山水庫,雲林縣,莿桐鄉,120.6255556,23.6840833,211810.82,2620087.10,"2025-06-05 09:44:00",表水,0.5,濁度,TB,-,NTU,
2210,湖山水庫一,湖山水庫,雲林縣,莿桐鄉,120.6255556,23.6840833,211810.82,2620087.10,"2025-06-05 09:44:00",表水,0.5,酸鹼值,pH,-," ",
2210,湖山水庫一,湖山水庫,雲林縣,莿桐鄉,120.6255556,23.6840833,211810.82,2620087.10,"2025-06-05 09:44:00",表水,0.5,透明度,SD,1,m,
2210,湖山水庫一,湖山水庫,雲林縣,莿桐鄉,120.6255556,23.6840833,211810.82,2620087.10,"2025-06-05 09:44:00",表水,0.5,水溫,WT,-,℃,
2210,湖山水庫一,湖山水庫,雲林縣,莿桐鄉,120.6255556,23.6840833,211810.82,2620087.10,"2025-06-05 09:44:00",表水,0.5,卡爾森指數,CTSI,48,,
2204,寶二水庫一,寶二水庫,新竹縣,北埔鄉,121.0444444,24.7194953,254496.36,2734709.69,"2025-06-11 09:29:04",表水,0.5,葉綠素a,Chl_a,8.1,μg/L,
2204,寶二水庫一,寶二水庫,新竹縣,北埔鄉,121.0444444,24.7194953,254496.36,2734709.69,"2025-06-11 09:29:04",表水,0.5,總磷,TP,0.026,mg/L,
2204,寶二水庫一,寶二水庫,新竹縣,北埔鄉,121.0444444,24.7194953,254496.36,2734709.69,"2025-06-11 09:29:04",表水,0.5,正磷酸鹽,PO4,-,mg/L,
2204,寶二水庫一,寶二水庫,新竹縣,北埔鄉,121.0444444,24.7194953,254496.36,2734709.69,"2025-06-11 09:29:04",表水,0.5,溶氧飽和度,DOS,-,%,
2204,寶二水庫一,寶二水庫,新竹縣,北埔鄉,121.0444444,24.7194953,254496.36,2734709.69,"2025-06-11 09:29:04",表水,0.5,溶氧(滴定法),DO2,-,mg/L,
2204,寶二水庫一,寶二水庫,新竹縣,北埔鄉,121.0444444,24.7194953,254496.36,2734709.69,"2025-06-11 09:29:04",表水,0.5,總鹼度,TAlk,-,mg/L,
2204,寶二水庫一,寶二水庫,新竹縣,北埔鄉,121.0444444,24.7194953,254496.36,2734709.69,"2025-06-11 09:29:04",表水,0.5,總硬度,TH,-,mg/L,
2204,寶二水庫一,寶二水庫,新竹縣,北埔鄉,121.0444444,24.7194953,254496.36,2734709.69,"2025-06-11 09:29:04",表水,0.5,總氮,TN,-,mg/L,
2204,寶二水庫一,寶二水庫,新竹縣,北埔鄉,121.0444444,24.7194953,254496.36,2734709.69,"2025-06-11 09:29:04",表水,0.5,亞硝酸鹽氮,NO2_N,-,mg/L,
2204,寶二水庫一,寶二水庫,新竹縣,北埔鄉,121.0444444,24.7194953,254496.36,2734709.69,"2025-06-11 09:29:04",表水,0.5,硝酸鹽氮,NO3_N,-,mg/L,
2204,寶二水庫一,寶二水庫,新竹縣,北埔鄉,121.0444444,24.7194953,254496.36,2734709.69,"2025-06-11 09:29:04",表水,0.5,總凱氏氮,TKN,-,mg/L,
2204,寶二水庫一,寶二水庫,新竹縣,北埔鄉,121.0444444,24.7194953,254496.36,2734709.69,"2025-06-11 09:29:04",表水,0.5,有機氮,Norg,-,mg/L,
2204,寶二水庫一,寶二水庫,新竹縣,北埔鄉,121.0444444,24.7194953,254496.36,2734709.69,"2025-06-11 09:29:04",表水,0.5,氨氮,NH3_N,-,mg/L,
2204,寶二水庫一,寶二水庫,新竹縣,北埔鄉,121.0444444,24.7194953,254496.36,2734709.69,"2025-06-11 09:29:04",表水,0.5,總有機碳,TOC,-,mg/L,
2204,寶二水庫一,寶二水庫,新竹縣,北埔鄉,121.0444444,24.7194953,254496.36,2734709.69,"2025-06-11 09:29:04",表水,0.5,化學需氧量,COD,-,mg/L,
2204,寶二水庫一,寶二水庫,新竹縣,北埔鄉,121.0444444,24.7194953,254496.36,2734709.69,"2025-06-11 09:29:04",表水,0.5,溶氧(電極法),DO,-,mg/L,
2204,寶二水庫一,寶二水庫,新竹縣,北埔鄉,121.0444444,24.7194953,254496.36,2734709.69,"2025-06-11 09:29:04",表水,0.5,懸浮固體,SS,-,mg/L,
2204,寶二水庫一,寶二水庫,新竹縣,北埔鄉,121.0444444,24.7194953,254496.36,2734709.69,"2025-06-11 09:29:04",表水,0.5,氣溫,TMP,29.8,℃,
2204,寶二水庫一,寶二水庫,新竹縣,北埔鄉,121.0444444,24.7194953,254496.36,2734709.69,"2025-06-11 09:29:04",表水,0.5,採樣深度,SampleDepth,0.5,m,
2204,寶二水庫一,寶二水庫,新竹縣,北埔鄉,121.0444444,24.7194953,254496.36,2734709.69,"2025-06-11 09:29:04",表水,0.5,導電度,EC,-,μmho/cm25℃,
2204,寶二水庫一,寶二水庫,新竹縣,北埔鄉,121.0444444,24.7194953,254496.36,2734709.69,"2025-06-11 09:29:04",表水,0.5,濁度,TB,-,NTU,
2204,寶二水庫一,寶二水庫,新竹縣,北埔鄉,121.0444444,24.7194953,254496.36,2734709.69,"2025-06-11 09:29:04",表水,0.5,酸鹼值,pH,-," ",
2204,寶二水庫一,寶二水庫,新竹縣,北埔鄉,121.0444444,24.7194953,254496.36,2734709.69,"2025-06-11 09:29:04",表水,0.5,透明度,SD,2.0,m,
2204,寶二水庫一,寶二水庫,新竹縣,北埔鄉,121.0444444,24.7194953,254496.36,2734709.69,"2025-06-11 09:29:04",表水,0.5,水溫,WT,-,℃,
2204,寶二水庫一,寶二水庫,新竹縣,北埔鄉,121.0444444,24.7194953,254496.36,2734709.69,"2025-06-11 09:29:04",表水,0.5,卡爾森指數,CTSI,51,,
2203,石門水庫六,石門水庫,桃園市,大溪區,121.3020833,24.8067222,280539.91,2744403.82,"2025-06-09 09:40:01",表水,0.5,葉綠素a,Chl_a,5.0,μg/L,
2203,石門水庫六,石門水庫,桃園市,大溪區,121.3020833,24.8067222,280539.91,2744403.82,"2025-06-09 09:40:01",表水,0.5,總磷,TP,0.027,mg/L,
2203,石門水庫六,石門水庫,桃園市,大溪區,121.3020833,24.8067222,280539.91,2744403.82,"2025-06-09 09:40:01",表水,0.5,正磷酸鹽,PO4,-,mg/L,
2203,石門水庫六,石門水庫,桃園市,大溪區,121.3020833,24.8067222,280539.91,2744403.82,"2025-06-09 09:40:01",表水,0.5,溶氧飽和度,DOS,-,%,
2203,石門水庫六,石門水庫,桃園市,大溪區,121.3020833,24.8067222,280539.91,2744403.82,"2025-06-09 09:40:01",表水,0.5,溶氧(滴定法),DO2,-,mg/L,
2203,石門水庫六,石門水庫,桃園市,大溪區,121.3020833,24.8067222,280539.91,2744403.82,"2025-06-09 09:40:01",表水,0.5,總鹼度,TAlk,-,mg/L,
2203,石門水庫六,石門水庫,桃園市,大溪區,121.3020833,24.8067222,280539.91,2744403.82,"2025-06-09 09:40:01",表水,0.5,總硬度,TH,-,mg/L,
2203,石門水庫六,石門水庫,桃園市,大溪區,121.3020833,24.8067222,280539.91,2744403.82,"2025-06-09 09:40:01",表水,0.5,總氮,TN,-,mg/L,
2203,石門水庫六,石門水庫,桃園市,大溪區,121.3020833,24.8067222,280539.91,2744403.82,"2025-06-09 09:40:01",表水,0.5,亞硝酸鹽氮,NO2_N,-,mg/L,
2203,石門水庫六,石門水庫,桃園市,大溪區,121.3020833,24.8067222,280539.91,2744403.82,"2025-06-09 09:40:01",表水,0.5,硝酸鹽氮,NO3_N,-,mg/L,
2203,石門水庫六,石門水庫,桃園市,大溪區,121.3020833,24.8067222,280539.91,2744403.82,"2025-06-09 09:40:01",表水,0.5,總凱氏氮,TKN,-,mg/L,
2203,石門水庫六,石門水庫,桃園市,大溪區,121.3020833,24.8067222,280539.91,2744403.82,"2025-06-09 09:40:01",表水,0.5,有機氮,Norg,-,mg/L,
2203,石門水庫六,石門水庫,桃園市,大溪區,121.3020833,24.8067222,280539.91,2744403.82,"2025-06-09 09:40:01",表水,0.5,氨氮,NH3_N,-,mg/L,
2203,石門水庫六,石門水庫,桃園市,大溪區,121.3020833,24.8067222,280539.91,2744403.82,"2025-06-09 09:40:01",表水,0.5,總有機碳,TOC,-,mg/L,
2203,石門水庫六,石門水庫,桃園市,大溪區,121.3020833,24.8067222,280539.91,2744403.82,"2025-06-09 09:40:01",表水,0.5,化學需氧量,COD,-,mg/L,
2203,石門水庫六,石門水庫,桃園市,大溪區,121.3020833,24.8067222,280539.91,2744403.82,"2025-06-09 09:40:01",表水,0.5,溶氧(電極法),DO,-,mg/L,
2203,石門水庫六,石門水庫,桃園市,大溪區,121.3020833,24.8067222,280539.91,2744403.82,"2025-06-09 09:40:01",表水,0.5,懸浮固體,SS,-,mg/L,
2203,石門水庫六,石門水庫,桃園市,大溪區,121.3020833,24.8067222,280539.91,2744403.82,"2025-06-09 09:40:01",表水,0.5,氣溫,TMP,29.7,℃,
2203,石門水庫六,石門水庫,桃園市,大溪區,121.3020833,24.8067222,280539.91,2744403.82,"2025-06-09 09:40:01",表水,0.5,採樣深度,SampleDepth,0.5,m,
2203,石門水庫六,石門水庫,桃園市,大溪區,121.3020833,24.8067222,280539.91,2744403.82,"2025-06-09 09:40:01",表水,0.5,導電度,EC,-,μmho/cm25℃,
2203,石門水庫六,石門水庫,桃園市,大溪區,121.3020833,24.8067222,280539.91,2744403.82,"2025-06-09 09:40:01",表水,0.5,濁度,TB,-,NTU,
2203,石門水庫六,石門水庫,桃園市,大溪區,121.3020833,24.8067222,280539.91,2744403.82,"2025-06-09 09:40:01",表水,0.5,酸鹼值,pH,-," ",
2203,石門水庫六,石門水庫,桃園市,大溪區,121.3020833,24.8067222,280539.91,2744403.82,"2025-06-09 09:40:01",表水,0.5,透明度,SD,1.6,m,
2203,石門水庫六,石門水庫,桃園市,大溪區,121.3020833,24.8067222,280539.91,2744403.82,"2025-06-09 09:40:01",表水,0.5,水溫,WT,-,℃,
2203,石門水庫六,石門水庫,桃園市,大溪區,121.3020833,24.8067222,280539.91,2744403.82,"2025-06-09 09:40:01",表水,0.5,卡爾森指數,CTSI,50,,
