siteid,sitename,damname,county,township,twd97lon,twd97lat,twd97tm2x,twd97tm2y,sampledate,samplelayer,sampledepth,itemname,itemengabbreviation,itemvalue,itemunit,note
2095,,,,,121.6222770,24.9374720,312845.20,2758995.79,"2025-10-01 10:43:00",,0.5,,Chl_a,4.7,μg/L,
2095,,,,,121.6222770,24.9374720,312845.20,2758995.79,"2025-10-01 10:43:00",,0.5,,TP,0.011,mg/L,
2095,,,,,121.6222770,24.9374720,312845.20,2758995.79,"2025-10-01 10:43:00",,0.5,,PO4,-,mg/L,
2095,,,,,121.6222770,24.9374720,312845.20,2758995.79,"2025-10-01 10:43:00",,0.5,,DOS,-,%,
2095,,,,,121.6222770,24.9374720,312845.20,2758995.79,"2025-10-01 10:43:00",,0.5,,DO2,-,mg/L,
2095,,,,,121.6222770,24.9374720,312845.20,2758995.79,"2025-10-01 10:43:00",,0.5,,TAlk,-,mg/L,
2095,,,,,121.6222770,24.9374720,312845.20,2758995.79,"2025-10-01 10:43:00",,0.5,,TH,-,mg/L,
2095,,,,,121.6222770,24.9374720,312845.20,2758995.79,"2025-10-01 10:43:00",,0.5,,TN,-,mg/L,
2095,,,,,121.6222770,24.9374720,312845.20,2758995.79,"2025-10-01 10:43:00",,0.5,,NO2_N,-,mg/L,
2095,,,,,121.6222770,24.9374720,312845.20,2758995.79,"2025-10-01 10:43:00",,0.5,,NO3_N,-,mg/L,
2095,,,,,121.6222770,24.9374720,312845.20,2758995.79,"2025-10-01 10:43:00",,0.5,,TKN,-,mg/L,
2095,,,,,121.6222770,24.9374720,312845.20,2758995.79,"2025-10-01 10:43:00",,0.5,,Norg,-,mg/L,
2095,,,,,121.6222770,24.9374720,312845.20,2758995.79,"2025-10-01 10:43:00",,0.5,,NH3_N,<0.01,mg/L,
2095,,,,,121.6222770,24.9374720,312845.20,2758995.79,"2025-10-01 10:43:00",,0.5,,TOC,-,mg/L,
2095,,,,,121.6222770,24.9374720,312845.20,2758995.79,"2025-10-01 10:43:00",,0.5,,COD,3.57,mg/L,
2095,,,,,121.6222770,24.9374720,312845.20,2758995.79,"2025-10-01 10:43:00",,0.5,,DO,8.3,mg/L,
2095,,,,,121.6222770,24.9374720,312845.20,2758995.79,"2025-10-01 10:43:00",,0.5,,SS,-,mg/L,
2095,,,,,121.6222770,24.9374720,312845.20,2758995.79,"2025-10-01 10:43:00",,0.5,,TMP,33.4,℃,
2095,,,,,121.6222770,24.9374720,312845.20,2758995.79,"2025-10-01 10:43:00",,0.5,,SampleDepth,0.5,m,
2095,,,,,121.6222770,24.9374720,312845.20,2758995.79,"2025-10-01 10:43:00",,0.5,,EC,94,μmho/cm25℃,
2095,,,,,121.6222770,24.9374720,312845.20,2758995.79,"2025-10-01 10:43:00",,0.5,,TB,0.9,NTU,
2095,,,,,121.6222770,24.9374720,312845.20,2758995.79,"2025-10-01 10:43:00",,0.5,,pH,7.1," ",
2095,,,,,121.6222770,24.9374720,312845.20,2758995.79,"2025-10-01 10:43:00",,0.5,,SD,5.1,m,
2095,,,,,121.6222770,24.9374720,312845.20,2758995.79,"2025-10-01 10:43:00",,0.5,,WT,31.0,℃,
2095,,,,,121.6222770,24.9374720,312845.20,2758995.79,"2025-10-01 10:43:00",,0.5,,CTSI,40,,
2094,,,,,121.6335210,24.9267850,313986.30,2757817.29,"2025-10-01 10:33:00",,0.5,,Chl_a,5.0,μg/L,
2094,,,,,121.6335210,24.9267850,313986.30,2757817.29,"2025-10-01 10:33:00",,0.5,,TP,0.012,mg/L,
2094,,,,,121.6335210,24.9267850,313986.30,2757817.29,"2025-10-01 10:33:00",,0.5,,PO4,-,mg/L,
2094,,,,,121.6335210,24.9267850,313986.30,2757817.29,"2025-10-01 10:33:00",,0.5,,DOS,-,%,
2094,,,,,121.6335210,24.9267850,313986.30,2757817.29,"2025-10-01 10:33:00",,0.5,,DO2,-,mg/L,
2094,,,,,121.6335210,24.9267850,313986.30,2757817.29,"2025-10-01 10:33:00",,0.5,,TAlk,-,mg/L,
2094,,,,,121.6335210,24.9267850,313986.30,2757817.29,"2025-10-01 10:33:00",,0.5,,TH,-,mg/L,
2094,,,,,121.6335210,24.9267850,313986.30,2757817.29,"2025-10-01 10:33:00",,0.5,,TN,-,mg/L,
2094,,,,,121.6335210,24.9267850,313986.30,2757817.29,"2025-10-01 10:33:00",,0.5,,NO2_N,-,mg/L,
2094,,,,,121.6335210,24.9267850,313986.30,2757817.29,"2025-10-01 10:33:00",,0.5,,NO3_N,-,mg/L,
2094,,,,,121.6335210,24.9267850,313986.30,2757817.29,"2025-10-01 10:33:00",,0.5,,TKN,-,mg/L,
2094,,,,,121.6335210,24.9267850,313986.30,2757817.29,"2025-10-01 10:33:00",,0.5,,Norg,-,mg/L,
2094,,,,,121.6335210,24.9267850,313986.30,2757817.29,"2025-10-01 10:33:00",,0.5,,NH3_N,<0.01,mg/L,
2094,,,,,121.6335210,24.9267850,313986.30,2757817.29,"2025-10-01 10:33:00",,0.5,,TOC,-,mg/L,
2094,,,,,121.6335210,24.9267850,313986.30,2757817.29,"2025-10-01 10:33:00",,0.5,,COD,3.966,mg/L,
2094,,,,,121.6335210,24.9267850,313986.30,2757817.29,"2025-10-01 10:33:00",,0.5,,DO,8.4,mg/L,
2094,,,,,121.6335210,24.9267850,313986.30,2757817.29,"2025-10-01 10:33:00",,0.5,,SS,-,mg/L,
2094,,,,,121.6335210,24.9267850,313986.30,2757817.29,"2025-10-01 10:33:00",,0.5,,TMP,33.4,℃,
2094,,,,,121.6335210,24.9267850,313986.30,2757817.29,"2025-10-01 10:33:00",,0.5,,SampleDepth,0.5,m,
2094,,,,,121.6335210,24.9267850,313986.30,2757817.29,"2025-10-01 10:33:00",,0.5,,EC,80,μmho/cm25℃,
2094,,,,,121.6335210,24.9267850,313986.30,2757817.29,"2025-10-01 10:33:00",,0.5,,TB,1.0,NTU,
2094,,,,,121.6335210,24.9267850,313986.30,2757817.29,"2025-10-01 10:33:00",,0.5,,pH,7.1," ",
2094,,,,,121.6335210,24.9267850,313986.30,2757817.29,"2025-10-01 10:33:00",,0.5,,SD,4.5,m,
2094,,,,,121.6335210,24.9267850,313986.30,2757817.29,"2025-10-01 10:33:00",,0.5,,WT,30.7,℃,
2094,,,,,121.6335210,24.9267850,313986.30,2757817.29,"2025-10-01 10:33:00",,0.5,,CTSI,42,,
2093,,,,,121.6230260,24.9244550,312927.45,2757554.31,"2025-10-01 10:50:00",,0.5,,Chl_a,3.8,μg/L,
2093,,,,,121.6230260,24.9244550,312927.45,2757554.31,"2025-10-01 10:50:00",,0.5,,TP,0.011,mg/L,
2093,,,,,121.6230260,24.9244550,312927.45,2757554.31,"2025-10-01 10:50:00",,0.5,,PO4,-,mg/L,
2093,,,,,121.6230260,24.9244550,312927.45,2757554.31,"2025-10-01 10:50:00",,0.5,,DOS,-,%,
2093,,,,,121.6230260,24.9244550,312927.45,2757554.31,"2025-10-01 10:50:00",,0.5,,DO2,-,mg/L,
2093,,,,,121.6230260,24.9244550,312927.45,2757554.31,"2025-10-01 10:50:00",,0.5,,TAlk,-,mg/L,
2093,,,,,121.6230260,24.9244550,312927.45,2757554.31,"2025-10-01 10:50:00",,0.5,,TH,-,mg/L,
2093,,,,,121.6230260,24.9244550,312927.45,2757554.31,"2025-10-01 10:50:00",,0.5,,TN,-,mg/L,
2093,,,,,121.6230260,24.9244550,312927.45,2757554.31,"2025-10-01 10:50:00",,0.5,,NO2_N,-,mg/L,
2093,,,,,121.6230260,24.9244550,312927.45,2757554.31,"2025-10-01 10:50:00",,0.5,,NO3_N,-,mg/L,
2093,,,,,121.6230260,24.9244550,312927.45,2757554.31,"2025-10-01 10:50:00",,0.5,,TKN,-,mg/L,
2093,,,,,121.6230260,24.9244550,312927.45,2757554.31,"2025-10-01 10:50:00",,0.5,,Norg,-,mg/L,
2093,,,,,121.6230260,24.9244550,312927.45,2757554.31,"2025-10-01 10:50:00",,0.5,,NH3_N,<0.01,mg/L,
2093,,,,,121.6230260,24.9244550,312927.45,2757554.31,"2025-10-01 10:50:00",,0.5,,TOC,-,mg/L,
2093,,,,,121.6230260,24.9244550,312927.45,2757554.31,"2025-10-01 10:50:00",,0.5,,COD,4.561,mg/L,
2093,,,,,121.6230260,24.9244550,312927.45,2757554.31,"2025-10-01 10:50:00",,0.5,,DO,8.4,mg/L,
2093,,,,,121.6230260,24.9244550,312927.45,2757554.31,"2025-10-01 10:50:00",,0.5,,SS,-,mg/L,
2093,,,,,121.6230260,24.9244550,312927.45,2757554.31,"2025-10-01 10:50:00",,0.5,,TMP,33.2,℃,
2093,,,,,121.6230260,24.9244550,312927.45,2757554.31,"2025-10-01 10:50:00",,0.5,,SampleDepth,0.5,m,
2093,,,,,121.6230260,24.9244550,312927.45,2757554.31,"2025-10-01 10:50:00",,0.5,,EC,93,μmho/cm25℃,
2093,,,,,121.6230260,24.9244550,312927.45,2757554.31,"2025-10-01 10:50:00",,0.5,,TB,0.9,NTU,
2093,,,,,121.6230260,24.9244550,312927.45,2757554.31,"2025-10-01 10:50:00",,0.5,,pH,7.1," ",
2093,,,,,121.6230260,24.9244550,312927.45,2757554.31,"2025-10-01 10:50:00",,0.5,,SD,5.0,m,
2093,,,,,121.6230260,24.9244550,312927.45,2757554.31,"2025-10-01 10:50:00",,0.5,,WT,31.3,℃,
2093,,,,,121.6230260,24.9244550,312927.45,2757554.31,"2025-10-01 10:50:00",,0.5,,CTSI,40,,
2092,,,,,121.6192840,24.9076210,312557.98,2755687.97,"2025-10-01 11:02:00",,0.5,,Chl_a,3.5,μg/L,
2092,,,,,121.6192840,24.9076210,312557.98,2755687.97,"2025-10-01 11:02:00",,0.5,,TP,0.006,mg/L,
2092,,,,,121.6192840,24.9076210,312557.98,2755687.97,"2025-10-01 11:02:00",,0.5,,PO4,-,mg/L,
2092,,,,,121.6192840,24.9076210,312557.98,2755687.97,"2025-10-01 11:02:00",,0.5,,DOS,-,%,
2092,,,,,121.6192840,24.9076210,312557.98,2755687.97,"2025-10-01 11:02:00",,0.5,,DO2,-,mg/L,
2092,,,,,121.6192840,24.9076210,312557.98,2755687.97,"2025-10-01 11:02:00",,0.5,,TAlk,-,mg/L,
2092,,,,,121.6192840,24.9076210,312557.98,2755687.97,"2025-10-01 11:02:00",,0.5,,TH,-,mg/L,
2092,,,,,121.6192840,24.9076210,312557.98,2755687.97,"2025-10-01 11:02:00",,0.5,,TN,-,mg/L,
2092,,,,,121.6192840,24.9076210,312557.98,2755687.97,"2025-10-01 11:02:00",,0.5,,NO2_N,-,mg/L,
2092,,,,,121.6192840,24.9076210,312557.98,2755687.97,"2025-10-01 11:02:00",,0.5,,NO3_N,-,mg/L,
2092,,,,,121.6192840,24.9076210,312557.98,2755687.97,"2025-10-01 11:02:00",,0.5,,TKN,-,mg/L,
2092,,,,,121.6192840,24.9076210,312557.98,2755687.97,"2025-10-01 11:02:00",,0.5,,Norg,-,mg/L,
2092,,,,,121.6192840,24.9076210,312557.98,2755687.97,"2025-10-01 11:02:00",,0.5,,NH3_N,<0.01,mg/L,
2092,,,,,121.6192840,24.9076210,312557.98,2755687.97,"2025-10-01 11:02:00",,0.5,,TOC,-,mg/L,
2092,,,,,121.6192840,24.9076210,312557.98,2755687.97,"2025-10-01 11:02:00",,0.5,,COD,4.561,mg/L,
2092,,,,,121.6192840,24.9076210,312557.98,2755687.97,"2025-10-01 11:02:00",,0.5,,DO,7.9,mg/L,
2092,,,,,121.6192840,24.9076210,312557.98,2755687.97,"2025-10-01 11:02:00",,0.5,,SS,-,mg/L,
2092,,,,,121.6192840,24.9076210,312557.98,2755687.97,"2025-10-01 11:02:00",,0.5,,TMP,33.6,℃,
2092,,,,,121.6192840,24.9076210,312557.98,2755687.97,"2025-10-01 11:02:00",,0.5,,SampleDepth,0.5,m,
2092,,,,,121.6192840,24.9076210,312557.98,2755687.97,"2025-10-01 11:02:00",,0.5,,EC,78,μmho/cm25℃,
2092,,,,,121.6192840,24.9076210,312557.98,2755687.97,"2025-10-01 11:02:00",,0.5,,TB,1.0,NTU,
2092,,,,,121.6192840,24.9076210,312557.98,2755687.97,"2025-10-01 11:02:00",,0.5,,pH,7.1," ",
2092,,,,,121.6192840,24.9076210,312557.98,2755687.97,"2025-10-01 11:02:00",,0.5,,SD,5.0,m,
2092,,,,,121.6192840,24.9076210,312557.98,2755687.97,"2025-10-01 11:02:00",,0.5,,WT,31.2,℃,
2092,,,,,121.6192840,24.9076210,312557.98,2755687.97,"2025-10-01 11:02:00",,0.5,,CTSI,37,,
2091,,,,,121.5972510,24.9038220,310334.08,2755257.22,"2025-10-01 11:18:00",,0.5,,Chl_a,4.7,μg/L,
2091,,,,,121.5972510,24.9038220,310334.08,2755257.22,"2025-10-01 11:18:00",,0.5,,TP,0.008,mg/L,
2091,,,,,121.5972510,24.9038220,310334.08,2755257.22,"2025-10-01 11:18:00",,0.5,,PO4,-,mg/L,
2091,,,,,121.5972510,24.9038220,310334.08,2755257.22,"2025-10-01 11:18:00",,0.5,,DOS,-,%,
2091,,,,,121.5972510,24.9038220,310334.08,2755257.22,"2025-10-01 11:18:00",,0.5,,DO2,-,mg/L,
2091,,,,,121.5972510,24.9038220,310334.08,2755257.22,"2025-10-01 11:18:00",,0.5,,TAlk,-,mg/L,
2091,,,,,121.5972510,24.9038220,310334.08,2755257.22,"2025-10-01 11:18:00",,0.5,,TH,-,mg/L,
2091,,,,,121.5972510,24.9038220,310334.08,2755257.22,"2025-10-01 11:18:00",,0.5,,TN,-,mg/L,
2091,,,,,121.5972510,24.9038220,310334.08,2755257.22,"2025-10-01 11:18:00",,0.5,,NO2_N,-,mg/L,
2091,,,,,121.5972510,24.9038220,310334.08,2755257.22,"2025-10-01 11:18:00",,0.5,,NO3_N,-,mg/L,
2091,,,,,121.5972510,24.9038220,310334.08,2755257.22,"2025-10-01 11:18:00",,0.5,,TKN,-,mg/L,
2091,,,,,121.5972510,24.9038220,310334.08,2755257.22,"2025-10-01 11:18:00",,0.5,,Norg,-,mg/L,
2091,,,,,121.5972510,24.9038220,310334.08,2755257.22,"2025-10-01 11:18:00",,0.5,,NH3_N,<0.01,mg/L,
2091,,,,,121.5972510,24.9038220,310334.08,2755257.22,"2025-10-01 11:18:00",,0.5,,TOC,-,mg/L,
2091,,,,,121.5972510,24.9038220,310334.08,2755257.22,"2025-10-01 11:18:00",,0.5,,COD,4.958,mg/L,
2091,,,,,121.5972510,24.9038220,310334.08,2755257.22,"2025-10-01 11:18:00",,0.5,,DO,7.9,mg/L,
2091,,,,,121.5972510,24.9038220,310334.08,2755257.22,"2025-10-01 11:18:00",,0.5,,SS,-,mg/L,
2091,,,,,121.5972510,24.9038220,310334.08,2755257.22,"2025-10-01 11:18:00",,0.5,,TMP,33.5,℃,
2091,,,,,121.5972510,24.9038220,310334.08,2755257.22,"2025-10-01 11:18:00",,0.5,,SampleDepth,0.5,m,
2091,,,,,121.5972510,24.9038220,310334.08,2755257.22,"2025-10-01 11:18:00",,0.5,,EC,77,μmho/cm25℃,
2091,,,,,121.5972510,24.9038220,310334.08,2755257.22,"2025-10-01 11:18:00",,0.5,,TB,0.9,NTU,
2091,,,,,121.5972510,24.9038220,310334.08,2755257.22,"2025-10-01 11:18:00",,0.5,,pH,7.1," ",
2091,,,,,121.5972510,24.9038220,310334.08,2755257.22,"2025-10-01 11:18:00",,0.5,,SD,5.1,m,
2091,,,,,121.5972510,24.9038220,310334.08,2755257.22,"2025-10-01 11:18:00",,0.5,,WT,30.8,℃,
2091,,,,,121.5972510,24.9038220,310334.08,2755257.22,"2025-10-01 11:18:00",,0.5,,CTSI,39,,
2090,,,,,121.5836770,24.9108769,308959.444019636,2756032.68398233,"2025-10-01 11:28:00",,0.5,,Chl_a,2.8,μg/L,
2090,,,,,121.5836770,24.9108769,308959.444019636,2756032.68398233,"2025-10-01 11:28:00",,0.5,,TP,0.010,mg/L,
2090,,,,,121.5836770,24.9108769,308959.444019636,2756032.68398233,"2025-10-01 11:28:00",,0.5,,PO4,-,mg/L,
2090,,,,,121.5836770,24.9108769,308959.444019636,2756032.68398233,"2025-10-01 11:28:00",,0.5,,DOS,-,%,
2090,,,,,121.5836770,24.9108769,308959.444019636,2756032.68398233,"2025-10-01 11:28:00",,0.5,,DO2,-,mg/L,
2090,,,,,121.5836770,24.9108769,308959.444019636,2756032.68398233,"2025-10-01 11:28:00",,0.5,,TAlk,-,mg/L,
2090,,,,,121.5836770,24.9108769,308959.444019636,2756032.68398233,"2025-10-01 11:28:00",,0.5,,TH,-,mg/L,
2090,,,,,121.5836770,24.9108769,308959.444019636,2756032.68398233,"2025-10-01 11:28:00",,0.5,,TN,-,mg/L,
2090,,,,,121.5836770,24.9108769,308959.444019636,2756032.68398233,"2025-10-01 11:28:00",,0.5,,NO2_N,-,mg/L,
2090,,,,,121.5836770,24.9108769,308959.444019636,2756032.68398233,"2025-10-01 11:28:00",,0.5,,NO3_N,-,mg/L,
2090,,,,,121.5836770,24.9108769,308959.444019636,2756032.68398233,"2025-10-01 11:28:00",,0.5,,TKN,-,mg/L,
2090,,,,,121.5836770,24.9108769,308959.444019636,2756032.68398233,"2025-10-01 11:28:00",,0.5,,Norg,-,mg/L,
2090,,,,,121.5836770,24.9108769,308959.444019636,2756032.68398233,"2025-10-01 11:28:00",,0.5,,NH3_N,0.0145,mg/L,
2090,,,,,121.5836770,24.9108769,308959.444019636,2756032.68398233,"2025-10-01 11:28:00",,0.5,,TOC,-,mg/L,
2090,,,,,121.5836770,24.9108769,308959.444019636,2756032.68398233,"2025-10-01 11:28:00",,0.5,,COD,3.966,mg/L,
2090,,,,,121.5836770,24.9108769,308959.444019636,2756032.68398233,"2025-10-01 11:28:00",,0.5,,DO,7.8,mg/L,
2090,,,,,121.5836770,24.9108769,308959.444019636,2756032.68398233,"2025-10-01 11:28:00",,0.5,,SS,-,mg/L,
2090,,,,,121.5836770,24.9108769,308959.444019636,2756032.68398233,"2025-10-01 11:28:00",,0.5,,TMP,33.5,℃,
2090,,,,,121.5836770,24.9108769,308959.444019636,2756032.68398233,"2025-10-01 11:28:00",,0.5,,SampleDepth,0.5,m,
2090,,,,,121.5836770,24.9108769,308959.444019636,2756032.68398233,"2025-10-01 11:28:00",,0.5,,EC,78,μmho/cm25℃,
2090,,,,,121.5836770,24.9108769,308959.444019636,2756032.68398233,"2025-10-01 11:28:00",,0.5,,TB,0.9,NTU,
2090,,,,,121.5836770,24.9108769,308959.444019636,2756032.68398233,"2025-10-01 11:28:00",,0.5,,pH,7.1," ",
2090,,,,,121.5836770,24.9108769,308959.444019636,2756032.68398233,"2025-10-01 11:28:00",,0.5,,SD,5.8,m,
2090,,,,,121.5836770,24.9108769,308959.444019636,2756032.68398233,"2025-10-01 11:28:00",,0.5,,WT,31.5,℃,
2090,,,,,121.5836770,24.9108769,308959.444019636,2756032.68398233,"2025-10-01 11:28:00",,0.5,,CTSI,38,,
2212,湖山水庫二,湖山水庫,雲林縣,莿桐鄉,120.6302778,23.6791667,212291.03,2619541.36,"2025-09-18 11:27:00",表水,0.5,葉綠素a,Chl_a,3.4,μg/L,
2212,湖山水庫二,湖山水庫,雲林縣,莿桐鄉,120.6302778,23.6791667,212291.03,2619541.36,"2025-09-18 11:27:00",表水,0.5,總磷,TP,0.038,mg/L,
2212,湖山水庫二,湖山水庫,雲林縣,莿桐鄉,120.6302778,23.6791667,212291.03,2619541.36,"2025-09-18 11:27:00",表水,0.5,正磷酸鹽,PO4,-,mg/L,
2212,湖山水庫二,湖山水庫,雲林縣,莿桐鄉,120.6302778,23.6791667,212291.03,2619541.36,"2025-09-18 11:27:00",表水,0.5,溶氧飽和度,DOS,124.2,%,
2212,湖山水庫二,湖山水庫,雲林縣,莿桐鄉,120.6302778,23.6791667,212291.03,2619541.36,"2025-09-18 11:27:00",表水,0.5,溶氧(滴定法),DO2,-,mg/L,
2212,湖山水庫二,湖山水庫,雲林縣,莿桐鄉,120.6302778,23.6791667,212291.03,2619541.36,"2025-09-18 11:27:00",表水,0.5,總鹼度,TAlk,-,mg/L,
2212,湖山水庫二,湖山水庫,雲林縣,莿桐鄉,120.6302778,23.6791667,212291.03,2619541.36,"2025-09-18 11:27:00",表水,0.5,總硬度,TH,-,mg/L,
2212,湖山水庫二,湖山水庫,雲林縣,莿桐鄉,120.6302778,23.6791667,212291.03,2619541.36,"2025-09-18 11:27:00",表水,0.5,總氮,TN,0.71,mg/L,
2212,湖山水庫二,湖山水庫,雲林縣,莿桐鄉,120.6302778,23.6791667,212291.03,2619541.36,"2025-09-18 11:27:00",表水,0.5,亞硝酸鹽氮,NO2_N,-,mg/L,
2212,湖山水庫二,湖山水庫,雲林縣,莿桐鄉,120.6302778,23.6791667,212291.03,2619541.36,"2025-09-18 11:27:00",表水,0.5,硝酸鹽氮,NO3_N,-,mg/L,
2212,湖山水庫二,湖山水庫,雲林縣,莿桐鄉,120.6302778,23.6791667,212291.03,2619541.36,"2025-09-18 11:27:00",表水,0.5,總凱氏氮,TKN,-,mg/L,
2212,湖山水庫二,湖山水庫,雲林縣,莿桐鄉,120.6302778,23.6791667,212291.03,2619541.36,"2025-09-18 11:27:00",表水,0.5,有機氮,Norg,-,mg/L,
2212,湖山水庫二,湖山水庫,雲林縣,莿桐鄉,120.6302778,23.6791667,212291.03,2619541.36,"2025-09-18 11:27:00",表水,0.5,氨氮,NH3_N,0.02,mg/L,
2212,湖山水庫二,湖山水庫,雲林縣,莿桐鄉,120.6302778,23.6791667,212291.03,2619541.36,"2025-09-18 11:27:00",表水,0.5,總有機碳,TOC,1.55,mg/L,
2212,湖山水庫二,湖山水庫,雲林縣,莿桐鄉,120.6302778,23.6791667,212291.03,2619541.36,"2025-09-18 11:27:00",表水,0.5,化學需氧量,COD,4.5,mg/L,
2212,湖山水庫二,湖山水庫,雲林縣,莿桐鄉,120.6302778,23.6791667,212291.03,2619541.36,"2025-09-18 11:27:00",表水,0.5,溶氧(電極法),DO,8.9,mg/L,
2212,湖山水庫二,湖山水庫,雲林縣,莿桐鄉,120.6302778,23.6791667,212291.03,2619541.36,"2025-09-18 11:27:00",表水,0.5,懸浮固體,SS,4.0,mg/L,
2212,湖山水庫二,湖山水庫,雲林縣,莿桐鄉,120.6302778,23.6791667,212291.03,2619541.36,"2025-09-18 11:27:00",表水,0.5,氣溫,TMP,30.5,℃,
2212,湖山水庫二,湖山水庫,雲林縣,莿桐鄉,120.6302778,23.6791667,212291.03,2619541.36,"2025-09-18 11:27:00",表水,0.5,採樣深度,SampleDepth,0.5,m,
2212,湖山水庫二,湖山水庫,雲林縣,莿桐鄉,120.6302778,23.6791667,212291.03,2619541.36,"2025-09-18 11:27:00",表水,0.5,導電度,EC,302,μmho/cm25℃,
2212,湖山水庫二,湖山水庫,雲林縣,莿桐鄉,120.6302778,23.6791667,212291.03,2619541.36,"2025-09-18 11:27:00",表水,0.5,濁度,TB,2.0,NTU,
2212,湖山水庫二,湖山水庫,雲林縣,莿桐鄉,120.6302778,23.6791667,212291.03,2619541.36,"2025-09-18 11:27:00",表水,0.5,酸鹼值,pH,8.6," ",
2212,湖山水庫二,湖山水庫,雲林縣,莿桐鄉,120.6302778,23.6791667,212291.03,2619541.36,"2025-09-18 11:27:00",表水,0.5,透明度,SD,1.6,m,
2212,湖山水庫二,湖山水庫,雲林縣,莿桐鄉,120.6302778,23.6791667,212291.03,2619541.36,"2025-09-18 11:27:00",表水,0.5,水溫,WT,31.6,℃,
2212,湖山水庫二,湖山水庫,雲林縣,莿桐鄉,120.6302778,23.6791667,212291.03,2619541.36,"2025-09-18 11:27:00",表水,0.5,卡爾森指數,CTSI,51,,
2210,湖山水庫一,湖山水庫,雲林縣,莿桐鄉,120.6255556,23.6840833,211810.82,2620087.10,"2025-09-18 11:43:00",表水,0.5,葉綠素a,Chl_a,3.6,μg/L,
2210,湖山水庫一,湖山水庫,雲林縣,莿桐鄉,120.6255556,23.6840833,211810.82,2620087.10,"2025-09-18 11:43:00",表水,0.5,總磷,TP,0.040,mg/L,
2210,湖山水庫一,湖山水庫,雲林縣,莿桐鄉,120.6255556,23.6840833,211810.82,2620087.10,"2025-09-18 11:43:00",表水,0.5,正磷酸鹽,PO4,-,mg/L,
2210,湖山水庫一,湖山水庫,雲林縣,莿桐鄉,120.6255556,23.6840833,211810.82,2620087.10,"2025-09-18 11:43:00",表水,0.5,溶氧飽和度,DOS,124.9,%,
2210,湖山水庫一,湖山水庫,雲林縣,莿桐鄉,120.6255556,23.6840833,211810.82,2620087.10,"2025-09-18 11:43:00",表水,0.5,溶氧(滴定法),DO2,-,mg/L,
2210,湖山水庫一,湖山水庫,雲林縣,莿桐鄉,120.6255556,23.6840833,211810.82,2620087.10,"2025-09-18 11:43:00",表水,0.5,總鹼度,TAlk,-,mg/L,
2210,湖山水庫一,湖山水庫,雲林縣,莿桐鄉,120.6255556,23.6840833,211810.82,2620087.10,"2025-09-18 11:43:00",表水,0.5,總硬度,TH,-,mg/L,
2210,湖山水庫一,湖山水庫,雲林縣,莿桐鄉,120.6255556,23.6840833,211810.82,2620087.10,"2025-09-18 11:43:00",表水,0.5,總氮,TN,0.75,mg/L,
2210,湖山水庫一,湖山水庫,雲林縣,莿桐鄉,120.6255556,23.6840833,211810.82,2620087.10,"2025-09-18 11:43:00",表水,0.5,亞硝酸鹽氮,NO2_N,-,mg/L,
2210,湖山水庫一,湖山水庫,雲林縣,莿桐鄉,120.6255556,23.6840833,211810.82,2620087.10,"2025-09-18 11:43:00",表水,0.5,硝酸鹽氮,NO3_N,-,mg/L,
2210,湖山水庫一,湖山水庫,雲林縣,莿桐鄉,120.6255556,23.6840833,211810.82,2620087.10,"2025-09-18 11:43:00",表水,0.5,總凱氏氮,TKN,-,mg/L,
2210,湖山水庫一,湖山水庫,雲林縣,莿桐鄉,120.6255556,23.6840833,211810.82,2620087.10,"2025-09-18 11:43:00",表水,0.5,有機氮,Norg,-,mg/L,
2210,湖山水庫一,湖山水庫,雲林縣,莿桐鄉,120.6255556,23.6840833,211810.82,2620087.10,"2025-09-18 11:43:00",表水,0.5,氨氮,NH3_N,0.01,mg/L,
2210,湖山水庫一,湖山水庫,雲林縣,莿桐鄉,120.6255556,23.6840833,211810.82,2620087.10,"2025-09-18 11:43:00",表水,0.5,總有機碳,TOC,1.22,mg/L,
2210,湖山水庫一,湖山水庫,雲林縣,莿桐鄉,120.6255556,23.6840833,211810.82,2620087.10,"2025-09-18 11:43:00",表水,0.5,化學需氧量,COD,<4.0,mg/L,
2210,湖山水庫一,湖山水庫,雲林縣,莿桐鄉,120.6255556,23.6840833,211810.82,2620087.10,"2025-09-18 11:43:00",表水,0.5,溶氧(電極法),DO,9.1,mg/L,
2210,湖山水庫一,湖山水庫,雲林縣,莿桐鄉,120.6255556,23.6840833,211810.82,2620087.10,"2025-09-18 11:43:00",表水,0.5,懸浮固體,SS,3.8,mg/L,
2210,湖山水庫一,湖山水庫,雲林縣,莿桐鄉,120.6255556,23.6840833,211810.82,2620087.10,"2025-09-18 11:43:00",表水,0.5,氣溫,TMP,30.8,℃,
2210,湖山水庫一,湖山水庫,雲林縣,莿桐鄉,120.6255556,23.6840833,211810.82,2620087.10,"2025-09-18 11:43:00",表水,0.5,採樣深度,SampleDepth,0.5,m,
2210,湖山水庫一,湖山水庫,雲林縣,莿桐鄉,120.6255556,23.6840833,211810.82,2620087.10,"2025-09-18 11:43:00",表水,0.5,導電度,EC,300,μmho/cm25℃,
2210,湖山水庫一,湖山水庫,雲林縣,莿桐鄉,120.6255556,23.6840833,211810.82,2620087.10,"2025-09-18 11:43:00",表水,0.5,濁度,TB,1.7,NTU,
2210,湖山水庫一,湖山水庫,雲林縣,莿桐鄉,120.6255556,23.6840833,211810.82,2620087.10,"2025-09-18 11:43:00",表水,0.5,酸鹼值,pH,8.62," ",
2210,湖山水庫一,湖山水庫,雲林縣,莿桐鄉,120.6255556,23.6840833,211810.82,2620087.10,"2025-09-18 11:43:00",表水,0.5,透明度,SD,1.8,m,
2210,湖山水庫一,湖山水庫,雲林縣,莿桐鄉,120.6255556,23.6840833,211810.82,2620087.10,"2025-09-18 11:43:00",表水,0.5,水溫,WT,31,℃,
2210,湖山水庫一,湖山水庫,雲林縣,莿桐鄉,120.6255556,23.6840833,211810.82,2620087.10,"2025-09-18 11:43:00",表水,0.5,卡爾森指數,CTSI,51,,
2204,寶二水庫一,寶二水庫,新竹縣,北埔鄉,121.0444444,24.7194953,254496.36,2734709.69,"2025-09-12 09:19:46",表水,0.5,葉綠素a,Chl_a,9.8,μg/L,
2204,寶二水庫一,寶二水庫,新竹縣,北埔鄉,121.0444444,24.7194953,254496.36,2734709.69,"2025-09-12 09:19:46",表水,0.5,總磷,TP,0.024,mg/L,
2204,寶二水庫一,寶二水庫,新竹縣,北埔鄉,121.0444444,24.7194953,254496.36,2734709.69,"2025-09-12 09:19:46",表水,0.5,正磷酸鹽,PO4,-,mg/L,
2204,寶二水庫一,寶二水庫,新竹縣,北埔鄉,121.0444444,24.7194953,254496.36,2734709.69,"2025-09-12 09:19:46",表水,0.5,溶氧飽和度,DOS,155.6,%,
2204,寶二水庫一,寶二水庫,新竹縣,北埔鄉,121.0444444,24.7194953,254496.36,2734709.69,"2025-09-12 09:19:46",表水,0.5,溶氧(滴定法),DO2,-,mg/L,
2204,寶二水庫一,寶二水庫,新竹縣,北埔鄉,121.0444444,24.7194953,254496.36,2734709.69,"2025-09-12 09:19:46",表水,0.5,總鹼度,TAlk,-,mg/L,
2204,寶二水庫一,寶二水庫,新竹縣,北埔鄉,121.0444444,24.7194953,254496.36,2734709.69,"2025-09-12 09:19:46",表水,0.5,總硬度,TH,-,mg/L,
2204,寶二水庫一,寶二水庫,新竹縣,北埔鄉,121.0444444,24.7194953,254496.36,2734709.69,"2025-09-12 09:19:46",表水,0.5,總氮,TN,-,mg/L,
2204,寶二水庫一,寶二水庫,新竹縣,北埔鄉,121.0444444,24.7194953,254496.36,2734709.69,"2025-09-12 09:19:46",表水,0.5,亞硝酸鹽氮,NO2_N,-,mg/L,
2204,寶二水庫一,寶二水庫,新竹縣,北埔鄉,121.0444444,24.7194953,254496.36,2734709.69,"2025-09-12 09:19:46",表水,0.5,硝酸鹽氮,NO3_N,-,mg/L,
2204,寶二水庫一,寶二水庫,新竹縣,北埔鄉,121.0444444,24.7194953,254496.36,2734709.69,"2025-09-12 09:19:46",表水,0.5,總凱氏氮,TKN,-,mg/L,
2204,寶二水庫一,寶二水庫,新竹縣,北埔鄉,121.0444444,24.7194953,254496.36,2734709.69,"2025-09-12 09:19:46",表水,0.5,有機氮,Norg,-,mg/L,
2204,寶二水庫一,寶二水庫,新竹縣,北埔鄉,121.0444444,24.7194953,254496.36,2734709.69,"2025-09-12 09:19:46",表水,0.5,氨氮,NH3_N,0.02,mg/L,
2204,寶二水庫一,寶二水庫,新竹縣,北埔鄉,121.0444444,24.7194953,254496.36,2734709.69,"2025-09-12 09:19:46",表水,0.5,總有機碳,TOC,-,mg/L,
2204,寶二水庫一,寶二水庫,新竹縣,北埔鄉,121.0444444,24.7194953,254496.36,2734709.69,"2025-09-12 09:19:46",表水,0.5,化學需氧量,COD,6.5,mg/L,
2204,寶二水庫一,寶二水庫,新竹縣,北埔鄉,121.0444444,24.7194953,254496.36,2734709.69,"2025-09-12 09:19:46",表水,0.5,溶氧(電極法),DO,11.5,mg/L,
2204,寶二水庫一,寶二水庫,新竹縣,北埔鄉,121.0444444,24.7194953,254496.36,2734709.69,"2025-09-12 09:19:46",表水,0.5,懸浮固體,SS,2.8,mg/L,
2204,寶二水庫一,寶二水庫,新竹縣,北埔鄉,121.0444444,24.7194953,254496.36,2734709.69,"2025-09-12 09:19:46",表水,0.5,氣溫,TMP,32.7,℃,
2204,寶二水庫一,寶二水庫,新竹縣,北埔鄉,121.0444444,24.7194953,254496.36,2734709.69,"2025-09-12 09:19:46",表水,0.5,採樣深度,SampleDepth,0.5,m,
2204,寶二水庫一,寶二水庫,新竹縣,北埔鄉,121.0444444,24.7194953,254496.36,2734709.69,"2025-09-12 09:19:46",表水,0.5,導電度,EC,246,μmho/cm25℃,
2204,寶二水庫一,寶二水庫,新竹縣,北埔鄉,121.0444444,24.7194953,254496.36,2734709.69,"2025-09-12 09:19:46",表水,0.5,濁度,TB,2.1,NTU,
2204,寶二水庫一,寶二水庫,新竹縣,北埔鄉,121.0444444,24.7194953,254496.36,2734709.69,"2025-09-12 09:19:46",表水,0.5,酸鹼值,pH,9.03," ",
2204,寶二水庫一,寶二水庫,新竹縣,北埔鄉,121.0444444,24.7194953,254496.36,2734709.69,"2025-09-12 09:19:46",表水,0.5,透明度,SD,1.8,m,
2204,寶二水庫一,寶二水庫,新竹縣,北埔鄉,121.0444444,24.7194953,254496.36,2734709.69,"2025-09-12 09:19:46",表水,0.5,水溫,WT,30.5,℃,
2204,寶二水庫一,寶二水庫,新竹縣,北埔鄉,121.0444444,24.7194953,254496.36,2734709.69,"2025-09-12 09:19:46",表水,0.5,卡爾森指數,CTSI,51,,
2203,石門水庫六,石門水庫,桃園市,大溪區,121.3020833,24.8067222,280539.91,2744403.82,"2025-09-11 09:17:47",表水,0.5,葉綠素a,Chl_a,5.0,μg/L,
2203,石門水庫六,石門水庫,桃園市,大溪區,121.3020833,24.8067222,280539.91,2744403.82,"2025-09-11 09:17:47",表水,0.5,總磷,TP,0.026,mg/L,
2203,石門水庫六,石門水庫,桃園市,大溪區,121.3020833,24.8067222,280539.91,2744403.82,"2025-09-11 09:17:47",表水,0.5,正磷酸鹽,PO4,-,mg/L,
2203,石門水庫六,石門水庫,桃園市,大溪區,121.3020833,24.8067222,280539.91,2744403.82,"2025-09-11 09:17:47",表水,0.5,溶氧飽和度,DOS,123.9,%,
2203,石門水庫六,石門水庫,桃園市,大溪區,121.3020833,24.8067222,280539.91,2744403.82,"2025-09-11 09:17:47",表水,0.5,溶氧(滴定法),DO2,-,mg/L,
2203,石門水庫六,石門水庫,桃園市,大溪區,121.3020833,24.8067222,280539.91,2744403.82,"2025-09-11 09:17:47",表水,0.5,總鹼度,TAlk,-,mg/L,
2203,石門水庫六,石門水庫,桃園市,大溪區,121.3020833,24.8067222,280539.91,2744403.82,"2025-09-11 09:17:47",表水,0.5,總硬度,TH,-,mg/L,
2203,石門水庫六,石門水庫,桃園市,大溪區,121.3020833,24.8067222,280539.91,2744403.82,"2025-09-11 09:17:47",表水,0.5,總氮,TN,<0.20,mg/L,
2203,石門水庫六,石門水庫,桃園市,大溪區,121.3020833,24.8067222,280539.91,2744403.82,"2025-09-11 09:17:47",表水,0.5,亞硝酸鹽氮,NO2_N,-,mg/L,
2203,石門水庫六,石門水庫,桃園市,大溪區,121.3020833,24.8067222,280539.91,2744403.82,"2025-09-11 09:17:47",表水,0.5,硝酸鹽氮,NO3_N,-,mg/L,
2203,石門水庫六,石門水庫,桃園市,大溪區,121.3020833,24.8067222,280539.91,2744403.82,"2025-09-11 09:17:47",表水,0.5,總凱氏氮,TKN,-,mg/L,
2203,石門水庫六,石門水庫,桃園市,大溪區,121.3020833,24.8067222,280539.91,2744403.82,"2025-09-11 09:17:47",表水,0.5,有機氮,Norg,-,mg/L,
2203,石門水庫六,石門水庫,桃園市,大溪區,121.3020833,24.8067222,280539.91,2744403.82,"2025-09-11 09:17:47",表水,0.5,氨氮,NH3_N,0.06,mg/L,
2203,石門水庫六,石門水庫,桃園市,大溪區,121.3020833,24.8067222,280539.91,2744403.82,"2025-09-11 09:17:47",表水,0.5,總有機碳,TOC,1.48,mg/L,
2203,石門水庫六,石門水庫,桃園市,大溪區,121.3020833,24.8067222,280539.91,2744403.82,"2025-09-11 09:17:47",表水,0.5,化學需氧量,COD,5.6,mg/L,
2203,石門水庫六,石門水庫,桃園市,大溪區,121.3020833,24.8067222,280539.91,2744403.82,"2025-09-11 09:17:47",表水,0.5,溶氧(電極法),DO,9.1,mg/L,
2203,石門水庫六,石門水庫,桃園市,大溪區,121.3020833,24.8067222,280539.91,2744403.82,"2025-09-11 09:17:47",表水,0.5,懸浮固體,SS,2.6,mg/L,
2203,石門水庫六,石門水庫,桃園市,大溪區,121.3020833,24.8067222,280539.91,2744403.82,"2025-09-11 09:17:47",表水,0.5,氣溫,TMP,27.3,℃,
2203,石門水庫六,石門水庫,桃園市,大溪區,121.3020833,24.8067222,280539.91,2744403.82,"2025-09-11 09:17:47",表水,0.5,採樣深度,SampleDepth,0.5,m,
2203,石門水庫六,石門水庫,桃園市,大溪區,121.3020833,24.8067222,280539.91,2744403.82,"2025-09-11 09:17:47",表水,0.5,導電度,EC,200,μmho/cm25℃,
2203,石門水庫六,石門水庫,桃園市,大溪區,121.3020833,24.8067222,280539.91,2744403.82,"2025-09-11 09:17:47",表水,0.5,濁度,TB,1.8,NTU,
2203,石門水庫六,石門水庫,桃園市,大溪區,121.3020833,24.8067222,280539.91,2744403.82,"2025-09-11 09:17:47",表水,0.5,酸鹼值,pH,9.08," ",
2203,石門水庫六,石門水庫,桃園市,大溪區,121.3020833,24.8067222,280539.91,2744403.82,"2025-09-11 09:17:47",表水,0.5,透明度,SD,2.2,m,
2203,石門水庫六,石門水庫,桃園市,大溪區,121.3020833,24.8067222,280539.91,2744403.82,"2025-09-11 09:17:47",表水,0.5,水溫,WT,29.7,℃,
2203,石門水庫六,石門水庫,桃園市,大溪區,121.3020833,24.8067222,280539.91,2744403.82,"2025-09-11 09:17:47",表水,0.5,卡爾森指數,CTSI,49,,
2202,大埔水庫,大埔水庫,新竹縣,峨眉鄉,120.9837520,24.6759130,248355.66,2729882.00,"2025-09-22 11:00:00",表水,,葉綠素a,Chl_a,-,μg/L,
2202,大埔水庫,大埔水庫,新竹縣,峨眉鄉,120.9837520,24.6759130,248355.66,2729882.00,"2025-09-22 11:00:00",表水,,總磷,TP,-,mg/L,
2202,大埔水庫,大埔水庫,新竹縣,峨眉鄉,120.9837520,24.6759130,248355.66,2729882.00,"2025-09-22 11:00:00",表水,,正磷酸鹽,PO4,-,mg/L,
2202,大埔水庫,大埔水庫,新竹縣,峨眉鄉,120.9837520,24.6759130,248355.66,2729882.00,"2025-09-22 11:00:00",表水,,溶氧飽和度,DOS,-,%,
2202,大埔水庫,大埔水庫,新竹縣,峨眉鄉,120.9837520,24.6759130,248355.66,2729882.00,"2025-09-22 11:00:00",表水,,溶氧(滴定法),DO2,-,mg/L,
2202,大埔水庫,大埔水庫,新竹縣,峨眉鄉,120.9837520,24.6759130,248355.66,2729882.00,"2025-09-22 11:00:00",表水,,總鹼度,TAlk,-,mg/L,
2202,大埔水庫,大埔水庫,新竹縣,峨眉鄉,120.9837520,24.6759130,248355.66,2729882.00,"2025-09-22 11:00:00",表水,,總硬度,TH,-,mg/L,
2202,大埔水庫,大埔水庫,新竹縣,峨眉鄉,120.9837520,24.6759130,248355.66,2729882.00,"2025-09-22 11:00:00",表水,,總氮,TN,-,mg/L,
2202,大埔水庫,大埔水庫,新竹縣,峨眉鄉,120.9837520,24.6759130,248355.66,2729882.00,"2025-09-22 11:00:00",表水,,亞硝酸鹽氮,NO2_N,-,mg/L,
2202,大埔水庫,大埔水庫,新竹縣,峨眉鄉,120.9837520,24.6759130,248355.66,2729882.00,"2025-09-22 11:00:00",表水,,硝酸鹽氮,NO3_N,-,mg/L,
2202,大埔水庫,大埔水庫,新竹縣,峨眉鄉,120.9837520,24.6759130,248355.66,2729882.00,"2025-09-22 11:00:00",表水,,總凱氏氮,TKN,-,mg/L,
2202,大埔水庫,大埔水庫,新竹縣,峨眉鄉,120.9837520,24.6759130,248355.66,2729882.00,"2025-09-22 11:00:00",表水,,有機氮,Norg,-,mg/L,
2202,大埔水庫,大埔水庫,新竹縣,峨眉鄉,120.9837520,24.6759130,248355.66,2729882.00,"2025-09-22 11:00:00",表水,,氨氮,NH3_N,-,mg/L,
2202,大埔水庫,大埔水庫,新竹縣,峨眉鄉,120.9837520,24.6759130,248355.66,2729882.00,"2025-09-22 11:00:00",表水,,總有機碳,TOC,-,mg/L,
2202,大埔水庫,大埔水庫,新竹縣,峨眉鄉,120.9837520,24.6759130,248355.66,2729882.00,"2025-09-22 11:00:00",表水,,化學需氧量,COD,-,mg/L,
2202,大埔水庫,大埔水庫,新竹縣,峨眉鄉,120.9837520,24.6759130,248355.66,2729882.00,"2025-09-22 11:00:00",表水,,溶氧(電極法),DO,-,mg/L,
2202,大埔水庫,大埔水庫,新竹縣,峨眉鄉,120.9837520,24.6759130,248355.66,2729882.00,"2025-09-22 11:00:00",表水,,懸浮固體,SS,-,mg/L,
2202,大埔水庫,大埔水庫,新竹縣,峨眉鄉,120.9837520,24.6759130,248355.66,2729882.00,"2025-09-22 11:00:00",表水,,氣溫,TMP,-,℃,
2202,大埔水庫,大埔水庫,新竹縣,峨眉鄉,120.9837520,24.6759130,248355.66,2729882.00,"2025-09-22 11:00:00",表水,,採樣深度,SampleDepth,-,m,
2202,大埔水庫,大埔水庫,新竹縣,峨眉鄉,120.9837520,24.6759130,248355.66,2729882.00,"2025-09-22 11:00:00",表水,,導電度,EC,-,μmho/cm25℃,
2202,大埔水庫,大埔水庫,新竹縣,峨眉鄉,120.9837520,24.6759130,248355.66,2729882.00,"2025-09-22 11:00:00",表水,,濁度,TB,-,NTU,
2202,大埔水庫,大埔水庫,新竹縣,峨眉鄉,120.9837520,24.6759130,248355.66,2729882.00,"2025-09-22 11:00:00",表水,,酸鹼值,pH,-," ",
2202,大埔水庫,大埔水庫,新竹縣,峨眉鄉,120.9837520,24.6759130,248355.66,2729882.00,"2025-09-22 11:00:00",表水,,透明度,SD,-,m,
2202,大埔水庫,大埔水庫,新竹縣,峨眉鄉,120.9837520,24.6759130,248355.66,2729882.00,"2025-09-22 11:00:00",表水,,水溫,WT,-,℃,
2202,大埔水庫,大埔水庫,新竹縣,峨眉鄉,120.9837520,24.6759130,248355.66,2729882.00,"2025-09-22 11:00:00",表水,,卡爾森指數,CTSI,-,,
2201,德基水庫五,德基水庫,臺中市,和平區,121.2476840,24.2700840,275146.96,2684957.04,"2025-09-19 08:30:00",表水,,葉綠素a,Chl_a,-,μg/L,
2201,德基水庫五,德基水庫,臺中市,和平區,121.2476840,24.2700840,275146.96,2684957.04,"2025-09-19 08:30:00",表水,,總磷,TP,-,mg/L,
2201,德基水庫五,德基水庫,臺中市,和平區,121.2476840,24.2700840,275146.96,2684957.04,"2025-09-19 08:30:00",表水,,正磷酸鹽,PO4,-,mg/L,
2201,德基水庫五,德基水庫,臺中市,和平區,121.2476840,24.2700840,275146.96,2684957.04,"2025-09-19 08:30:00",表水,,溶氧飽和度,DOS,-,%,
2201,德基水庫五,德基水庫,臺中市,和平區,121.2476840,24.2700840,275146.96,2684957.04,"2025-09-19 08:30:00",表水,,溶氧(滴定法),DO2,-,mg/L,
2201,德基水庫五,德基水庫,臺中市,和平區,121.2476840,24.2700840,275146.96,2684957.04,"2025-09-19 08:30:00",表水,,總鹼度,TAlk,-,mg/L,
2201,德基水庫五,德基水庫,臺中市,和平區,121.2476840,24.2700840,275146.96,2684957.04,"2025-09-19 08:30:00",表水,,總硬度,TH,-,mg/L,
2201,德基水庫五,德基水庫,臺中市,和平區,121.2476840,24.2700840,275146.96,2684957.04,"2025-09-19 08:30:00",表水,,總氮,TN,-,mg/L,
2201,德基水庫五,德基水庫,臺中市,和平區,121.2476840,24.2700840,275146.96,2684957.04,"2025-09-19 08:30:00",表水,,亞硝酸鹽氮,NO2_N,-,mg/L,
2201,德基水庫五,德基水庫,臺中市,和平區,121.2476840,24.2700840,275146.96,2684957.04,"2025-09-19 08:30:00",表水,,硝酸鹽氮,NO3_N,-,mg/L,
2201,德基水庫五,德基水庫,臺中市,和平區,121.2476840,24.2700840,275146.96,2684957.04,"2025-09-19 08:30:00",表水,,總凱氏氮,TKN,-,mg/L,
2201,德基水庫五,德基水庫,臺中市,和平區,121.2476840,24.2700840,275146.96,2684957.04,"2025-09-19 08:30:00",表水,,有機氮,Norg,-,mg/L,
2201,德基水庫五,德基水庫,臺中市,和平區,121.2476840,24.2700840,275146.96,2684957.04,"2025-09-19 08:30:00",表水,,氨氮,NH3_N,-,mg/L,
2201,德基水庫五,德基水庫,臺中市,和平區,121.2476840,24.2700840,275146.96,2684957.04,"2025-09-19 08:30:00",表水,,總有機碳,TOC,-,mg/L,
2201,德基水庫五,德基水庫,臺中市,和平區,121.2476840,24.2700840,275146.96,2684957.04,"2025-09-19 08:30:00",表水,,化學需氧量,COD,-,mg/L,
2201,德基水庫五,德基水庫,臺中市,和平區,121.2476840,24.2700840,275146.96,2684957.04,"2025-09-19 08:30:00",表水,,溶氧(電極法),DO,-,mg/L,
2201,德基水庫五,德基水庫,臺中市,和平區,121.2476840,24.2700840,275146.96,2684957.04,"2025-09-19 08:30:00",表水,,懸浮固體,SS,-,mg/L,
2201,德基水庫五,德基水庫,臺中市,和平區,121.2476840,24.2700840,275146.96,2684957.04,"2025-09-19 08:30:00",表水,,氣溫,TMP,-,℃,
2201,德基水庫五,德基水庫,臺中市,和平區,121.2476840,24.2700840,275146.96,2684957.04,"2025-09-19 08:30:00",表水,,採樣深度,SampleDepth,-,m,
2201,德基水庫五,德基水庫,臺中市,和平區,121.2476840,24.2700840,275146.96,2684957.04,"2025-09-19 08:30:00",表水,,導電度,EC,-,μmho/cm25℃,
2201,德基水庫五,德基水庫,臺中市,和平區,121.2476840,24.2700840,275146.96,2684957.04,"2025-09-19 08:30:00",表水,,濁度,TB,-,NTU,
2201,德基水庫五,德基水庫,臺中市,和平區,121.2476840,24.2700840,275146.96,2684957.04,"2025-09-19 08:30:00",表水,,酸鹼值,pH,-," ",
2201,德基水庫五,德基水庫,臺中市,和平區,121.2476840,24.2700840,275146.96,2684957.04,"2025-09-19 08:30:00",表水,,透明度,SD,-,m,
2201,德基水庫五,德基水庫,臺中市,和平區,121.2476840,24.2700840,275146.96,2684957.04,"2025-09-19 08:30:00",表水,,水溫,WT,-,℃,
2201,德基水庫五,德基水庫,臺中市,和平區,121.2476840,24.2700840,275146.96,2684957.04,"2025-09-19 08:30:00",表水,,卡爾森指數,CTSI,-,,
2191,牡丹水庫三,牡丹水庫,屏東縣,牡丹鄉,120.7823180,22.1471050,227547.16,2449860.69,"2025-09-03 10:22:42",表水,0.5,葉綠素a,Chl_a,6.7,μg/L,
2191,牡丹水庫三,牡丹水庫,屏東縣,牡丹鄉,120.7823180,22.1471050,227547.16,2449860.69,"2025-09-03 10:22:42",表水,0.5,總磷,TP,0.045,mg/L,
2191,牡丹水庫三,牡丹水庫,屏東縣,牡丹鄉,120.7823180,22.1471050,227547.16,2449860.69,"2025-09-03 10:22:42",表水,0.5,正磷酸鹽,PO4,-,mg/L,
2191,牡丹水庫三,牡丹水庫,屏東縣,牡丹鄉,120.7823180,22.1471050,227547.16,2449860.69,"2025-09-03 10:22:42",表水,0.5,溶氧飽和度,DOS,143.1,%,
2191,牡丹水庫三,牡丹水庫,屏東縣,牡丹鄉,120.7823180,22.1471050,227547.16,2449860.69,"2025-09-03 10:22:42",表水,0.5,溶氧(滴定法),DO2,-,mg/L,
2191,牡丹水庫三,牡丹水庫,屏東縣,牡丹鄉,120.7823180,22.1471050,227547.16,2449860.69,"2025-09-03 10:22:42",表水,0.5,總鹼度,TAlk,-,mg/L,
2191,牡丹水庫三,牡丹水庫,屏東縣,牡丹鄉,120.7823180,22.1471050,227547.16,2449860.69,"2025-09-03 10:22:42",表水,0.5,總硬度,TH,-,mg/L,
2191,牡丹水庫三,牡丹水庫,屏東縣,牡丹鄉,120.7823180,22.1471050,227547.16,2449860.69,"2025-09-03 10:22:42",表水,0.5,總氮,TN,<0.20,mg/L,
2191,牡丹水庫三,牡丹水庫,屏東縣,牡丹鄉,120.7823180,22.1471050,227547.16,2449860.69,"2025-09-03 10:22:42",表水,0.5,亞硝酸鹽氮,NO2_N,-,mg/L,
2191,牡丹水庫三,牡丹水庫,屏東縣,牡丹鄉,120.7823180,22.1471050,227547.16,2449860.69,"2025-09-03 10:22:42",表水,0.5,硝酸鹽氮,NO3_N,-,mg/L,
2191,牡丹水庫三,牡丹水庫,屏東縣,牡丹鄉,120.7823180,22.1471050,227547.16,2449860.69,"2025-09-03 10:22:42",表水,0.5,總凱氏氮,TKN,-,mg/L,
2191,牡丹水庫三,牡丹水庫,屏東縣,牡丹鄉,120.7823180,22.1471050,227547.16,2449860.69,"2025-09-03 10:22:42",表水,0.5,有機氮,Norg,-,mg/L,
2191,牡丹水庫三,牡丹水庫,屏東縣,牡丹鄉,120.7823180,22.1471050,227547.16,2449860.69,"2025-09-03 10:22:42",表水,0.5,氨氮,NH3_N,<0.01,mg/L,
2191,牡丹水庫三,牡丹水庫,屏東縣,牡丹鄉,120.7823180,22.1471050,227547.16,2449860.69,"2025-09-03 10:22:42",表水,0.5,總有機碳,TOC,1.26,mg/L,
2191,牡丹水庫三,牡丹水庫,屏東縣,牡丹鄉,120.7823180,22.1471050,227547.16,2449860.69,"2025-09-03 10:22:42",表水,0.5,化學需氧量,COD,4.2,mg/L,
2191,牡丹水庫三,牡丹水庫,屏東縣,牡丹鄉,120.7823180,22.1471050,227547.16,2449860.69,"2025-09-03 10:22:42",表水,0.5,溶氧(電極法),DO,10.6,mg/L,
2191,牡丹水庫三,牡丹水庫,屏東縣,牡丹鄉,120.7823180,22.1471050,227547.16,2449860.69,"2025-09-03 10:22:42",表水,0.5,懸浮固體,SS,5.0,mg/L,
2191,牡丹水庫三,牡丹水庫,屏東縣,牡丹鄉,120.7823180,22.1471050,227547.16,2449860.69,"2025-09-03 10:22:42",表水,0.5,氣溫,TMP,29.2,℃,
2191,牡丹水庫三,牡丹水庫,屏東縣,牡丹鄉,120.7823180,22.1471050,227547.16,2449860.69,"2025-09-03 10:22:42",表水,0.5,採樣深度,SampleDepth,0.5,m,
2191,牡丹水庫三,牡丹水庫,屏東縣,牡丹鄉,120.7823180,22.1471050,227547.16,2449860.69,"2025-09-03 10:22:42",表水,0.5,導電度,EC,216,μmho/cm25℃,
2191,牡丹水庫三,牡丹水庫,屏東縣,牡丹鄉,120.7823180,22.1471050,227547.16,2449860.69,"2025-09-03 10:22:42",表水,0.5,濁度,TB,3.3,NTU,
2191,牡丹水庫三,牡丹水庫,屏東縣,牡丹鄉,120.7823180,22.1471050,227547.16,2449860.69,"2025-09-03 10:22:42",表水,0.5,酸鹼值,pH,8.72," ",
2191,牡丹水庫三,牡丹水庫,屏東縣,牡丹鄉,120.7823180,22.1471050,227547.16,2449860.69,"2025-09-03 10:22:42",表水,0.5,透明度,SD,1.7,m,
2191,牡丹水庫三,牡丹水庫,屏東縣,牡丹鄉,120.7823180,22.1471050,227547.16,2449860.69,"2025-09-03 10:22:42",表水,0.5,水溫,WT,29.9,℃,
2191,牡丹水庫三,牡丹水庫,屏東縣,牡丹鄉,120.7823180,22.1471050,227547.16,2449860.69,"2025-09-03 10:22:42",表水,0.5,卡爾森指數,CTSI,54,,
2190,牡丹水庫二,牡丹水庫,屏東縣,牡丹鄉,120.7825670,22.1404030,227571.78,2449118.60,"2025-09-03 10:37:59",表水,0.5,葉綠素a,Chl_a,8.5,μg/L,
2190,牡丹水庫二,牡丹水庫,屏東縣,牡丹鄉,120.7825670,22.1404030,227571.78,2449118.60,"2025-09-03 10:37:59",表水,0.5,總磷,TP,0.102,mg/L,
2190,牡丹水庫二,牡丹水庫,屏東縣,牡丹鄉,120.7825670,22.1404030,227571.78,2449118.60,"2025-09-03 10:37:59",表水,0.5,正磷酸鹽,PO4,-,mg/L,
2190,牡丹水庫二,牡丹水庫,屏東縣,牡丹鄉,120.7825670,22.1404030,227571.78,2449118.60,"2025-09-03 10:37:59",表水,0.5,溶氧飽和度,DOS,127.8,%,
2190,牡丹水庫二,牡丹水庫,屏東縣,牡丹鄉,120.7825670,22.1404030,227571.78,2449118.60,"2025-09-03 10:37:59",表水,0.5,溶氧(滴定法),DO2,-,mg/L,
2190,牡丹水庫二,牡丹水庫,屏東縣,牡丹鄉,120.7825670,22.1404030,227571.78,2449118.60,"2025-09-03 10:37:59",表水,0.5,總鹼度,TAlk,-,mg/L,
2190,牡丹水庫二,牡丹水庫,屏東縣,牡丹鄉,120.7825670,22.1404030,227571.78,2449118.60,"2025-09-03 10:37:59",表水,0.5,總硬度,TH,-,mg/L,
2190,牡丹水庫二,牡丹水庫,屏東縣,牡丹鄉,120.7825670,22.1404030,227571.78,2449118.60,"2025-09-03 10:37:59",表水,0.5,總氮,TN,<0.20,mg/L,
2190,牡丹水庫二,牡丹水庫,屏東縣,牡丹鄉,120.7825670,22.1404030,227571.78,2449118.60,"2025-09-03 10:37:59",表水,0.5,亞硝酸鹽氮,NO2_N,-,mg/L,
2190,牡丹水庫二,牡丹水庫,屏東縣,牡丹鄉,120.7825670,22.1404030,227571.78,2449118.60,"2025-09-03 10:37:59",表水,0.5,硝酸鹽氮,NO3_N,-,mg/L,
2190,牡丹水庫二,牡丹水庫,屏東縣,牡丹鄉,120.7825670,22.1404030,227571.78,2449118.60,"2025-09-03 10:37:59",表水,0.5,總凱氏氮,TKN,-,mg/L,
2190,牡丹水庫二,牡丹水庫,屏東縣,牡丹鄉,120.7825670,22.1404030,227571.78,2449118.60,"2025-09-03 10:37:59",表水,0.5,有機氮,Norg,-,mg/L,
2190,牡丹水庫二,牡丹水庫,屏東縣,牡丹鄉,120.7825670,22.1404030,227571.78,2449118.60,"2025-09-03 10:37:59",表水,0.5,氨氮,NH3_N,<0.01,mg/L,
2190,牡丹水庫二,牡丹水庫,屏東縣,牡丹鄉,120.7825670,22.1404030,227571.78,2449118.60,"2025-09-03 10:37:59",表水,0.5,總有機碳,TOC,1.18,mg/L,
2190,牡丹水庫二,牡丹水庫,屏東縣,牡丹鄉,120.7825670,22.1404030,227571.78,2449118.60,"2025-09-03 10:37:59",表水,0.5,化學需氧量,COD,<4.0,mg/L,
2190,牡丹水庫二,牡丹水庫,屏東縣,牡丹鄉,120.7825670,22.1404030,227571.78,2449118.60,"2025-09-03 10:37:59",表水,0.5,溶氧(電極法),DO,9.4,mg/L,
2190,牡丹水庫二,牡丹水庫,屏東縣,牡丹鄉,120.7825670,22.1404030,227571.78,2449118.60,"2025-09-03 10:37:59",表水,0.5,懸浮固體,SS,4.1,mg/L,
2190,牡丹水庫二,牡丹水庫,屏東縣,牡丹鄉,120.7825670,22.1404030,227571.78,2449118.60,"2025-09-03 10:37:59",表水,0.5,氣溫,TMP,29.6,℃,
2190,牡丹水庫二,牡丹水庫,屏東縣,牡丹鄉,120.7825670,22.1404030,227571.78,2449118.60,"2025-09-03 10:37:59",表水,0.5,採樣深度,SampleDepth,0.5,m,
2190,牡丹水庫二,牡丹水庫,屏東縣,牡丹鄉,120.7825670,22.1404030,227571.78,2449118.60,"2025-09-03 10:37:59",表水,0.5,導電度,EC,230,μmho/cm25℃,
2190,牡丹水庫二,牡丹水庫,屏東縣,牡丹鄉,120.7825670,22.1404030,227571.78,2449118.60,"2025-09-03 10:37:59",表水,0.5,濁度,TB,4.0,NTU,
2190,牡丹水庫二,牡丹水庫,屏東縣,牡丹鄉,120.7825670,22.1404030,227571.78,2449118.60,"2025-09-03 10:37:59",表水,0.5,酸鹼值,pH,8.76," ",
2190,牡丹水庫二,牡丹水庫,屏東縣,牡丹鄉,120.7825670,22.1404030,227571.78,2449118.60,"2025-09-03 10:37:59",表水,0.5,透明度,SD,1.5,m,
2190,牡丹水庫二,牡丹水庫,屏東縣,牡丹鄉,120.7825670,22.1404030,227571.78,2449118.60,"2025-09-03 10:37:59",表水,0.5,水溫,WT,30.8,℃,
2190,牡丹水庫二,牡丹水庫,屏東縣,牡丹鄉,120.7825670,22.1404030,227571.78,2449118.60,"2025-09-03 10:37:59",表水,0.5,卡爾森指數,CTSI,59,,
2189,牡丹水庫一,牡丹水庫,屏東縣,牡丹鄉,120.7812880,22.1337920,227438.80,2448386.80,"2025-09-03 10:55:48",表水,0.5,葉綠素a,Chl_a,7.0,μg/L,
2189,牡丹水庫一,牡丹水庫,屏東縣,牡丹鄉,120.7812880,22.1337920,227438.80,2448386.80,"2025-09-03 10:55:48",表水,0.5,總磷,TP,0.046,mg/L,
2189,牡丹水庫一,牡丹水庫,屏東縣,牡丹鄉,120.7812880,22.1337920,227438.80,2448386.80,"2025-09-03 10:55:48",表水,0.5,正磷酸鹽,PO4,-,mg/L,
2189,牡丹水庫一,牡丹水庫,屏東縣,牡丹鄉,120.7812880,22.1337920,227438.80,2448386.80,"2025-09-03 10:55:48",表水,0.5,溶氧飽和度,DOS,125.2,%,
2189,牡丹水庫一,牡丹水庫,屏東縣,牡丹鄉,120.7812880,22.1337920,227438.80,2448386.80,"2025-09-03 10:55:48",表水,0.5,溶氧(滴定法),DO2,-,mg/L,
2189,牡丹水庫一,牡丹水庫,屏東縣,牡丹鄉,120.7812880,22.1337920,227438.80,2448386.80,"2025-09-03 10:55:48",表水,0.5,總鹼度,TAlk,-,mg/L,
2189,牡丹水庫一,牡丹水庫,屏東縣,牡丹鄉,120.7812880,22.1337920,227438.80,2448386.80,"2025-09-03 10:55:48",表水,0.5,總硬度,TH,-,mg/L,
2189,牡丹水庫一,牡丹水庫,屏東縣,牡丹鄉,120.7812880,22.1337920,227438.80,2448386.80,"2025-09-03 10:55:48",表水,0.5,總氮,TN,<0.20,mg/L,
2189,牡丹水庫一,牡丹水庫,屏東縣,牡丹鄉,120.7812880,22.1337920,227438.80,2448386.80,"2025-09-03 10:55:48",表水,0.5,亞硝酸鹽氮,NO2_N,-,mg/L,
2189,牡丹水庫一,牡丹水庫,屏東縣,牡丹鄉,120.7812880,22.1337920,227438.80,2448386.80,"2025-09-03 10:55:48",表水,0.5,硝酸鹽氮,NO3_N,-,mg/L,
2189,牡丹水庫一,牡丹水庫,屏東縣,牡丹鄉,120.7812880,22.1337920,227438.80,2448386.80,"2025-09-03 10:55:48",表水,0.5,總凱氏氮,TKN,-,mg/L,
2189,牡丹水庫一,牡丹水庫,屏東縣,牡丹鄉,120.7812880,22.1337920,227438.80,2448386.80,"2025-09-03 10:55:48",表水,0.5,有機氮,Norg,-,mg/L,
2189,牡丹水庫一,牡丹水庫,屏東縣,牡丹鄉,120.7812880,22.1337920,227438.80,2448386.80,"2025-09-03 10:55:48",表水,0.5,氨氮,NH3_N,<0.01,mg/L,
2189,牡丹水庫一,牡丹水庫,屏東縣,牡丹鄉,120.7812880,22.1337920,227438.80,2448386.80,"2025-09-03 10:55:48",表水,0.5,總有機碳,TOC,1.13,mg/L,
2189,牡丹水庫一,牡丹水庫,屏東縣,牡丹鄉,120.7812880,22.1337920,227438.80,2448386.80,"2025-09-03 10:55:48",表水,0.5,化學需氧量,COD,4.1,mg/L,
2189,牡丹水庫一,牡丹水庫,屏東縣,牡丹鄉,120.7812880,22.1337920,227438.80,2448386.80,"2025-09-03 10:55:48",表水,0.5,溶氧(電極法),DO,9.3,mg/L,
2189,牡丹水庫一,牡丹水庫,屏東縣,牡丹鄉,120.7812880,22.1337920,227438.80,2448386.80,"2025-09-03 10:55:48",表水,0.5,懸浮固體,SS,5.8,mg/L,
2189,牡丹水庫一,牡丹水庫,屏東縣,牡丹鄉,120.7812880,22.1337920,227438.80,2448386.80,"2025-09-03 10:55:48",表水,0.5,氣溫,TMP,30.2,℃,
2189,牡丹水庫一,牡丹水庫,屏東縣,牡丹鄉,120.7812880,22.1337920,227438.80,2448386.80,"2025-09-03 10:55:48",表水,0.5,採樣深度,SampleDepth,0.5,m,
2189,牡丹水庫一,牡丹水庫,屏東縣,牡丹鄉,120.7812880,22.1337920,227438.80,2448386.80,"2025-09-03 10:55:48",表水,0.5,導電度,EC,211,μmho/cm25℃,
2189,牡丹水庫一,牡丹水庫,屏東縣,牡丹鄉,120.7812880,22.1337920,227438.80,2448386.80,"2025-09-03 10:55:48",表水,0.5,濁度,TB,3.3,NTU,
2189,牡丹水庫一,牡丹水庫,屏東縣,牡丹鄉,120.7812880,22.1337920,227438.80,2448386.80,"2025-09-03 10:55:48",表水,0.5,酸鹼值,pH,8.75," ",
2189,牡丹水庫一,牡丹水庫,屏東縣,牡丹鄉,120.7812880,22.1337920,227438.80,2448386.80,"2025-09-03 10:55:48",表水,0.5,透明度,SD,1.6,m,
2189,牡丹水庫一,牡丹水庫,屏東縣,牡丹鄉,120.7812880,22.1337920,227438.80,2448386.80,"2025-09-03 10:55:48",表水,0.5,水溫,WT,30.2,℃,
2189,牡丹水庫一,牡丹水庫,屏東縣,牡丹鄉,120.7812880,22.1337920,227438.80,2448386.80,"2025-09-03 10:55:48",表水,0.5,卡爾森指數,CTSI,54,,
2188,鳳山水庫四,鳳山水庫,高雄市,小港區,120.3896220,22.5351450,187215.71,2492938.06,"2025-09-04 11:48:53",表水,0.5,葉綠素a,Chl_a,142,μg/L,
2188,鳳山水庫四,鳳山水庫,高雄市,小港區,120.3896220,22.5351450,187215.71,2492938.06,"2025-09-04 11:48:53",表水,0.5,總磷,TP,0.093,mg/L,
2188,鳳山水庫四,鳳山水庫,高雄市,小港區,120.3896220,22.5351450,187215.71,2492938.06,"2025-09-04 11:48:53",表水,0.5,正磷酸鹽,PO4,-,mg/L,
2188,鳳山水庫四,鳳山水庫,高雄市,小港區,120.3896220,22.5351450,187215.71,2492938.06,"2025-09-04 11:48:53",表水,0.5,溶氧飽和度,DOS,281.5,%,
2188,鳳山水庫四,鳳山水庫,高雄市,小港區,120.3896220,22.5351450,187215.71,2492938.06,"2025-09-04 11:48:53",表水,0.5,溶氧(滴定法),DO2,-,mg/L,
2188,鳳山水庫四,鳳山水庫,高雄市,小港區,120.3896220,22.5351450,187215.71,2492938.06,"2025-09-04 11:48:53",表水,0.5,總鹼度,TAlk,-,mg/L,
2188,鳳山水庫四,鳳山水庫,高雄市,小港區,120.3896220,22.5351450,187215.71,2492938.06,"2025-09-04 11:48:53",表水,0.5,總硬度,TH,-,mg/L,
2188,鳳山水庫四,鳳山水庫,高雄市,小港區,120.3896220,22.5351450,187215.71,2492938.06,"2025-09-04 11:48:53",表水,0.5,總氮,TN,0.95,mg/L,
2188,鳳山水庫四,鳳山水庫,高雄市,小港區,120.3896220,22.5351450,187215.71,2492938.06,"2025-09-04 11:48:53",表水,0.5,亞硝酸鹽氮,NO2_N,-,mg/L,
2188,鳳山水庫四,鳳山水庫,高雄市,小港區,120.3896220,22.5351450,187215.71,2492938.06,"2025-09-04 11:48:53",表水,0.5,硝酸鹽氮,NO3_N,-,mg/L,
2188,鳳山水庫四,鳳山水庫,高雄市,小港區,120.3896220,22.5351450,187215.71,2492938.06,"2025-09-04 11:48:53",表水,0.5,總凱氏氮,TKN,-,mg/L,
2188,鳳山水庫四,鳳山水庫,高雄市,小港區,120.3896220,22.5351450,187215.71,2492938.06,"2025-09-04 11:48:53",表水,0.5,有機氮,Norg,-,mg/L,
2188,鳳山水庫四,鳳山水庫,高雄市,小港區,120.3896220,22.5351450,187215.71,2492938.06,"2025-09-04 11:48:53",表水,0.5,氨氮,NH3_N,0.01,mg/L,
2188,鳳山水庫四,鳳山水庫,高雄市,小港區,120.3896220,22.5351450,187215.71,2492938.06,"2025-09-04 11:48:53",表水,0.5,總有機碳,TOC,2.18,mg/L,
2188,鳳山水庫四,鳳山水庫,高雄市,小港區,120.3896220,22.5351450,187215.71,2492938.06,"2025-09-04 11:48:53",表水,0.5,化學需氧量,COD,20.1,mg/L,
2188,鳳山水庫四,鳳山水庫,高雄市,小港區,120.3896220,22.5351450,187215.71,2492938.06,"2025-09-04 11:48:53",表水,0.5,溶氧(電極法),DO,20.2,mg/L,
2188,鳳山水庫四,鳳山水庫,高雄市,小港區,120.3896220,22.5351450,187215.71,2492938.06,"2025-09-04 11:48:53",表水,0.5,懸浮固體,SS,16.0,mg/L,
2188,鳳山水庫四,鳳山水庫,高雄市,小港區,120.3896220,22.5351450,187215.71,2492938.06,"2025-09-04 11:48:53",表水,0.5,氣溫,TMP,36.2,℃,
2188,鳳山水庫四,鳳山水庫,高雄市,小港區,120.3896220,22.5351450,187215.71,2492938.06,"2025-09-04 11:48:53",表水,0.5,採樣深度,SampleDepth,0.5,m,
2188,鳳山水庫四,鳳山水庫,高雄市,小港區,120.3896220,22.5351450,187215.71,2492938.06,"2025-09-04 11:48:53",表水,0.5,導電度,EC,340,μmho/cm25℃,
2188,鳳山水庫四,鳳山水庫,高雄市,小港區,120.3896220,22.5351450,187215.71,2492938.06,"2025-09-04 11:48:53",表水,0.5,濁度,TB,11,NTU,
2188,鳳山水庫四,鳳山水庫,高雄市,小港區,120.3896220,22.5351450,187215.71,2492938.06,"2025-09-04 11:48:53",表水,0.5,酸鹼值,pH,9.16," ",
2188,鳳山水庫四,鳳山水庫,高雄市,小港區,120.3896220,22.5351450,187215.71,2492938.06,"2025-09-04 11:48:53",表水,0.5,透明度,SD,0.5,m,
2188,鳳山水庫四,鳳山水庫,高雄市,小港區,120.3896220,22.5351450,187215.71,2492938.06,"2025-09-04 11:48:53",表水,0.5,水溫,WT,32.2,℃,
2188,鳳山水庫四,鳳山水庫,高雄市,小港區,120.3896220,22.5351450,187215.71,2492938.06,"2025-09-04 11:48:53",表水,0.5,卡爾森指數,CTSI,73,,
2187,鳳山水庫三,鳳山水庫,高雄市,小港區,120.3884830,22.5386720,187100.15,2493329.09,"2025-09-04 10:36:36",表水,0.5,葉綠素a,Chl_a,107,μg/L,
2187,鳳山水庫三,鳳山水庫,高雄市,小港區,120.3884830,22.5386720,187100.15,2493329.09,"2025-09-04 10:36:36",表水,0.5,總磷,TP,0.110,mg/L,
2187,鳳山水庫三,鳳山水庫,高雄市,小港區,120.3884830,22.5386720,187100.15,2493329.09,"2025-09-04 10:36:36",表水,0.5,正磷酸鹽,PO4,-,mg/L,
2187,鳳山水庫三,鳳山水庫,高雄市,小港區,120.3884830,22.5386720,187100.15,2493329.09,"2025-09-04 10:36:36",表水,0.5,溶氧飽和度,DOS,252.0,%,
2187,鳳山水庫三,鳳山水庫,高雄市,小港區,120.3884830,22.5386720,187100.15,2493329.09,"2025-09-04 10:36:36",表水,0.5,溶氧(滴定法),DO2,-,mg/L,
2187,鳳山水庫三,鳳山水庫,高雄市,小港區,120.3884830,22.5386720,187100.15,2493329.09,"2025-09-04 10:36:36",表水,0.5,總鹼度,TAlk,-,mg/L,
2187,鳳山水庫三,鳳山水庫,高雄市,小港區,120.3884830,22.5386720,187100.15,2493329.09,"2025-09-04 10:36:36",表水,0.5,總硬度,TH,-,mg/L,
2187,鳳山水庫三,鳳山水庫,高雄市,小港區,120.3884830,22.5386720,187100.15,2493329.09,"2025-09-04 10:36:36",表水,0.5,總氮,TN,1.10,mg/L,
2187,鳳山水庫三,鳳山水庫,高雄市,小港區,120.3884830,22.5386720,187100.15,2493329.09,"2025-09-04 10:36:36",表水,0.5,亞硝酸鹽氮,NO2_N,-,mg/L,
2187,鳳山水庫三,鳳山水庫,高雄市,小港區,120.3884830,22.5386720,187100.15,2493329.09,"2025-09-04 10:36:36",表水,0.5,硝酸鹽氮,NO3_N,-,mg/L,
2187,鳳山水庫三,鳳山水庫,高雄市,小港區,120.3884830,22.5386720,187100.15,2493329.09,"2025-09-04 10:36:36",表水,0.5,總凱氏氮,TKN,-,mg/L,
2187,鳳山水庫三,鳳山水庫,高雄市,小港區,120.3884830,22.5386720,187100.15,2493329.09,"2025-09-04 10:36:36",表水,0.5,有機氮,Norg,-,mg/L,
2187,鳳山水庫三,鳳山水庫,高雄市,小港區,120.3884830,22.5386720,187100.15,2493329.09,"2025-09-04 10:36:36",表水,0.5,氨氮,NH3_N,<0.01,mg/L,
2187,鳳山水庫三,鳳山水庫,高雄市,小港區,120.3884830,22.5386720,187100.15,2493329.09,"2025-09-04 10:36:36",表水,0.5,總有機碳,TOC,1.97,mg/L,
2187,鳳山水庫三,鳳山水庫,高雄市,小港區,120.3884830,22.5386720,187100.15,2493329.09,"2025-09-04 10:36:36",表水,0.5,化學需氧量,COD,17.5,mg/L,
2187,鳳山水庫三,鳳山水庫,高雄市,小港區,120.3884830,22.5386720,187100.15,2493329.09,"2025-09-04 10:36:36",表水,0.5,溶氧(電極法),DO,17.9,mg/L,
2187,鳳山水庫三,鳳山水庫,高雄市,小港區,120.3884830,22.5386720,187100.15,2493329.09,"2025-09-04 10:36:36",表水,0.5,懸浮固體,SS,15.3,mg/L,
2187,鳳山水庫三,鳳山水庫,高雄市,小港區,120.3884830,22.5386720,187100.15,2493329.09,"2025-09-04 10:36:36",表水,0.5,氣溫,TMP,34.9,℃,
2187,鳳山水庫三,鳳山水庫,高雄市,小港區,120.3884830,22.5386720,187100.15,2493329.09,"2025-09-04 10:36:36",表水,0.5,採樣深度,SampleDepth,0.5,m,
2187,鳳山水庫三,鳳山水庫,高雄市,小港區,120.3884830,22.5386720,187100.15,2493329.09,"2025-09-04 10:36:36",表水,0.5,導電度,EC,378,μmho/cm25℃,
2187,鳳山水庫三,鳳山水庫,高雄市,小港區,120.3884830,22.5386720,187100.15,2493329.09,"2025-09-04 10:36:36",表水,0.5,濁度,TB,11,NTU,
2187,鳳山水庫三,鳳山水庫,高雄市,小港區,120.3884830,22.5386720,187100.15,2493329.09,"2025-09-04 10:36:36",表水,0.5,酸鹼值,pH,8.94," ",
2187,鳳山水庫三,鳳山水庫,高雄市,小港區,120.3884830,22.5386720,187100.15,2493329.09,"2025-09-04 10:36:36",表水,0.5,透明度,SD,0.5,m,
2187,鳳山水庫三,鳳山水庫,高雄市,小港區,120.3884830,22.5386720,187100.15,2493329.09,"2025-09-04 10:36:36",表水,0.5,水溫,WT,33.2,℃,
2187,鳳山水庫三,鳳山水庫,高雄市,小港區,120.3884830,22.5386720,187100.15,2493329.09,"2025-09-04 10:36:36",表水,0.5,卡爾森指數,CTSI,73,,
2186,鳳山水庫二,鳳山水庫,高雄市,小港區,120.3900940,22.5389780,187266.00,2493362.29,"2025-09-04 11:15:46",表水,0.5,葉綠素a,Chl_a,117,μg/L,
2186,鳳山水庫二,鳳山水庫,高雄市,小港區,120.3900940,22.5389780,187266.00,2493362.29,"2025-09-04 11:15:46",表水,0.5,總磷,TP,0.107,mg/L,
2186,鳳山水庫二,鳳山水庫,高雄市,小港區,120.3900940,22.5389780,187266.00,2493362.29,"2025-09-04 11:15:46",表水,0.5,正磷酸鹽,PO4,-,mg/L,
2186,鳳山水庫二,鳳山水庫,高雄市,小港區,120.3900940,22.5389780,187266.00,2493362.29,"2025-09-04 11:15:46",表水,0.5,溶氧飽和度,DOS,253.5,%,
2186,鳳山水庫二,鳳山水庫,高雄市,小港區,120.3900940,22.5389780,187266.00,2493362.29,"2025-09-04 11:15:46",表水,0.5,溶氧(滴定法),DO2,-,mg/L,
2186,鳳山水庫二,鳳山水庫,高雄市,小港區,120.3900940,22.5389780,187266.00,2493362.29,"2025-09-04 11:15:46",表水,0.5,總鹼度,TAlk,-,mg/L,
2186,鳳山水庫二,鳳山水庫,高雄市,小港區,120.3900940,22.5389780,187266.00,2493362.29,"2025-09-04 11:15:46",表水,0.5,總硬度,TH,-,mg/L,
2186,鳳山水庫二,鳳山水庫,高雄市,小港區,120.3900940,22.5389780,187266.00,2493362.29,"2025-09-04 11:15:46",表水,0.5,總氮,TN,1.23,mg/L,
2186,鳳山水庫二,鳳山水庫,高雄市,小港區,120.3900940,22.5389780,187266.00,2493362.29,"2025-09-04 11:15:46",表水,0.5,亞硝酸鹽氮,NO2_N,-,mg/L,
2186,鳳山水庫二,鳳山水庫,高雄市,小港區,120.3900940,22.5389780,187266.00,2493362.29,"2025-09-04 11:15:46",表水,0.5,硝酸鹽氮,NO3_N,-,mg/L,
2186,鳳山水庫二,鳳山水庫,高雄市,小港區,120.3900940,22.5389780,187266.00,2493362.29,"2025-09-04 11:15:46",表水,0.5,總凱氏氮,TKN,-,mg/L,
2186,鳳山水庫二,鳳山水庫,高雄市,小港區,120.3900940,22.5389780,187266.00,2493362.29,"2025-09-04 11:15:46",表水,0.5,有機氮,Norg,-,mg/L,
2186,鳳山水庫二,鳳山水庫,高雄市,小港區,120.3900940,22.5389780,187266.00,2493362.29,"2025-09-04 11:15:46",表水,0.5,氨氮,NH3_N,0.01,mg/L,
2186,鳳山水庫二,鳳山水庫,高雄市,小港區,120.3900940,22.5389780,187266.00,2493362.29,"2025-09-04 11:15:46",表水,0.5,總有機碳,TOC,1.84,mg/L,
2186,鳳山水庫二,鳳山水庫,高雄市,小港區,120.3900940,22.5389780,187266.00,2493362.29,"2025-09-04 11:15:46",表水,0.5,化學需氧量,COD,19.0,mg/L,
2186,鳳山水庫二,鳳山水庫,高雄市,小港區,120.3900940,22.5389780,187266.00,2493362.29,"2025-09-04 11:15:46",表水,0.5,溶氧(電極法),DO,18.4,mg/L,
2186,鳳山水庫二,鳳山水庫,高雄市,小港區,120.3900940,22.5389780,187266.00,2493362.29,"2025-09-04 11:15:46",表水,0.5,懸浮固體,SS,20.2,mg/L,
2186,鳳山水庫二,鳳山水庫,高雄市,小港區,120.3900940,22.5389780,187266.00,2493362.29,"2025-09-04 11:15:46",表水,0.5,氣溫,TMP,36.1,℃,
2186,鳳山水庫二,鳳山水庫,高雄市,小港區,120.3900940,22.5389780,187266.00,2493362.29,"2025-09-04 11:15:46",表水,0.5,採樣深度,SampleDepth,0.5,m,
2186,鳳山水庫二,鳳山水庫,高雄市,小港區,120.3900940,22.5389780,187266.00,2493362.29,"2025-09-04 11:15:46",表水,0.5,導電度,EC,363,μmho/cm25℃,
2186,鳳山水庫二,鳳山水庫,高雄市,小港區,120.3900940,22.5389780,187266.00,2493362.29,"2025-09-04 11:15:46",表水,0.5,濁度,TB,12,NTU,
2186,鳳山水庫二,鳳山水庫,高雄市,小港區,120.3900940,22.5389780,187266.00,2493362.29,"2025-09-04 11:15:46",表水,0.5,酸鹼值,pH,9.00," ",
2186,鳳山水庫二,鳳山水庫,高雄市,小港區,120.3900940,22.5389780,187266.00,2493362.29,"2025-09-04 11:15:46",表水,0.5,透明度,SD,0.5,m,
2186,鳳山水庫二,鳳山水庫,高雄市,小港區,120.3900940,22.5389780,187266.00,2493362.29,"2025-09-04 11:15:46",表水,0.5,水溫,WT,31.6,℃,
2186,鳳山水庫二,鳳山水庫,高雄市,小港區,120.3900940,22.5389780,187266.00,2493362.29,"2025-09-04 11:15:46",表水,0.5,卡爾森指數,CTSI,73,,
2185,鳳山水庫一,鳳山水庫,高雄市,小港區,120.3923600,22.5405650,187499.786935347,2493537.05415171,"2025-09-04 11:04:26",表水,0.5,葉綠素a,Chl_a,99.9,μg/L,
2185,鳳山水庫一,鳳山水庫,高雄市,小港區,120.3923600,22.5405650,187499.786935347,2493537.05415171,"2025-09-04 11:04:26",表水,0.5,總磷,TP,0.108,mg/L,
2185,鳳山水庫一,鳳山水庫,高雄市,小港區,120.3923600,22.5405650,187499.786935347,2493537.05415171,"2025-09-04 11:04:26",表水,0.5,正磷酸鹽,PO4,-,mg/L,
2185,鳳山水庫一,鳳山水庫,高雄市,小港區,120.3923600,22.5405650,187499.786935347,2493537.05415171,"2025-09-04 11:04:26",表水,0.5,溶氧飽和度,DOS,236.5,%,
2185,鳳山水庫一,鳳山水庫,高雄市,小港區,120.3923600,22.5405650,187499.786935347,2493537.05415171,"2025-09-04 11:04:26",表水,0.5,溶氧(滴定法),DO2,-,mg/L,
2185,鳳山水庫一,鳳山水庫,高雄市,小港區,120.3923600,22.5405650,187499.786935347,2493537.05415171,"2025-09-04 11:04:26",表水,0.5,總鹼度,TAlk,-,mg/L,
2185,鳳山水庫一,鳳山水庫,高雄市,小港區,120.3923600,22.5405650,187499.786935347,2493537.05415171,"2025-09-04 11:04:26",表水,0.5,總硬度,TH,-,mg/L,
2185,鳳山水庫一,鳳山水庫,高雄市,小港區,120.3923600,22.5405650,187499.786935347,2493537.05415171,"2025-09-04 11:04:26",表水,0.5,總氮,TN,1.56,mg/L,
2185,鳳山水庫一,鳳山水庫,高雄市,小港區,120.3923600,22.5405650,187499.786935347,2493537.05415171,"2025-09-04 11:04:26",表水,0.5,亞硝酸鹽氮,NO2_N,-,mg/L,
2185,鳳山水庫一,鳳山水庫,高雄市,小港區,120.3923600,22.5405650,187499.786935347,2493537.05415171,"2025-09-04 11:04:26",表水,0.5,硝酸鹽氮,NO3_N,-,mg/L,
2185,鳳山水庫一,鳳山水庫,高雄市,小港區,120.3923600,22.5405650,187499.786935347,2493537.05415171,"2025-09-04 11:04:26",表水,0.5,總凱氏氮,TKN,-,mg/L,
2185,鳳山水庫一,鳳山水庫,高雄市,小港區,120.3923600,22.5405650,187499.786935347,2493537.05415171,"2025-09-04 11:04:26",表水,0.5,有機氮,Norg,-,mg/L,
2185,鳳山水庫一,鳳山水庫,高雄市,小港區,120.3923600,22.5405650,187499.786935347,2493537.05415171,"2025-09-04 11:04:26",表水,0.5,氨氮,NH3_N,0.01,mg/L,
2185,鳳山水庫一,鳳山水庫,高雄市,小港區,120.3923600,22.5405650,187499.786935347,2493537.05415171,"2025-09-04 11:04:26",表水,0.5,總有機碳,TOC,1.75,mg/L,
2185,鳳山水庫一,鳳山水庫,高雄市,小港區,120.3923600,22.5405650,187499.786935347,2493537.05415171,"2025-09-04 11:04:26",表水,0.5,化學需氧量,COD,16.0,mg/L,
2185,鳳山水庫一,鳳山水庫,高雄市,小港區,120.3923600,22.5405650,187499.786935347,2493537.05415171,"2025-09-04 11:04:26",表水,0.5,溶氧(電極法),DO,17.2,mg/L,
2185,鳳山水庫一,鳳山水庫,高雄市,小港區,120.3923600,22.5405650,187499.786935347,2493537.05415171,"2025-09-04 11:04:26",表水,0.5,懸浮固體,SS,17.9,mg/L,
2185,鳳山水庫一,鳳山水庫,高雄市,小港區,120.3923600,22.5405650,187499.786935347,2493537.05415171,"2025-09-04 11:04:26",表水,0.5,氣溫,TMP,35.8,℃,
2185,鳳山水庫一,鳳山水庫,高雄市,小港區,120.3923600,22.5405650,187499.786935347,2493537.05415171,"2025-09-04 11:04:26",表水,0.5,採樣深度,SampleDepth,0.5,m,
2185,鳳山水庫一,鳳山水庫,高雄市,小港區,120.3923600,22.5405650,187499.786935347,2493537.05415171,"2025-09-04 11:04:26",表水,0.5,導電度,EC,374,μmho/cm25℃,
2185,鳳山水庫一,鳳山水庫,高雄市,小港區,120.3923600,22.5405650,187499.786935347,2493537.05415171,"2025-09-04 11:04:26",表水,0.5,濁度,TB,13,NTU,
2185,鳳山水庫一,鳳山水庫,高雄市,小港區,120.3923600,22.5405650,187499.786935347,2493537.05415171,"2025-09-04 11:04:26",表水,0.5,酸鹼值,pH,8.82," ",
2185,鳳山水庫一,鳳山水庫,高雄市,小港區,120.3923600,22.5405650,187499.786935347,2493537.05415171,"2025-09-04 11:04:26",表水,0.5,透明度,SD,0.5,m,
2185,鳳山水庫一,鳳山水庫,高雄市,小港區,120.3923600,22.5405650,187499.786935347,2493537.05415171,"2025-09-04 11:04:26",表水,0.5,水溫,WT,31.7,℃,
2185,鳳山水庫一,鳳山水庫,高雄市,小港區,120.3923600,22.5405650,187499.786935347,2493537.05415171,"2025-09-04 11:04:26",表水,0.5,卡爾森指數,CTSI,72,,
2184,澄清湖水庫四,澄清湖水庫,高雄市,鳥松區,120.3505000,22.6639722,183253.59,2507220.35,"2025-09-19 10:07:34",表水,0.5,葉綠素a,Chl_a,5.2,μg/L,
2184,澄清湖水庫四,澄清湖水庫,高雄市,鳥松區,120.3505000,22.6639722,183253.59,2507220.35,"2025-09-19 10:07:34",表水,0.5,總磷,TP,0.085,mg/L,
2184,澄清湖水庫四,澄清湖水庫,高雄市,鳥松區,120.3505000,22.6639722,183253.59,2507220.35,"2025-09-19 10:07:34",表水,0.5,正磷酸鹽,PO4,-,mg/L,
2184,澄清湖水庫四,澄清湖水庫,高雄市,鳥松區,120.3505000,22.6639722,183253.59,2507220.35,"2025-09-19 10:07:34",表水,0.5,溶氧飽和度,DOS,110.7,%,
2184,澄清湖水庫四,澄清湖水庫,高雄市,鳥松區,120.3505000,22.6639722,183253.59,2507220.35,"2025-09-19 10:07:34",表水,0.5,溶氧(滴定法),DO2,-,mg/L,
2184,澄清湖水庫四,澄清湖水庫,高雄市,鳥松區,120.3505000,22.6639722,183253.59,2507220.35,"2025-09-19 10:07:34",表水,0.5,總鹼度,TAlk,-,mg/L,
2184,澄清湖水庫四,澄清湖水庫,高雄市,鳥松區,120.3505000,22.6639722,183253.59,2507220.35,"2025-09-19 10:07:34",表水,0.5,總硬度,TH,-,mg/L,
2184,澄清湖水庫四,澄清湖水庫,高雄市,鳥松區,120.3505000,22.6639722,183253.59,2507220.35,"2025-09-19 10:07:34",表水,0.5,總氮,TN,0.30,mg/L,
2184,澄清湖水庫四,澄清湖水庫,高雄市,鳥松區,120.3505000,22.6639722,183253.59,2507220.35,"2025-09-19 10:07:34",表水,0.5,亞硝酸鹽氮,NO2_N,-,mg/L,
2184,澄清湖水庫四,澄清湖水庫,高雄市,鳥松區,120.3505000,22.6639722,183253.59,2507220.35,"2025-09-19 10:07:34",表水,0.5,硝酸鹽氮,NO3_N,-,mg/L,
2184,澄清湖水庫四,澄清湖水庫,高雄市,鳥松區,120.3505000,22.6639722,183253.59,2507220.35,"2025-09-19 10:07:34",表水,0.5,總凱氏氮,TKN,-,mg/L,
2184,澄清湖水庫四,澄清湖水庫,高雄市,鳥松區,120.3505000,22.6639722,183253.59,2507220.35,"2025-09-19 10:07:34",表水,0.5,有機氮,Norg,-,mg/L,
2184,澄清湖水庫四,澄清湖水庫,高雄市,鳥松區,120.3505000,22.6639722,183253.59,2507220.35,"2025-09-19 10:07:34",表水,0.5,氨氮,NH3_N,<0.01,mg/L,
2184,澄清湖水庫四,澄清湖水庫,高雄市,鳥松區,120.3505000,22.6639722,183253.59,2507220.35,"2025-09-19 10:07:34",表水,0.5,總有機碳,TOC,0.98,mg/L,
2184,澄清湖水庫四,澄清湖水庫,高雄市,鳥松區,120.3505000,22.6639722,183253.59,2507220.35,"2025-09-19 10:07:34",表水,0.5,化學需氧量,COD,<4.0,mg/L,
2184,澄清湖水庫四,澄清湖水庫,高雄市,鳥松區,120.3505000,22.6639722,183253.59,2507220.35,"2025-09-19 10:07:34",表水,0.5,溶氧(電極法),DO,8.2,mg/L,
2184,澄清湖水庫四,澄清湖水庫,高雄市,鳥松區,120.3505000,22.6639722,183253.59,2507220.35,"2025-09-19 10:07:34",表水,0.5,懸浮固體,SS,5.9,mg/L,
2184,澄清湖水庫四,澄清湖水庫,高雄市,鳥松區,120.3505000,22.6639722,183253.59,2507220.35,"2025-09-19 10:07:34",表水,0.5,氣溫,TMP,30.7,℃,
2184,澄清湖水庫四,澄清湖水庫,高雄市,鳥松區,120.3505000,22.6639722,183253.59,2507220.35,"2025-09-19 10:07:34",表水,0.5,採樣深度,SampleDepth,0.5,m,
2184,澄清湖水庫四,澄清湖水庫,高雄市,鳥松區,120.3505000,22.6639722,183253.59,2507220.35,"2025-09-19 10:07:34",表水,0.5,導電度,EC,460,μmho/cm25℃,
2184,澄清湖水庫四,澄清湖水庫,高雄市,鳥松區,120.3505000,22.6639722,183253.59,2507220.35,"2025-09-19 10:07:34",表水,0.5,濁度,TB,8.1,NTU,
2184,澄清湖水庫四,澄清湖水庫,高雄市,鳥松區,120.3505000,22.6639722,183253.59,2507220.35,"2025-09-19 10:07:34",表水,0.5,酸鹼值,pH,7.92," ",
2184,澄清湖水庫四,澄清湖水庫,高雄市,鳥松區,120.3505000,22.6639722,183253.59,2507220.35,"2025-09-19 10:07:34",表水,0.5,透明度,SD,0.7,m,
2184,澄清湖水庫四,澄清湖水庫,高雄市,鳥松區,120.3505000,22.6639722,183253.59,2507220.35,"2025-09-19 10:07:34",表水,0.5,水溫,WT,31.3,℃,
2184,澄清湖水庫四,澄清湖水庫,高雄市,鳥松區,120.3505000,22.6639722,183253.59,2507220.35,"2025-09-19 10:07:34",表水,0.5,卡爾森指數,CTSI,60,,
2183,澄清湖水庫三,澄清湖水庫,高雄市,鳥松區,120.3478056,22.6618056,182975.64,2506981.64,"2025-09-19 09:58:18",表水,0.5,葉綠素a,Chl_a,4.0,μg/L,
2183,澄清湖水庫三,澄清湖水庫,高雄市,鳥松區,120.3478056,22.6618056,182975.64,2506981.64,"2025-09-19 09:58:18",表水,0.5,總磷,TP,0.100,mg/L,
2183,澄清湖水庫三,澄清湖水庫,高雄市,鳥松區,120.3478056,22.6618056,182975.64,2506981.64,"2025-09-19 09:58:18",表水,0.5,正磷酸鹽,PO4,-,mg/L,
2183,澄清湖水庫三,澄清湖水庫,高雄市,鳥松區,120.3478056,22.6618056,182975.64,2506981.64,"2025-09-19 09:58:18",表水,0.5,溶氧飽和度,DOS,109.2,%,
2183,澄清湖水庫三,澄清湖水庫,高雄市,鳥松區,120.3478056,22.6618056,182975.64,2506981.64,"2025-09-19 09:58:18",表水,0.5,溶氧(滴定法),DO2,-,mg/L,
2183,澄清湖水庫三,澄清湖水庫,高雄市,鳥松區,120.3478056,22.6618056,182975.64,2506981.64,"2025-09-19 09:58:18",表水,0.5,總鹼度,TAlk,-,mg/L,
2183,澄清湖水庫三,澄清湖水庫,高雄市,鳥松區,120.3478056,22.6618056,182975.64,2506981.64,"2025-09-19 09:58:18",表水,0.5,總硬度,TH,-,mg/L,
2183,澄清湖水庫三,澄清湖水庫,高雄市,鳥松區,120.3478056,22.6618056,182975.64,2506981.64,"2025-09-19 09:58:18",表水,0.5,總氮,TN,0.30,mg/L,
2183,澄清湖水庫三,澄清湖水庫,高雄市,鳥松區,120.3478056,22.6618056,182975.64,2506981.64,"2025-09-19 09:58:18",表水,0.5,亞硝酸鹽氮,NO2_N,-,mg/L,
2183,澄清湖水庫三,澄清湖水庫,高雄市,鳥松區,120.3478056,22.6618056,182975.64,2506981.64,"2025-09-19 09:58:18",表水,0.5,硝酸鹽氮,NO3_N,-,mg/L,
2183,澄清湖水庫三,澄清湖水庫,高雄市,鳥松區,120.3478056,22.6618056,182975.64,2506981.64,"2025-09-19 09:58:18",表水,0.5,總凱氏氮,TKN,-,mg/L,
2183,澄清湖水庫三,澄清湖水庫,高雄市,鳥松區,120.3478056,22.6618056,182975.64,2506981.64,"2025-09-19 09:58:18",表水,0.5,有機氮,Norg,-,mg/L,
2183,澄清湖水庫三,澄清湖水庫,高雄市,鳥松區,120.3478056,22.6618056,182975.64,2506981.64,"2025-09-19 09:58:18",表水,0.5,氨氮,NH3_N,0.06,mg/L,
2183,澄清湖水庫三,澄清湖水庫,高雄市,鳥松區,120.3478056,22.6618056,182975.64,2506981.64,"2025-09-19 09:58:18",表水,0.5,總有機碳,TOC,0.98,mg/L,
2183,澄清湖水庫三,澄清湖水庫,高雄市,鳥松區,120.3478056,22.6618056,182975.64,2506981.64,"2025-09-19 09:58:18",表水,0.5,化學需氧量,COD,4.6,mg/L,
2183,澄清湖水庫三,澄清湖水庫,高雄市,鳥松區,120.3478056,22.6618056,182975.64,2506981.64,"2025-09-19 09:58:18",表水,0.5,溶氧(電極法),DO,8.2,mg/L,
2183,澄清湖水庫三,澄清湖水庫,高雄市,鳥松區,120.3478056,22.6618056,182975.64,2506981.64,"2025-09-19 09:58:18",表水,0.5,懸浮固體,SS,6.2,mg/L,
2183,澄清湖水庫三,澄清湖水庫,高雄市,鳥松區,120.3478056,22.6618056,182975.64,2506981.64,"2025-09-19 09:58:18",表水,0.5,氣溫,TMP,30.5,℃,
2183,澄清湖水庫三,澄清湖水庫,高雄市,鳥松區,120.3478056,22.6618056,182975.64,2506981.64,"2025-09-19 09:58:18",表水,0.5,採樣深度,SampleDepth,0.5,m,
2183,澄清湖水庫三,澄清湖水庫,高雄市,鳥松區,120.3478056,22.6618056,182975.64,2506981.64,"2025-09-19 09:58:18",表水,0.5,導電度,EC,460,μmho/cm25℃,
2183,澄清湖水庫三,澄清湖水庫,高雄市,鳥松區,120.3478056,22.6618056,182975.64,2506981.64,"2025-09-19 09:58:18",表水,0.5,濁度,TB,8.7,NTU,
2183,澄清湖水庫三,澄清湖水庫,高雄市,鳥松區,120.3478056,22.6618056,182975.64,2506981.64,"2025-09-19 09:58:18",表水,0.5,酸鹼值,pH,7.92," ",
2183,澄清湖水庫三,澄清湖水庫,高雄市,鳥松區,120.3478056,22.6618056,182975.64,2506981.64,"2025-09-19 09:58:18",表水,0.5,透明度,SD,0.7,m,
2183,澄清湖水庫三,澄清湖水庫,高雄市,鳥松區,120.3478056,22.6618056,182975.64,2506981.64,"2025-09-19 09:58:18",表水,0.5,水溫,WT,30.5,℃,
2183,澄清湖水庫三,澄清湖水庫,高雄市,鳥松區,120.3478056,22.6618056,182975.64,2506981.64,"2025-09-19 09:58:18",表水,0.5,卡爾森指數,CTSI,60,,
2182,澄清湖水庫二,澄清湖水庫,高雄市,鳥松區,120.3524722,22.6603611,183454.53,2506819.59,"2025-09-19 09:42:45",表水,0.5,葉綠素a,Chl_a,4.2,μg/L,
2182,澄清湖水庫二,澄清湖水庫,高雄市,鳥松區,120.3524722,22.6603611,183454.53,2506819.59,"2025-09-19 09:42:45",表水,0.5,總磷,TP,0.072,mg/L,
2182,澄清湖水庫二,澄清湖水庫,高雄市,鳥松區,120.3524722,22.6603611,183454.53,2506819.59,"2025-09-19 09:42:45",表水,0.5,正磷酸鹽,PO4,-,mg/L,
2182,澄清湖水庫二,澄清湖水庫,高雄市,鳥松區,120.3524722,22.6603611,183454.53,2506819.59,"2025-09-19 09:42:45",表水,0.5,溶氧飽和度,DOS,110.8,%,
2182,澄清湖水庫二,澄清湖水庫,高雄市,鳥松區,120.3524722,22.6603611,183454.53,2506819.59,"2025-09-19 09:42:45",表水,0.5,溶氧(滴定法),DO2,-,mg/L,
2182,澄清湖水庫二,澄清湖水庫,高雄市,鳥松區,120.3524722,22.6603611,183454.53,2506819.59,"2025-09-19 09:42:45",表水,0.5,總鹼度,TAlk,-,mg/L,
2182,澄清湖水庫二,澄清湖水庫,高雄市,鳥松區,120.3524722,22.6603611,183454.53,2506819.59,"2025-09-19 09:42:45",表水,0.5,總硬度,TH,-,mg/L,
2182,澄清湖水庫二,澄清湖水庫,高雄市,鳥松區,120.3524722,22.6603611,183454.53,2506819.59,"2025-09-19 09:42:45",表水,0.5,總氮,TN,0.26,mg/L,
2182,澄清湖水庫二,澄清湖水庫,高雄市,鳥松區,120.3524722,22.6603611,183454.53,2506819.59,"2025-09-19 09:42:45",表水,0.5,亞硝酸鹽氮,NO2_N,-,mg/L,
2182,澄清湖水庫二,澄清湖水庫,高雄市,鳥松區,120.3524722,22.6603611,183454.53,2506819.59,"2025-09-19 09:42:45",表水,0.5,硝酸鹽氮,NO3_N,-,mg/L,
2182,澄清湖水庫二,澄清湖水庫,高雄市,鳥松區,120.3524722,22.6603611,183454.53,2506819.59,"2025-09-19 09:42:45",表水,0.5,總凱氏氮,TKN,-,mg/L,
2182,澄清湖水庫二,澄清湖水庫,高雄市,鳥松區,120.3524722,22.6603611,183454.53,2506819.59,"2025-09-19 09:42:45",表水,0.5,有機氮,Norg,-,mg/L,
2182,澄清湖水庫二,澄清湖水庫,高雄市,鳥松區,120.3524722,22.6603611,183454.53,2506819.59,"2025-09-19 09:42:45",表水,0.5,氨氮,NH3_N,0.01,mg/L,
2182,澄清湖水庫二,澄清湖水庫,高雄市,鳥松區,120.3524722,22.6603611,183454.53,2506819.59,"2025-09-19 09:42:45",表水,0.5,總有機碳,TOC,1.07,mg/L,
2182,澄清湖水庫二,澄清湖水庫,高雄市,鳥松區,120.3524722,22.6603611,183454.53,2506819.59,"2025-09-19 09:42:45",表水,0.5,化學需氧量,COD,<4.0,mg/L,
2182,澄清湖水庫二,澄清湖水庫,高雄市,鳥松區,120.3524722,22.6603611,183454.53,2506819.59,"2025-09-19 09:42:45",表水,0.5,溶氧(電極法),DO,8.2,mg/L,
2182,澄清湖水庫二,澄清湖水庫,高雄市,鳥松區,120.3524722,22.6603611,183454.53,2506819.59,"2025-09-19 09:42:45",表水,0.5,懸浮固體,SS,7.0,mg/L,
2182,澄清湖水庫二,澄清湖水庫,高雄市,鳥松區,120.3524722,22.6603611,183454.53,2506819.59,"2025-09-19 09:42:45",表水,0.5,氣溫,TMP,29.8,℃,
2182,澄清湖水庫二,澄清湖水庫,高雄市,鳥松區,120.3524722,22.6603611,183454.53,2506819.59,"2025-09-19 09:42:45",表水,0.5,採樣深度,SampleDepth,0.5,m,
2182,澄清湖水庫二,澄清湖水庫,高雄市,鳥松區,120.3524722,22.6603611,183454.53,2506819.59,"2025-09-19 09:42:45",表水,0.5,導電度,EC,463,μmho/cm25℃,
2182,澄清湖水庫二,澄清湖水庫,高雄市,鳥松區,120.3524722,22.6603611,183454.53,2506819.59,"2025-09-19 09:42:45",表水,0.5,濁度,TB,8.4,NTU,
2182,澄清湖水庫二,澄清湖水庫,高雄市,鳥松區,120.3524722,22.6603611,183454.53,2506819.59,"2025-09-19 09:42:45",表水,0.5,酸鹼值,pH,7.91," ",
2182,澄清湖水庫二,澄清湖水庫,高雄市,鳥松區,120.3524722,22.6603611,183454.53,2506819.59,"2025-09-19 09:42:45",表水,0.5,透明度,SD,0.7,m,
2182,澄清湖水庫二,澄清湖水庫,高雄市,鳥松區,120.3524722,22.6603611,183454.53,2506819.59,"2025-09-19 09:42:45",表水,0.5,水溫,WT,31.0,℃,
2182,澄清湖水庫二,澄清湖水庫,高雄市,鳥松區,120.3524722,22.6603611,183454.53,2506819.59,"2025-09-19 09:42:45",表水,0.5,卡爾森指數,CTSI,59,,
2181,澄清湖水庫一,澄清湖水庫,高雄市,鳥松區,120.3545556,22.6544722,183665.82,2506166.57,"2025-09-19 09:13:30",表水,0.5,葉綠素a,Chl_a,4.5,μg/L,
2181,澄清湖水庫一,澄清湖水庫,高雄市,鳥松區,120.3545556,22.6544722,183665.82,2506166.57,"2025-09-19 09:13:30",表水,0.5,總磷,TP,0.089,mg/L,
2181,澄清湖水庫一,澄清湖水庫,高雄市,鳥松區,120.3545556,22.6544722,183665.82,2506166.57,"2025-09-19 09:13:30",表水,0.5,正磷酸鹽,PO4,-,mg/L,
2181,澄清湖水庫一,澄清湖水庫,高雄市,鳥松區,120.3545556,22.6544722,183665.82,2506166.57,"2025-09-19 09:13:30",表水,0.5,溶氧飽和度,DOS,108.3,%,
2181,澄清湖水庫一,澄清湖水庫,高雄市,鳥松區,120.3545556,22.6544722,183665.82,2506166.57,"2025-09-19 09:13:30",表水,0.5,溶氧(滴定法),DO2,-,mg/L,
2181,澄清湖水庫一,澄清湖水庫,高雄市,鳥松區,120.3545556,22.6544722,183665.82,2506166.57,"2025-09-19 09:13:30",表水,0.5,總鹼度,TAlk,-,mg/L,
2181,澄清湖水庫一,澄清湖水庫,高雄市,鳥松區,120.3545556,22.6544722,183665.82,2506166.57,"2025-09-19 09:13:30",表水,0.5,總硬度,TH,-,mg/L,
2181,澄清湖水庫一,澄清湖水庫,高雄市,鳥松區,120.3545556,22.6544722,183665.82,2506166.57,"2025-09-19 09:13:30",表水,0.5,總氮,TN,0.35,mg/L,
2181,澄清湖水庫一,澄清湖水庫,高雄市,鳥松區,120.3545556,22.6544722,183665.82,2506166.57,"2025-09-19 09:13:30",表水,0.5,亞硝酸鹽氮,NO2_N,-,mg/L,
2181,澄清湖水庫一,澄清湖水庫,高雄市,鳥松區,120.3545556,22.6544722,183665.82,2506166.57,"2025-09-19 09:13:30",表水,0.5,硝酸鹽氮,NO3_N,-,mg/L,
2181,澄清湖水庫一,澄清湖水庫,高雄市,鳥松區,120.3545556,22.6544722,183665.82,2506166.57,"2025-09-19 09:13:30",表水,0.5,總凱氏氮,TKN,-,mg/L,
2181,澄清湖水庫一,澄清湖水庫,高雄市,鳥松區,120.3545556,22.6544722,183665.82,2506166.57,"2025-09-19 09:13:30",表水,0.5,有機氮,Norg,-,mg/L,
2181,澄清湖水庫一,澄清湖水庫,高雄市,鳥松區,120.3545556,22.6544722,183665.82,2506166.57,"2025-09-19 09:13:30",表水,0.5,氨氮,NH3_N,<0.01,mg/L,
2181,澄清湖水庫一,澄清湖水庫,高雄市,鳥松區,120.3545556,22.6544722,183665.82,2506166.57,"2025-09-19 09:13:30",表水,0.5,總有機碳,TOC,0.96,mg/L,
2181,澄清湖水庫一,澄清湖水庫,高雄市,鳥松區,120.3545556,22.6544722,183665.82,2506166.57,"2025-09-19 09:13:30",表水,0.5,化學需氧量,COD,<4.0,mg/L,
2181,澄清湖水庫一,澄清湖水庫,高雄市,鳥松區,120.3545556,22.6544722,183665.82,2506166.57,"2025-09-19 09:13:30",表水,0.5,溶氧(電極法),DO,8.1,mg/L,
2181,澄清湖水庫一,澄清湖水庫,高雄市,鳥松區,120.3545556,22.6544722,183665.82,2506166.57,"2025-09-19 09:13:30",表水,0.5,懸浮固體,SS,7.7,mg/L,
2181,澄清湖水庫一,澄清湖水庫,高雄市,鳥松區,120.3545556,22.6544722,183665.82,2506166.57,"2025-09-19 09:13:30",表水,0.5,氣溫,TMP,29.3,℃,
2181,澄清湖水庫一,澄清湖水庫,高雄市,鳥松區,120.3545556,22.6544722,183665.82,2506166.57,"2025-09-19 09:13:30",表水,0.5,採樣深度,SampleDepth,0.5,m,
2181,澄清湖水庫一,澄清湖水庫,高雄市,鳥松區,120.3545556,22.6544722,183665.82,2506166.57,"2025-09-19 09:13:30",表水,0.5,導電度,EC,504,μmho/cm25℃,
2181,澄清湖水庫一,澄清湖水庫,高雄市,鳥松區,120.3545556,22.6544722,183665.82,2506166.57,"2025-09-19 09:13:30",表水,0.5,濁度,TB,11,NTU,
2181,澄清湖水庫一,澄清湖水庫,高雄市,鳥松區,120.3545556,22.6544722,183665.82,2506166.57,"2025-09-19 09:13:30",表水,0.5,酸鹼值,pH,7.92," ",
2181,澄清湖水庫一,澄清湖水庫,高雄市,鳥松區,120.3545556,22.6544722,183665.82,2506166.57,"2025-09-19 09:13:30",表水,0.5,透明度,SD,0.5,m,
2181,澄清湖水庫一,澄清湖水庫,高雄市,鳥松區,120.3545556,22.6544722,183665.82,2506166.57,"2025-09-19 09:13:30",表水,0.5,水溫,WT,30.3,℃,
2181,澄清湖水庫一,澄清湖水庫,高雄市,鳥松區,120.3545556,22.6544722,183665.82,2506166.57,"2025-09-19 09:13:30",表水,0.5,卡爾森指數,CTSI,61,,
2180,南化水庫三,南化水庫,臺南市,南化區,120.5641780,23.1263540,205364.29,2558341.48,"2025-09-01 11:28:03",表水,0.5,葉綠素a,Chl_a,2.1,μg/L,
2180,南化水庫三,南化水庫,臺南市,南化區,120.5641780,23.1263540,205364.29,2558341.48,"2025-09-01 11:28:03",表水,0.5,總磷,TP,0.042,mg/L,
2180,南化水庫三,南化水庫,臺南市,南化區,120.5641780,23.1263540,205364.29,2558341.48,"2025-09-01 11:28:03",表水,0.5,正磷酸鹽,PO4,-,mg/L,
2180,南化水庫三,南化水庫,臺南市,南化區,120.5641780,23.1263540,205364.29,2558341.48,"2025-09-01 11:28:03",表水,0.5,溶氧飽和度,DOS,98.4,%,
2180,南化水庫三,南化水庫,臺南市,南化區,120.5641780,23.1263540,205364.29,2558341.48,"2025-09-01 11:28:03",表水,0.5,溶氧(滴定法),DO2,-,mg/L,
2180,南化水庫三,南化水庫,臺南市,南化區,120.5641780,23.1263540,205364.29,2558341.48,"2025-09-01 11:28:03",表水,0.5,總鹼度,TAlk,-,mg/L,
2180,南化水庫三,南化水庫,臺南市,南化區,120.5641780,23.1263540,205364.29,2558341.48,"2025-09-01 11:28:03",表水,0.5,總硬度,TH,-,mg/L,
2180,南化水庫三,南化水庫,臺南市,南化區,120.5641780,23.1263540,205364.29,2558341.48,"2025-09-01 11:28:03",表水,0.5,總氮,TN,<0.20,mg/L,
2180,南化水庫三,南化水庫,臺南市,南化區,120.5641780,23.1263540,205364.29,2558341.48,"2025-09-01 11:28:03",表水,0.5,亞硝酸鹽氮,NO2_N,-,mg/L,
2180,南化水庫三,南化水庫,臺南市,南化區,120.5641780,23.1263540,205364.29,2558341.48,"2025-09-01 11:28:03",表水,0.5,硝酸鹽氮,NO3_N,-,mg/L,
2180,南化水庫三,南化水庫,臺南市,南化區,120.5641780,23.1263540,205364.29,2558341.48,"2025-09-01 11:28:03",表水,0.5,總凱氏氮,TKN,-,mg/L,
2180,南化水庫三,南化水庫,臺南市,南化區,120.5641780,23.1263540,205364.29,2558341.48,"2025-09-01 11:28:03",表水,0.5,有機氮,Norg,-,mg/L,
2180,南化水庫三,南化水庫,臺南市,南化區,120.5641780,23.1263540,205364.29,2558341.48,"2025-09-01 11:28:03",表水,0.5,氨氮,NH3_N,0.02,mg/L,
2180,南化水庫三,南化水庫,臺南市,南化區,120.5641780,23.1263540,205364.29,2558341.48,"2025-09-01 11:28:03",表水,0.5,總有機碳,TOC,1.02,mg/L,
2180,南化水庫三,南化水庫,臺南市,南化區,120.5641780,23.1263540,205364.29,2558341.48,"2025-09-01 11:28:03",表水,0.5,化學需氧量,COD,<4.0,mg/L,
2180,南化水庫三,南化水庫,臺南市,南化區,120.5641780,23.1263540,205364.29,2558341.48,"2025-09-01 11:28:03",表水,0.5,溶氧(電極法),DO,7.4,mg/L,
2180,南化水庫三,南化水庫,臺南市,南化區,120.5641780,23.1263540,205364.29,2558341.48,"2025-09-01 11:28:03",表水,0.5,懸浮固體,SS,10.2,mg/L,
2180,南化水庫三,南化水庫,臺南市,南化區,120.5641780,23.1263540,205364.29,2558341.48,"2025-09-01 11:28:03",表水,0.5,氣溫,TMP,29.4,℃,
2180,南化水庫三,南化水庫,臺南市,南化區,120.5641780,23.1263540,205364.29,2558341.48,"2025-09-01 11:28:03",表水,0.5,採樣深度,SampleDepth,0.5,m,
2180,南化水庫三,南化水庫,臺南市,南化區,120.5641780,23.1263540,205364.29,2558341.48,"2025-09-01 11:28:03",表水,0.5,導電度,EC,413,μmho/cm25℃,
2180,南化水庫三,南化水庫,臺南市,南化區,120.5641780,23.1263540,205364.29,2558341.48,"2025-09-01 11:28:03",表水,0.5,濁度,TB,15,NTU,
2180,南化水庫三,南化水庫,臺南市,南化區,120.5641780,23.1263540,205364.29,2558341.48,"2025-09-01 11:28:03",表水,0.5,酸鹼值,pH,8.24," ",
2180,南化水庫三,南化水庫,臺南市,南化區,120.5641780,23.1263540,205364.29,2558341.48,"2025-09-01 11:28:03",表水,0.5,透明度,SD,0.6,m,
2180,南化水庫三,南化水庫,臺南市,南化區,120.5641780,23.1263540,205364.29,2558341.48,"2025-09-01 11:28:03",表水,0.5,水溫,WT,31.1,℃,
2180,南化水庫三,南化水庫,臺南市,南化區,120.5641780,23.1263540,205364.29,2558341.48,"2025-09-01 11:28:03",表水,0.5,卡爾森指數,CTSI,54,,
2179,南化水庫二,南化水庫,臺南市,南化區,120.5546260,23.1068030,204379.38,2556179.42,"2025-09-01 11:52:14",表水,0.5,葉綠素a,Chl_a,7.1,μg/L,
2179,南化水庫二,南化水庫,臺南市,南化區,120.5546260,23.1068030,204379.38,2556179.42,"2025-09-01 11:52:14",表水,0.5,總磷,TP,0.058,mg/L,
2179,南化水庫二,南化水庫,臺南市,南化區,120.5546260,23.1068030,204379.38,2556179.42,"2025-09-01 11:52:14",表水,0.5,正磷酸鹽,PO4,-,mg/L,
2179,南化水庫二,南化水庫,臺南市,南化區,120.5546260,23.1068030,204379.38,2556179.42,"2025-09-01 11:52:14",表水,0.5,溶氧飽和度,DOS,107.2,%,
2179,南化水庫二,南化水庫,臺南市,南化區,120.5546260,23.1068030,204379.38,2556179.42,"2025-09-01 11:52:14",表水,0.5,溶氧(滴定法),DO2,-,mg/L,
2179,南化水庫二,南化水庫,臺南市,南化區,120.5546260,23.1068030,204379.38,2556179.42,"2025-09-01 11:52:14",表水,0.5,總鹼度,TAlk,-,mg/L,
2179,南化水庫二,南化水庫,臺南市,南化區,120.5546260,23.1068030,204379.38,2556179.42,"2025-09-01 11:52:14",表水,0.5,總硬度,TH,-,mg/L,
2179,南化水庫二,南化水庫,臺南市,南化區,120.5546260,23.1068030,204379.38,2556179.42,"2025-09-01 11:52:14",表水,0.5,總氮,TN,<0.20,mg/L,
2179,南化水庫二,南化水庫,臺南市,南化區,120.5546260,23.1068030,204379.38,2556179.42,"2025-09-01 11:52:14",表水,0.5,亞硝酸鹽氮,NO2_N,-,mg/L,
2179,南化水庫二,南化水庫,臺南市,南化區,120.5546260,23.1068030,204379.38,2556179.42,"2025-09-01 11:52:14",表水,0.5,硝酸鹽氮,NO3_N,-,mg/L,
2179,南化水庫二,南化水庫,臺南市,南化區,120.5546260,23.1068030,204379.38,2556179.42,"2025-09-01 11:52:14",表水,0.5,總凱氏氮,TKN,-,mg/L,
2179,南化水庫二,南化水庫,臺南市,南化區,120.5546260,23.1068030,204379.38,2556179.42,"2025-09-01 11:52:14",表水,0.5,有機氮,Norg,-,mg/L,
2179,南化水庫二,南化水庫,臺南市,南化區,120.5546260,23.1068030,204379.38,2556179.42,"2025-09-01 11:52:14",表水,0.5,氨氮,NH3_N,<0.01,mg/L,
2179,南化水庫二,南化水庫,臺南市,南化區,120.5546260,23.1068030,204379.38,2556179.42,"2025-09-01 11:52:14",表水,0.5,總有機碳,TOC,0.97,mg/L,
2179,南化水庫二,南化水庫,臺南市,南化區,120.5546260,23.1068030,204379.38,2556179.42,"2025-09-01 11:52:14",表水,0.5,化學需氧量,COD,<4.0,mg/L,
2179,南化水庫二,南化水庫,臺南市,南化區,120.5546260,23.1068030,204379.38,2556179.42,"2025-09-01 11:52:14",表水,0.5,溶氧(電極法),DO,7.8,mg/L,
2179,南化水庫二,南化水庫,臺南市,南化區,120.5546260,23.1068030,204379.38,2556179.42,"2025-09-01 11:52:14",表水,0.5,懸浮固體,SS,7.5,mg/L,
2179,南化水庫二,南化水庫,臺南市,南化區,120.5546260,23.1068030,204379.38,2556179.42,"2025-09-01 11:52:14",表水,0.5,氣溫,TMP,31.0,℃,
2179,南化水庫二,南化水庫,臺南市,南化區,120.5546260,23.1068030,204379.38,2556179.42,"2025-09-01 11:52:14",表水,0.5,採樣深度,SampleDepth,0.5,m,
2179,南化水庫二,南化水庫,臺南市,南化區,120.5546260,23.1068030,204379.38,2556179.42,"2025-09-01 11:52:14",表水,0.5,導電度,EC,302,μmho/cm25℃,
2179,南化水庫二,南化水庫,臺南市,南化區,120.5546260,23.1068030,204379.38,2556179.42,"2025-09-01 11:52:14",表水,0.5,濁度,TB,24,NTU,
2179,南化水庫二,南化水庫,臺南市,南化區,120.5546260,23.1068030,204379.38,2556179.42,"2025-09-01 11:52:14",表水,0.5,酸鹼值,pH,8.46," ",
2179,南化水庫二,南化水庫,臺南市,南化區,120.5546260,23.1068030,204379.38,2556179.42,"2025-09-01 11:52:14",表水,0.5,透明度,SD,0.5,m,
2179,南化水庫二,南化水庫,臺南市,南化區,120.5546260,23.1068030,204379.38,2556179.42,"2025-09-01 11:52:14",表水,0.5,水溫,WT,31.2,℃,
2179,南化水庫二,南化水庫,臺南市,南化區,120.5546260,23.1068030,204379.38,2556179.42,"2025-09-01 11:52:14",表水,0.5,卡爾森指數,CTSI,61,,
2178,南化水庫一,南化水庫,臺南市,南化區,120.5413470,23.0874430,203012.43,2554039.77,"2025-09-01 12:22:15",表水,0.5,葉綠素a,Chl_a,4.5,μg/L,
2178,南化水庫一,南化水庫,臺南市,南化區,120.5413470,23.0874430,203012.43,2554039.77,"2025-09-01 12:22:15",表水,0.5,總磷,TP,0.044,mg/L,
2178,南化水庫一,南化水庫,臺南市,南化區,120.5413470,23.0874430,203012.43,2554039.77,"2025-09-01 12:22:15",表水,0.5,正磷酸鹽,PO4,-,mg/L,
2178,南化水庫一,南化水庫,臺南市,南化區,120.5413470,23.0874430,203012.43,2554039.77,"2025-09-01 12:22:15",表水,0.5,溶氧飽和度,DOS,121.8,%,
2178,南化水庫一,南化水庫,臺南市,南化區,120.5413470,23.0874430,203012.43,2554039.77,"2025-09-01 12:22:15",表水,0.5,溶氧(滴定法),DO2,-,mg/L,
2178,南化水庫一,南化水庫,臺南市,南化區,120.5413470,23.0874430,203012.43,2554039.77,"2025-09-01 12:22:15",表水,0.5,總鹼度,TAlk,-,mg/L,
2178,南化水庫一,南化水庫,臺南市,南化區,120.5413470,23.0874430,203012.43,2554039.77,"2025-09-01 12:22:15",表水,0.5,總硬度,TH,-,mg/L,
2178,南化水庫一,南化水庫,臺南市,南化區,120.5413470,23.0874430,203012.43,2554039.77,"2025-09-01 12:22:15",表水,0.5,總氮,TN,<0.20,mg/L,
2178,南化水庫一,南化水庫,臺南市,南化區,120.5413470,23.0874430,203012.43,2554039.77,"2025-09-01 12:22:15",表水,0.5,亞硝酸鹽氮,NO2_N,-,mg/L,
2178,南化水庫一,南化水庫,臺南市,南化區,120.5413470,23.0874430,203012.43,2554039.77,"2025-09-01 12:22:15",表水,0.5,硝酸鹽氮,NO3_N,-,mg/L,
2178,南化水庫一,南化水庫,臺南市,南化區,120.5413470,23.0874430,203012.43,2554039.77,"2025-09-01 12:22:15",表水,0.5,總凱氏氮,TKN,-,mg/L,
2178,南化水庫一,南化水庫,臺南市,南化區,120.5413470,23.0874430,203012.43,2554039.77,"2025-09-01 12:22:15",表水,0.5,有機氮,Norg,-,mg/L,
2178,南化水庫一,南化水庫,臺南市,南化區,120.5413470,23.0874430,203012.43,2554039.77,"2025-09-01 12:22:15",表水,0.5,氨氮,NH3_N,<0.01,mg/L,
2178,南化水庫一,南化水庫,臺南市,南化區,120.5413470,23.0874430,203012.43,2554039.77,"2025-09-01 12:22:15",表水,0.5,總有機碳,TOC,0.90,mg/L,
2178,南化水庫一,南化水庫,臺南市,南化區,120.5413470,23.0874430,203012.43,2554039.77,"2025-09-01 12:22:15",表水,0.5,化學需氧量,COD,<4.0,mg/L,
2178,南化水庫一,南化水庫,臺南市,南化區,120.5413470,23.0874430,203012.43,2554039.77,"2025-09-01 12:22:15",表水,0.5,溶氧(電極法),DO,8.9,mg/L,
2178,南化水庫一,南化水庫,臺南市,南化區,120.5413470,23.0874430,203012.43,2554039.77,"2025-09-01 12:22:15",表水,0.5,懸浮固體,SS,7.4,mg/L,
2178,南化水庫一,南化水庫,臺南市,南化區,120.5413470,23.0874430,203012.43,2554039.77,"2025-09-01 12:22:15",表水,0.5,氣溫,TMP,32.0,℃,
2178,南化水庫一,南化水庫,臺南市,南化區,120.5413470,23.0874430,203012.43,2554039.77,"2025-09-01 12:22:15",表水,0.5,採樣深度,SampleDepth,0.5,m,
2178,南化水庫一,南化水庫,臺南市,南化區,120.5413470,23.0874430,203012.43,2554039.77,"2025-09-01 12:22:15",表水,0.5,導電度,EC,287,μmho/cm25℃,
2178,南化水庫一,南化水庫,臺南市,南化區,120.5413470,23.0874430,203012.43,2554039.77,"2025-09-01 12:22:15",表水,0.5,濁度,TB,27,NTU,
2178,南化水庫一,南化水庫,臺南市,南化區,120.5413470,23.0874430,203012.43,2554039.77,"2025-09-01 12:22:15",表水,0.5,酸鹼值,pH,8.54," ",
2178,南化水庫一,南化水庫,臺南市,南化區,120.5413470,23.0874430,203012.43,2554039.77,"2025-09-01 12:22:15",表水,0.5,透明度,SD,0.4,m,
2178,南化水庫一,南化水庫,臺南市,南化區,120.5413470,23.0874430,203012.43,2554039.77,"2025-09-01 12:22:15",表水,0.5,水溫,WT,31.3,℃,
2178,南化水庫一,南化水庫,臺南市,南化區,120.5413470,23.0874430,203012.43,2554039.77,"2025-09-01 12:22:15",表水,0.5,卡爾森指數,CTSI,59,,
2177,鏡面水庫二,鏡面水庫,臺南市,南化區,120.4884629,23.0580740,197583.15,2550805.52,"2025-09-04 11:53:49",表水,0.5,葉綠素a,Chl_a,9.4,μg/L,
2177,鏡面水庫二,鏡面水庫,臺南市,南化區,120.4884629,23.0580740,197583.15,2550805.52,"2025-09-04 11:53:49",表水,0.5,總磷,TP,0.040,mg/L,
2177,鏡面水庫二,鏡面水庫,臺南市,南化區,120.4884629,23.0580740,197583.15,2550805.52,"2025-09-04 11:53:49",表水,0.5,正磷酸鹽,PO4,-,mg/L,
2177,鏡面水庫二,鏡面水庫,臺南市,南化區,120.4884629,23.0580740,197583.15,2550805.52,"2025-09-04 11:53:49",表水,0.5,溶氧飽和度,DOS,107.8,%,
2177,鏡面水庫二,鏡面水庫,臺南市,南化區,120.4884629,23.0580740,197583.15,2550805.52,"2025-09-04 11:53:49",表水,0.5,溶氧(滴定法),DO2,-,mg/L,
2177,鏡面水庫二,鏡面水庫,臺南市,南化區,120.4884629,23.0580740,197583.15,2550805.52,"2025-09-04 11:53:49",表水,0.5,總鹼度,TAlk,-,mg/L,
2177,鏡面水庫二,鏡面水庫,臺南市,南化區,120.4884629,23.0580740,197583.15,2550805.52,"2025-09-04 11:53:49",表水,0.5,總硬度,TH,-,mg/L,
2177,鏡面水庫二,鏡面水庫,臺南市,南化區,120.4884629,23.0580740,197583.15,2550805.52,"2025-09-04 11:53:49",表水,0.5,總氮,TN,<0.20,mg/L,
2177,鏡面水庫二,鏡面水庫,臺南市,南化區,120.4884629,23.0580740,197583.15,2550805.52,"2025-09-04 11:53:49",表水,0.5,亞硝酸鹽氮,NO2_N,-,mg/L,
2177,鏡面水庫二,鏡面水庫,臺南市,南化區,120.4884629,23.0580740,197583.15,2550805.52,"2025-09-04 11:53:49",表水,0.5,硝酸鹽氮,NO3_N,-,mg/L,
2177,鏡面水庫二,鏡面水庫,臺南市,南化區,120.4884629,23.0580740,197583.15,2550805.52,"2025-09-04 11:53:49",表水,0.5,總凱氏氮,TKN,-,mg/L,
2177,鏡面水庫二,鏡面水庫,臺南市,南化區,120.4884629,23.0580740,197583.15,2550805.52,"2025-09-04 11:53:49",表水,0.5,有機氮,Norg,-,mg/L,
2177,鏡面水庫二,鏡面水庫,臺南市,南化區,120.4884629,23.0580740,197583.15,2550805.52,"2025-09-04 11:53:49",表水,0.5,氨氮,NH3_N,<0.01,mg/L,
2177,鏡面水庫二,鏡面水庫,臺南市,南化區,120.4884629,23.0580740,197583.15,2550805.52,"2025-09-04 11:53:49",表水,0.5,總有機碳,TOC,1.66,mg/L,
2177,鏡面水庫二,鏡面水庫,臺南市,南化區,120.4884629,23.0580740,197583.15,2550805.52,"2025-09-04 11:53:49",表水,0.5,化學需氧量,COD,6.9,mg/L,
2177,鏡面水庫二,鏡面水庫,臺南市,南化區,120.4884629,23.0580740,197583.15,2550805.52,"2025-09-04 11:53:49",表水,0.5,溶氧(電極法),DO,7.8,mg/L,
2177,鏡面水庫二,鏡面水庫,臺南市,南化區,120.4884629,23.0580740,197583.15,2550805.52,"2025-09-04 11:53:49",表水,0.5,懸浮固體,SS,5.7,mg/L,
2177,鏡面水庫二,鏡面水庫,臺南市,南化區,120.4884629,23.0580740,197583.15,2550805.52,"2025-09-04 11:53:49",表水,0.5,氣溫,TMP,30.6,℃,
2177,鏡面水庫二,鏡面水庫,臺南市,南化區,120.4884629,23.0580740,197583.15,2550805.52,"2025-09-04 11:53:49",表水,0.5,採樣深度,SampleDepth,0.5,m,
2177,鏡面水庫二,鏡面水庫,臺南市,南化區,120.4884629,23.0580740,197583.15,2550805.52,"2025-09-04 11:53:49",表水,0.5,導電度,EC,222,μmho/cm25℃,
2177,鏡面水庫二,鏡面水庫,臺南市,南化區,120.4884629,23.0580740,197583.15,2550805.52,"2025-09-04 11:53:49",表水,0.5,濁度,TB,14,NTU,
2177,鏡面水庫二,鏡面水庫,臺南市,南化區,120.4884629,23.0580740,197583.15,2550805.52,"2025-09-04 11:53:49",表水,0.5,酸鹼值,pH,8.42," ",
2177,鏡面水庫二,鏡面水庫,臺南市,南化區,120.4884629,23.0580740,197583.15,2550805.52,"2025-09-04 11:53:49",表水,0.5,透明度,SD,0.7,m,
2177,鏡面水庫二,鏡面水庫,臺南市,南化區,120.4884629,23.0580740,197583.15,2550805.52,"2025-09-04 11:53:49",表水,0.5,水溫,WT,31.3,℃,
2177,鏡面水庫二,鏡面水庫,臺南市,南化區,120.4884629,23.0580740,197583.15,2550805.52,"2025-09-04 11:53:49",表水,0.5,卡爾森指數,CTSI,58,,
2176,鏡面水庫一,鏡面水庫,臺南市,南化區,120.4882962,23.0583472,197566.17,2550835.83,"2025-09-04 11:32:29",表水,0.5,葉綠素a,Chl_a,9.1,μg/L,
2176,鏡面水庫一,鏡面水庫,臺南市,南化區,120.4882962,23.0583472,197566.17,2550835.83,"2025-09-04 11:32:29",表水,0.5,總磷,TP,0.112,mg/L,
2176,鏡面水庫一,鏡面水庫,臺南市,南化區,120.4882962,23.0583472,197566.17,2550835.83,"2025-09-04 11:32:29",表水,0.5,正磷酸鹽,PO4,-,mg/L,
2176,鏡面水庫一,鏡面水庫,臺南市,南化區,120.4882962,23.0583472,197566.17,2550835.83,"2025-09-04 11:32:29",表水,0.5,溶氧飽和度,DOS,105.7,%,
2176,鏡面水庫一,鏡面水庫,臺南市,南化區,120.4882962,23.0583472,197566.17,2550835.83,"2025-09-04 11:32:29",表水,0.5,溶氧(滴定法),DO2,-,mg/L,
2176,鏡面水庫一,鏡面水庫,臺南市,南化區,120.4882962,23.0583472,197566.17,2550835.83,"2025-09-04 11:32:29",表水,0.5,總鹼度,TAlk,-,mg/L,
2176,鏡面水庫一,鏡面水庫,臺南市,南化區,120.4882962,23.0583472,197566.17,2550835.83,"2025-09-04 11:32:29",表水,0.5,總硬度,TH,-,mg/L,
2176,鏡面水庫一,鏡面水庫,臺南市,南化區,120.4882962,23.0583472,197566.17,2550835.83,"2025-09-04 11:32:29",表水,0.5,總氮,TN,<0.20,mg/L,
2176,鏡面水庫一,鏡面水庫,臺南市,南化區,120.4882962,23.0583472,197566.17,2550835.83,"2025-09-04 11:32:29",表水,0.5,亞硝酸鹽氮,NO2_N,-,mg/L,
2176,鏡面水庫一,鏡面水庫,臺南市,南化區,120.4882962,23.0583472,197566.17,2550835.83,"2025-09-04 11:32:29",表水,0.5,硝酸鹽氮,NO3_N,-,mg/L,
2176,鏡面水庫一,鏡面水庫,臺南市,南化區,120.4882962,23.0583472,197566.17,2550835.83,"2025-09-04 11:32:29",表水,0.5,總凱氏氮,TKN,-,mg/L,
2176,鏡面水庫一,鏡面水庫,臺南市,南化區,120.4882962,23.0583472,197566.17,2550835.83,"2025-09-04 11:32:29",表水,0.5,有機氮,Norg,-,mg/L,
2176,鏡面水庫一,鏡面水庫,臺南市,南化區,120.4882962,23.0583472,197566.17,2550835.83,"2025-09-04 11:32:29",表水,0.5,氨氮,NH3_N,0.01,mg/L,
2176,鏡面水庫一,鏡面水庫,臺南市,南化區,120.4882962,23.0583472,197566.17,2550835.83,"2025-09-04 11:32:29",表水,0.5,總有機碳,TOC,1.98,mg/L,
2176,鏡面水庫一,鏡面水庫,臺南市,南化區,120.4882962,23.0583472,197566.17,2550835.83,"2025-09-04 11:32:29",表水,0.5,化學需氧量,COD,7.6,mg/L,
2176,鏡面水庫一,鏡面水庫,臺南市,南化區,120.4882962,23.0583472,197566.17,2550835.83,"2025-09-04 11:32:29",表水,0.5,溶氧(電極法),DO,7.6,mg/L,
2176,鏡面水庫一,鏡面水庫,臺南市,南化區,120.4882962,23.0583472,197566.17,2550835.83,"2025-09-04 11:32:29",表水,0.5,懸浮固體,SS,5.4,mg/L,
2176,鏡面水庫一,鏡面水庫,臺南市,南化區,120.4882962,23.0583472,197566.17,2550835.83,"2025-09-04 11:32:29",表水,0.5,氣溫,TMP,30.4,℃,
2176,鏡面水庫一,鏡面水庫,臺南市,南化區,120.4882962,23.0583472,197566.17,2550835.83,"2025-09-04 11:32:29",表水,0.5,採樣深度,SampleDepth,0.5,m,
2176,鏡面水庫一,鏡面水庫,臺南市,南化區,120.4882962,23.0583472,197566.17,2550835.83,"2025-09-04 11:32:29",表水,0.5,導電度,EC,232,μmho/cm25℃,
2176,鏡面水庫一,鏡面水庫,臺南市,南化區,120.4882962,23.0583472,197566.17,2550835.83,"2025-09-04 11:32:29",表水,0.5,濁度,TB,14,NTU,
2176,鏡面水庫一,鏡面水庫,臺南市,南化區,120.4882962,23.0583472,197566.17,2550835.83,"2025-09-04 11:32:29",表水,0.5,酸鹼值,pH,8.39," ",
2176,鏡面水庫一,鏡面水庫,臺南市,南化區,120.4882962,23.0583472,197566.17,2550835.83,"2025-09-04 11:32:29",表水,0.5,透明度,SD,0.6,m,
2176,鏡面水庫一,鏡面水庫,臺南市,南化區,120.4882962,23.0583472,197566.17,2550835.83,"2025-09-04 11:32:29",表水,0.5,水溫,WT,31.5,℃,
2176,鏡面水庫一,鏡面水庫,臺南市,南化區,120.4882962,23.0583472,197566.17,2550835.83,"2025-09-04 11:32:29",表水,0.5,卡爾森指數,CTSI,64,,
2175,白河水庫二,白河水庫,臺南市,白河區,120.4785310,23.3620570,196686.16,2584471.90,"2025-09-04 09:47:50",表水,0.5,葉綠素a,Chl_a,8.3,μg/L,
2175,白河水庫二,白河水庫,臺南市,白河區,120.4785310,23.3620570,196686.16,2584471.90,"2025-09-04 09:47:50",表水,0.5,總磷,TP,0.035,mg/L,
2175,白河水庫二,白河水庫,臺南市,白河區,120.4785310,23.3620570,196686.16,2584471.90,"2025-09-04 09:47:50",表水,0.5,正磷酸鹽,PO4,-,mg/L,
2175,白河水庫二,白河水庫,臺南市,白河區,120.4785310,23.3620570,196686.16,2584471.90,"2025-09-04 09:47:50",表水,0.5,溶氧飽和度,DOS,112.7,%,
2175,白河水庫二,白河水庫,臺南市,白河區,120.4785310,23.3620570,196686.16,2584471.90,"2025-09-04 09:47:50",表水,0.5,溶氧(滴定法),DO2,-,mg/L,
2175,白河水庫二,白河水庫,臺南市,白河區,120.4785310,23.3620570,196686.16,2584471.90,"2025-09-04 09:47:50",表水,0.5,總鹼度,TAlk,-,mg/L,
2175,白河水庫二,白河水庫,臺南市,白河區,120.4785310,23.3620570,196686.16,2584471.90,"2025-09-04 09:47:50",表水,0.5,總硬度,TH,-,mg/L,
2175,白河水庫二,白河水庫,臺南市,白河區,120.4785310,23.3620570,196686.16,2584471.90,"2025-09-04 09:47:50",表水,0.5,總氮,TN,<0.20,mg/L,
2175,白河水庫二,白河水庫,臺南市,白河區,120.4785310,23.3620570,196686.16,2584471.90,"2025-09-04 09:47:50",表水,0.5,亞硝酸鹽氮,NO2_N,-,mg/L,
2175,白河水庫二,白河水庫,臺南市,白河區,120.4785310,23.3620570,196686.16,2584471.90,"2025-09-04 09:47:50",表水,0.5,硝酸鹽氮,NO3_N,-,mg/L,
2175,白河水庫二,白河水庫,臺南市,白河區,120.4785310,23.3620570,196686.16,2584471.90,"2025-09-04 09:47:50",表水,0.5,總凱氏氮,TKN,-,mg/L,
2175,白河水庫二,白河水庫,臺南市,白河區,120.4785310,23.3620570,196686.16,2584471.90,"2025-09-04 09:47:50",表水,0.5,有機氮,Norg,-,mg/L,
2175,白河水庫二,白河水庫,臺南市,白河區,120.4785310,23.3620570,196686.16,2584471.90,"2025-09-04 09:47:50",表水,0.5,氨氮,NH3_N,0.04,mg/L,
2175,白河水庫二,白河水庫,臺南市,白河區,120.4785310,23.3620570,196686.16,2584471.90,"2025-09-04 09:47:50",表水,0.5,總有機碳,TOC,2.60,mg/L,
2175,白河水庫二,白河水庫,臺南市,白河區,120.4785310,23.3620570,196686.16,2584471.90,"2025-09-04 09:47:50",表水,0.5,化學需氧量,COD,9.6,mg/L,
2175,白河水庫二,白河水庫,臺南市,白河區,120.4785310,23.3620570,196686.16,2584471.90,"2025-09-04 09:47:50",表水,0.5,溶氧(電極法),DO,8.3,mg/L,
2175,白河水庫二,白河水庫,臺南市,白河區,120.4785310,23.3620570,196686.16,2584471.90,"2025-09-04 09:47:50",表水,0.5,懸浮固體,SS,4.6,mg/L,
2175,白河水庫二,白河水庫,臺南市,白河區,120.4785310,23.3620570,196686.16,2584471.90,"2025-09-04 09:47:50",表水,0.5,氣溫,TMP,27.6,℃,
2175,白河水庫二,白河水庫,臺南市,白河區,120.4785310,23.3620570,196686.16,2584471.90,"2025-09-04 09:47:50",表水,0.5,採樣深度,SampleDepth,0.5,m,
2175,白河水庫二,白河水庫,臺南市,白河區,120.4785310,23.3620570,196686.16,2584471.90,"2025-09-04 09:47:50",表水,0.5,導電度,EC,262,μmho/cm25℃,
2175,白河水庫二,白河水庫,臺南市,白河區,120.4785310,23.3620570,196686.16,2584471.90,"2025-09-04 09:47:50",表水,0.5,濁度,TB,2.0,NTU,
2175,白河水庫二,白河水庫,臺南市,白河區,120.4785310,23.3620570,196686.16,2584471.90,"2025-09-04 09:47:50",表水,0.5,酸鹼值,pH,8.46," ",
2175,白河水庫二,白河水庫,臺南市,白河區,120.4785310,23.3620570,196686.16,2584471.90,"2025-09-04 09:47:50",表水,0.5,透明度,SD,1.5,m,
2175,白河水庫二,白河水庫,臺南市,白河區,120.4785310,23.3620570,196686.16,2584471.90,"2025-09-04 09:47:50",表水,0.5,水溫,WT,30.7,℃,
2175,白河水庫二,白河水庫,臺南市,白河區,120.4785310,23.3620570,196686.16,2584471.90,"2025-09-04 09:47:50",表水,0.5,卡爾森指數,CTSI,54,,
2174,白河水庫一,白河水庫,臺南市,白河區,120.4731064,23.3570416,196129.52,2583918.51,"2025-09-04 09:57:47",表水,0.5,葉綠素a,Chl_a,8.7,μg/L,
2174,白河水庫一,白河水庫,臺南市,白河區,120.4731064,23.3570416,196129.52,2583918.51,"2025-09-04 09:57:47",表水,0.5,總磷,TP,0.030,mg/L,
2174,白河水庫一,白河水庫,臺南市,白河區,120.4731064,23.3570416,196129.52,2583918.51,"2025-09-04 09:57:47",表水,0.5,正磷酸鹽,PO4,-,mg/L,
2174,白河水庫一,白河水庫,臺南市,白河區,120.4731064,23.3570416,196129.52,2583918.51,"2025-09-04 09:57:47",表水,0.5,溶氧飽和度,DOS,118.4,%,
2174,白河水庫一,白河水庫,臺南市,白河區,120.4731064,23.3570416,196129.52,2583918.51,"2025-09-04 09:57:47",表水,0.5,溶氧(滴定法),DO2,-,mg/L,
2174,白河水庫一,白河水庫,臺南市,白河區,120.4731064,23.3570416,196129.52,2583918.51,"2025-09-04 09:57:47",表水,0.5,總鹼度,TAlk,-,mg/L,
2174,白河水庫一,白河水庫,臺南市,白河區,120.4731064,23.3570416,196129.52,2583918.51,"2025-09-04 09:57:47",表水,0.5,總硬度,TH,-,mg/L,
2174,白河水庫一,白河水庫,臺南市,白河區,120.4731064,23.3570416,196129.52,2583918.51,"2025-09-04 09:57:47",表水,0.5,總氮,TN,<0.20,mg/L,
2174,白河水庫一,白河水庫,臺南市,白河區,120.4731064,23.3570416,196129.52,2583918.51,"2025-09-04 09:57:47",表水,0.5,亞硝酸鹽氮,NO2_N,-,mg/L,
2174,白河水庫一,白河水庫,臺南市,白河區,120.4731064,23.3570416,196129.52,2583918.51,"2025-09-04 09:57:47",表水,0.5,硝酸鹽氮,NO3_N,-,mg/L,
2174,白河水庫一,白河水庫,臺南市,白河區,120.4731064,23.3570416,196129.52,2583918.51,"2025-09-04 09:57:47",表水,0.5,總凱氏氮,TKN,-,mg/L,
2174,白河水庫一,白河水庫,臺南市,白河區,120.4731064,23.3570416,196129.52,2583918.51,"2025-09-04 09:57:47",表水,0.5,有機氮,Norg,-,mg/L,
2174,白河水庫一,白河水庫,臺南市,白河區,120.4731064,23.3570416,196129.52,2583918.51,"2025-09-04 09:57:47",表水,0.5,氨氮,NH3_N,0.02,mg/L,
2174,白河水庫一,白河水庫,臺南市,白河區,120.4731064,23.3570416,196129.52,2583918.51,"2025-09-04 09:57:47",表水,0.5,總有機碳,TOC,2.76,mg/L,
2174,白河水庫一,白河水庫,臺南市,白河區,120.4731064,23.3570416,196129.52,2583918.51,"2025-09-04 09:57:47",表水,0.5,化學需氧量,COD,9.3,mg/L,
2174,白河水庫一,白河水庫,臺南市,白河區,120.4731064,23.3570416,196129.52,2583918.51,"2025-09-04 09:57:47",表水,0.5,溶氧(電極法),DO,8.7,mg/L,
2174,白河水庫一,白河水庫,臺南市,白河區,120.4731064,23.3570416,196129.52,2583918.51,"2025-09-04 09:57:47",表水,0.5,懸浮固體,SS,3.4,mg/L,
2174,白河水庫一,白河水庫,臺南市,白河區,120.4731064,23.3570416,196129.52,2583918.51,"2025-09-04 09:57:47",表水,0.5,氣溫,TMP,27.5,℃,
2174,白河水庫一,白河水庫,臺南市,白河區,120.4731064,23.3570416,196129.52,2583918.51,"2025-09-04 09:57:47",表水,0.5,採樣深度,SampleDepth,0.5,m,
2174,白河水庫一,白河水庫,臺南市,白河區,120.4731064,23.3570416,196129.52,2583918.51,"2025-09-04 09:57:47",表水,0.5,導電度,EC,302,μmho/cm25℃,
2174,白河水庫一,白河水庫,臺南市,白河區,120.4731064,23.3570416,196129.52,2583918.51,"2025-09-04 09:57:47",表水,0.5,濁度,TB,1.9,NTU,
2174,白河水庫一,白河水庫,臺南市,白河區,120.4731064,23.3570416,196129.52,2583918.51,"2025-09-04 09:57:47",表水,0.5,酸鹼值,pH,8.70," ",
2174,白河水庫一,白河水庫,臺南市,白河區,120.4731064,23.3570416,196129.52,2583918.51,"2025-09-04 09:57:47",表水,0.5,透明度,SD,1.7,m,
2174,白河水庫一,白河水庫,臺南市,白河區,120.4731064,23.3570416,196129.52,2583918.51,"2025-09-04 09:57:47",表水,0.5,水溫,WT,31.0,℃,
2174,白河水庫一,白河水庫,臺南市,白河區,120.4731064,23.3570416,196129.52,2583918.51,"2025-09-04 09:57:47",表水,0.5,卡爾森指數,CTSI,52,,
2173,烏山頭水庫五,烏山頭水庫,臺南市,官田區,120.3872440,23.1917290,187273.23,2565646.21,"2025-09-02 09:51:01",表水,0.5,葉綠素a,Chl_a,6.0,μg/L,
2173,烏山頭水庫五,烏山頭水庫,臺南市,官田區,120.3872440,23.1917290,187273.23,2565646.21,"2025-09-02 09:51:01",表水,0.5,總磷,TP,0.032,mg/L,
2173,烏山頭水庫五,烏山頭水庫,臺南市,官田區,120.3872440,23.1917290,187273.23,2565646.21,"2025-09-02 09:51:01",表水,0.5,正磷酸鹽,PO4,-,mg/L,
2173,烏山頭水庫五,烏山頭水庫,臺南市,官田區,120.3872440,23.1917290,187273.23,2565646.21,"2025-09-02 09:51:01",表水,0.5,溶氧飽和度,DOS,116.9,%,
2173,烏山頭水庫五,烏山頭水庫,臺南市,官田區,120.3872440,23.1917290,187273.23,2565646.21,"2025-09-02 09:51:01",表水,0.5,溶氧(滴定法),DO2,-,mg/L,
2173,烏山頭水庫五,烏山頭水庫,臺南市,官田區,120.3872440,23.1917290,187273.23,2565646.21,"2025-09-02 09:51:01",表水,0.5,總鹼度,TAlk,-,mg/L,
2173,烏山頭水庫五,烏山頭水庫,臺南市,官田區,120.3872440,23.1917290,187273.23,2565646.21,"2025-09-02 09:51:01",表水,0.5,總硬度,TH,-,mg/L,
2173,烏山頭水庫五,烏山頭水庫,臺南市,官田區,120.3872440,23.1917290,187273.23,2565646.21,"2025-09-02 09:51:01",表水,0.5,總氮,TN,<0.20,mg/L,
2173,烏山頭水庫五,烏山頭水庫,臺南市,官田區,120.3872440,23.1917290,187273.23,2565646.21,"2025-09-02 09:51:01",表水,0.5,亞硝酸鹽氮,NO2_N,-,mg/L,
2173,烏山頭水庫五,烏山頭水庫,臺南市,官田區,120.3872440,23.1917290,187273.23,2565646.21,"2025-09-02 09:51:01",表水,0.5,硝酸鹽氮,NO3_N,-,mg/L,
2173,烏山頭水庫五,烏山頭水庫,臺南市,官田區,120.3872440,23.1917290,187273.23,2565646.21,"2025-09-02 09:51:01",表水,0.5,總凱氏氮,TKN,-,mg/L,
2173,烏山頭水庫五,烏山頭水庫,臺南市,官田區,120.3872440,23.1917290,187273.23,2565646.21,"2025-09-02 09:51:01",表水,0.5,有機氮,Norg,-,mg/L,
2173,烏山頭水庫五,烏山頭水庫,臺南市,官田區,120.3872440,23.1917290,187273.23,2565646.21,"2025-09-02 09:51:01",表水,0.5,氨氮,NH3_N,<0.01,mg/L,
2173,烏山頭水庫五,烏山頭水庫,臺南市,官田區,120.3872440,23.1917290,187273.23,2565646.21,"2025-09-02 09:51:01",表水,0.5,總有機碳,TOC,1.77,mg/L,
2173,烏山頭水庫五,烏山頭水庫,臺南市,官田區,120.3872440,23.1917290,187273.23,2565646.21,"2025-09-02 09:51:01",表水,0.5,化學需氧量,COD,6.6,mg/L,
2173,烏山頭水庫五,烏山頭水庫,臺南市,官田區,120.3872440,23.1917290,187273.23,2565646.21,"2025-09-02 09:51:01",表水,0.5,溶氧(電極法),DO,8.5,mg/L,
2173,烏山頭水庫五,烏山頭水庫,臺南市,官田區,120.3872440,23.1917290,187273.23,2565646.21,"2025-09-02 09:51:01",表水,0.5,懸浮固體,SS,3.3,mg/L,
2173,烏山頭水庫五,烏山頭水庫,臺南市,官田區,120.3872440,23.1917290,187273.23,2565646.21,"2025-09-02 09:51:01",表水,0.5,氣溫,TMP,28.7,℃,
2173,烏山頭水庫五,烏山頭水庫,臺南市,官田區,120.3872440,23.1917290,187273.23,2565646.21,"2025-09-02 09:51:01",表水,0.5,採樣深度,SampleDepth,0.5,m,
2173,烏山頭水庫五,烏山頭水庫,臺南市,官田區,120.3872440,23.1917290,187273.23,2565646.21,"2025-09-02 09:51:01",表水,0.5,導電度,EC,284,μmho/cm25℃,
2173,烏山頭水庫五,烏山頭水庫,臺南市,官田區,120.3872440,23.1917290,187273.23,2565646.21,"2025-09-02 09:51:01",表水,0.5,濁度,TB,3.1,NTU,
2173,烏山頭水庫五,烏山頭水庫,臺南市,官田區,120.3872440,23.1917290,187273.23,2565646.21,"2025-09-02 09:51:01",表水,0.5,酸鹼值,pH,8.62," ",
2173,烏山頭水庫五,烏山頭水庫,臺南市,官田區,120.3872440,23.1917290,187273.23,2565646.21,"2025-09-02 09:51:01",表水,0.5,透明度,SD,2.0,m,
2173,烏山頭水庫五,烏山頭水庫,臺南市,官田區,120.3872440,23.1917290,187273.23,2565646.21,"2025-09-02 09:51:01",表水,0.5,水溫,WT,31.6,℃,
2173,烏山頭水庫五,烏山頭水庫,臺南市,官田區,120.3872440,23.1917290,187273.23,2565646.21,"2025-09-02 09:51:01",表水,0.5,卡爾森指數,CTSI,51,,
2172,烏山頭水庫四,烏山頭水庫,臺南市,官田區,120.3776610,23.1943960,186293.47,2565945.72,"2025-09-02 09:39:18",表水,0.5,葉綠素a,Chl_a,6.6,μg/L,
2172,烏山頭水庫四,烏山頭水庫,臺南市,官田區,120.3776610,23.1943960,186293.47,2565945.72,"2025-09-02 09:39:18",表水,0.5,總磷,TP,0.045,mg/L,
2172,烏山頭水庫四,烏山頭水庫,臺南市,官田區,120.3776610,23.1943960,186293.47,2565945.72,"2025-09-02 09:39:18",表水,0.5,正磷酸鹽,PO4,-,mg/L,
2172,烏山頭水庫四,烏山頭水庫,臺南市,官田區,120.3776610,23.1943960,186293.47,2565945.72,"2025-09-02 09:39:18",表水,0.5,溶氧飽和度,DOS,119.7,%,
2172,烏山頭水庫四,烏山頭水庫,臺南市,官田區,120.3776610,23.1943960,186293.47,2565945.72,"2025-09-02 09:39:18",表水,0.5,溶氧(滴定法),DO2,-,mg/L,
2172,烏山頭水庫四,烏山頭水庫,臺南市,官田區,120.3776610,23.1943960,186293.47,2565945.72,"2025-09-02 09:39:18",表水,0.5,總鹼度,TAlk,-,mg/L,
2172,烏山頭水庫四,烏山頭水庫,臺南市,官田區,120.3776610,23.1943960,186293.47,2565945.72,"2025-09-02 09:39:18",表水,0.5,總硬度,TH,-,mg/L,
2172,烏山頭水庫四,烏山頭水庫,臺南市,官田區,120.3776610,23.1943960,186293.47,2565945.72,"2025-09-02 09:39:18",表水,0.5,總氮,TN,0.23,mg/L,
2172,烏山頭水庫四,烏山頭水庫,臺南市,官田區,120.3776610,23.1943960,186293.47,2565945.72,"2025-09-02 09:39:18",表水,0.5,亞硝酸鹽氮,NO2_N,-,mg/L,
2172,烏山頭水庫四,烏山頭水庫,臺南市,官田區,120.3776610,23.1943960,186293.47,2565945.72,"2025-09-02 09:39:18",表水,0.5,硝酸鹽氮,NO3_N,-,mg/L,
2172,烏山頭水庫四,烏山頭水庫,臺南市,官田區,120.3776610,23.1943960,186293.47,2565945.72,"2025-09-02 09:39:18",表水,0.5,總凱氏氮,TKN,-,mg/L,
2172,烏山頭水庫四,烏山頭水庫,臺南市,官田區,120.3776610,23.1943960,186293.47,2565945.72,"2025-09-02 09:39:18",表水,0.5,有機氮,Norg,-,mg/L,
2172,烏山頭水庫四,烏山頭水庫,臺南市,官田區,120.3776610,23.1943960,186293.47,2565945.72,"2025-09-02 09:39:18",表水,0.5,氨氮,NH3_N,0.04,mg/L,
2172,烏山頭水庫四,烏山頭水庫,臺南市,官田區,120.3776610,23.1943960,186293.47,2565945.72,"2025-09-02 09:39:18",表水,0.5,總有機碳,TOC,6.52,mg/L,
2172,烏山頭水庫四,烏山頭水庫,臺南市,官田區,120.3776610,23.1943960,186293.47,2565945.72,"2025-09-02 09:39:18",表水,0.5,化學需氧量,COD,6.9,mg/L,
2172,烏山頭水庫四,烏山頭水庫,臺南市,官田區,120.3776610,23.1943960,186293.47,2565945.72,"2025-09-02 09:39:18",表水,0.5,溶氧(電極法),DO,8.8,mg/L,
2172,烏山頭水庫四,烏山頭水庫,臺南市,官田區,120.3776610,23.1943960,186293.47,2565945.72,"2025-09-02 09:39:18",表水,0.5,懸浮固體,SS,2.6,mg/L,
2172,烏山頭水庫四,烏山頭水庫,臺南市,官田區,120.3776610,23.1943960,186293.47,2565945.72,"2025-09-02 09:39:18",表水,0.5,氣溫,TMP,28.2,℃,
2172,烏山頭水庫四,烏山頭水庫,臺南市,官田區,120.3776610,23.1943960,186293.47,2565945.72,"2025-09-02 09:39:18",表水,0.5,採樣深度,SampleDepth,0.5,m,
2172,烏山頭水庫四,烏山頭水庫,臺南市,官田區,120.3776610,23.1943960,186293.47,2565945.72,"2025-09-02 09:39:18",表水,0.5,導電度,EC,294,μmho/cm25℃,
2172,烏山頭水庫四,烏山頭水庫,臺南市,官田區,120.3776610,23.1943960,186293.47,2565945.72,"2025-09-02 09:39:18",表水,0.5,濁度,TB,2.4,NTU,
2172,烏山頭水庫四,烏山頭水庫,臺南市,官田區,120.3776610,23.1943960,186293.47,2565945.72,"2025-09-02 09:39:18",表水,0.5,酸鹼值,pH,8.60," ",
2172,烏山頭水庫四,烏山頭水庫,臺南市,官田區,120.3776610,23.1943960,186293.47,2565945.72,"2025-09-02 09:39:18",表水,0.5,透明度,SD,2.0,m,
2172,烏山頭水庫四,烏山頭水庫,臺南市,官田區,120.3776610,23.1943960,186293.47,2565945.72,"2025-09-02 09:39:18",表水,0.5,水溫,WT,31.5,℃,
2172,烏山頭水庫四,烏山頭水庫,臺南市,官田區,120.3776610,23.1943960,186293.47,2565945.72,"2025-09-02 09:39:18",表水,0.5,卡爾森指數,CTSI,53,,
2171,烏山頭水庫三,烏山頭水庫,臺南市,官田區,120.3816900,23.2071180,186711.91,2567352.80,"2025-09-02 10:19:16",表水,0.5,葉綠素a,Chl_a,4.1,μg/L,
2171,烏山頭水庫三,烏山頭水庫,臺南市,官田區,120.3816900,23.2071180,186711.91,2567352.80,"2025-09-02 10:19:16",表水,0.5,總磷,TP,0.037,mg/L,
2171,烏山頭水庫三,烏山頭水庫,臺南市,官田區,120.3816900,23.2071180,186711.91,2567352.80,"2025-09-02 10:19:16",表水,0.5,正磷酸鹽,PO4,-,mg/L,
2171,烏山頭水庫三,烏山頭水庫,臺南市,官田區,120.3816900,23.2071180,186711.91,2567352.80,"2025-09-02 10:19:16",表水,0.5,溶氧飽和度,DOS,116.7,%,
2171,烏山頭水庫三,烏山頭水庫,臺南市,官田區,120.3816900,23.2071180,186711.91,2567352.80,"2025-09-02 10:19:16",表水,0.5,溶氧(滴定法),DO2,-,mg/L,
2171,烏山頭水庫三,烏山頭水庫,臺南市,官田區,120.3816900,23.2071180,186711.91,2567352.80,"2025-09-02 10:19:16",表水,0.5,總鹼度,TAlk,-,mg/L,
2171,烏山頭水庫三,烏山頭水庫,臺南市,官田區,120.3816900,23.2071180,186711.91,2567352.80,"2025-09-02 10:19:16",表水,0.5,總硬度,TH,-,mg/L,
2171,烏山頭水庫三,烏山頭水庫,臺南市,官田區,120.3816900,23.2071180,186711.91,2567352.80,"2025-09-02 10:19:16",表水,0.5,總氮,TN,<0.20,mg/L,
2171,烏山頭水庫三,烏山頭水庫,臺南市,官田區,120.3816900,23.2071180,186711.91,2567352.80,"2025-09-02 10:19:16",表水,0.5,亞硝酸鹽氮,NO2_N,-,mg/L,
2171,烏山頭水庫三,烏山頭水庫,臺南市,官田區,120.3816900,23.2071180,186711.91,2567352.80,"2025-09-02 10:19:16",表水,0.5,硝酸鹽氮,NO3_N,-,mg/L,
2171,烏山頭水庫三,烏山頭水庫,臺南市,官田區,120.3816900,23.2071180,186711.91,2567352.80,"2025-09-02 10:19:16",表水,0.5,總凱氏氮,TKN,-,mg/L,
2171,烏山頭水庫三,烏山頭水庫,臺南市,官田區,120.3816900,23.2071180,186711.91,2567352.80,"2025-09-02 10:19:16",表水,0.5,有機氮,Norg,-,mg/L,
2171,烏山頭水庫三,烏山頭水庫,臺南市,官田區,120.3816900,23.2071180,186711.91,2567352.80,"2025-09-02 10:19:16",表水,0.5,氨氮,NH3_N,0.01,mg/L,
2171,烏山頭水庫三,烏山頭水庫,臺南市,官田區,120.3816900,23.2071180,186711.91,2567352.80,"2025-09-02 10:19:16",表水,0.5,總有機碳,TOC,2.83,mg/L,
2171,烏山頭水庫三,烏山頭水庫,臺南市,官田區,120.3816900,23.2071180,186711.91,2567352.80,"2025-09-02 10:19:16",表水,0.5,化學需氧量,COD,8.8,mg/L,
2171,烏山頭水庫三,烏山頭水庫,臺南市,官田區,120.3816900,23.2071180,186711.91,2567352.80,"2025-09-02 10:19:16",表水,0.5,溶氧(電極法),DO,8.5,mg/L,
2171,烏山頭水庫三,烏山頭水庫,臺南市,官田區,120.3816900,23.2071180,186711.91,2567352.80,"2025-09-02 10:19:16",表水,0.5,懸浮固體,SS,3.2,mg/L,
2171,烏山頭水庫三,烏山頭水庫,臺南市,官田區,120.3816900,23.2071180,186711.91,2567352.80,"2025-09-02 10:19:16",表水,0.5,氣溫,TMP,29.3,℃,
2171,烏山頭水庫三,烏山頭水庫,臺南市,官田區,120.3816900,23.2071180,186711.91,2567352.80,"2025-09-02 10:19:16",表水,0.5,採樣深度,SampleDepth,0.5,m,
2171,烏山頭水庫三,烏山頭水庫,臺南市,官田區,120.3816900,23.2071180,186711.91,2567352.80,"2025-09-02 10:19:16",表水,0.5,導電度,EC,296,μmho/cm25℃,
2171,烏山頭水庫三,烏山頭水庫,臺南市,官田區,120.3816900,23.2071180,186711.91,2567352.80,"2025-09-02 10:19:16",表水,0.5,濁度,TB,2.4,NTU,
2171,烏山頭水庫三,烏山頭水庫,臺南市,官田區,120.3816900,23.2071180,186711.91,2567352.80,"2025-09-02 10:19:16",表水,0.5,酸鹼值,pH,8.61," ",
2171,烏山頭水庫三,烏山頭水庫,臺南市,官田區,120.3816900,23.2071180,186711.91,2567352.80,"2025-09-02 10:19:16",表水,0.5,透明度,SD,1.9,m,
2171,烏山頭水庫三,烏山頭水庫,臺南市,官田區,120.3816900,23.2071180,186711.91,2567352.80,"2025-09-02 10:19:16",表水,0.5,水溫,WT,32.0,℃,
2171,烏山頭水庫三,烏山頭水庫,臺南市,官田區,120.3816900,23.2071180,186711.91,2567352.80,"2025-09-02 10:19:16",表水,0.5,卡爾森指數,CTSI,50,,
2170,烏山頭水庫二,烏山頭水庫,臺南市,官田區,120.3718840,23.2027020,185706.06,2566868.07,"2025-09-02 11:03:31",表水,0.5,葉綠素a,Chl_a,4.9,μg/L,
2170,烏山頭水庫二,烏山頭水庫,臺南市,官田區,120.3718840,23.2027020,185706.06,2566868.07,"2025-09-02 11:03:31",表水,0.5,總磷,TP,0.040,mg/L,
2170,烏山頭水庫二,烏山頭水庫,臺南市,官田區,120.3718840,23.2027020,185706.06,2566868.07,"2025-09-02 11:03:31",表水,0.5,正磷酸鹽,PO4,-,mg/L,
2170,烏山頭水庫二,烏山頭水庫,臺南市,官田區,120.3718840,23.2027020,185706.06,2566868.07,"2025-09-02 11:03:31",表水,0.5,溶氧飽和度,DOS,122.2,%,
2170,烏山頭水庫二,烏山頭水庫,臺南市,官田區,120.3718840,23.2027020,185706.06,2566868.07,"2025-09-02 11:03:31",表水,0.5,溶氧(滴定法),DO2,-,mg/L,
2170,烏山頭水庫二,烏山頭水庫,臺南市,官田區,120.3718840,23.2027020,185706.06,2566868.07,"2025-09-02 11:03:31",表水,0.5,總鹼度,TAlk,-,mg/L,
2170,烏山頭水庫二,烏山頭水庫,臺南市,官田區,120.3718840,23.2027020,185706.06,2566868.07,"2025-09-02 11:03:31",表水,0.5,總硬度,TH,-,mg/L,
2170,烏山頭水庫二,烏山頭水庫,臺南市,官田區,120.3718840,23.2027020,185706.06,2566868.07,"2025-09-02 11:03:31",表水,0.5,總氮,TN,<0.20,mg/L,
2170,烏山頭水庫二,烏山頭水庫,臺南市,官田區,120.3718840,23.2027020,185706.06,2566868.07,"2025-09-02 11:03:31",表水,0.5,亞硝酸鹽氮,NO2_N,-,mg/L,
2170,烏山頭水庫二,烏山頭水庫,臺南市,官田區,120.3718840,23.2027020,185706.06,2566868.07,"2025-09-02 11:03:31",表水,0.5,硝酸鹽氮,NO3_N,-,mg/L,
2170,烏山頭水庫二,烏山頭水庫,臺南市,官田區,120.3718840,23.2027020,185706.06,2566868.07,"2025-09-02 11:03:31",表水,0.5,總凱氏氮,TKN,-,mg/L,
2170,烏山頭水庫二,烏山頭水庫,臺南市,官田區,120.3718840,23.2027020,185706.06,2566868.07,"2025-09-02 11:03:31",表水,0.5,有機氮,Norg,-,mg/L,
2170,烏山頭水庫二,烏山頭水庫,臺南市,官田區,120.3718840,23.2027020,185706.06,2566868.07,"2025-09-02 11:03:31",表水,0.5,氨氮,NH3_N,<0.01,mg/L,
2170,烏山頭水庫二,烏山頭水庫,臺南市,官田區,120.3718840,23.2027020,185706.06,2566868.07,"2025-09-02 11:03:31",表水,0.5,總有機碳,TOC,2.32,mg/L,
2170,烏山頭水庫二,烏山頭水庫,臺南市,官田區,120.3718840,23.2027020,185706.06,2566868.07,"2025-09-02 11:03:31",表水,0.5,化學需氧量,COD,7.4,mg/L,
2170,烏山頭水庫二,烏山頭水庫,臺南市,官田區,120.3718840,23.2027020,185706.06,2566868.07,"2025-09-02 11:03:31",表水,0.5,溶氧(電極法),DO,8.9,mg/L,
2170,烏山頭水庫二,烏山頭水庫,臺南市,官田區,120.3718840,23.2027020,185706.06,2566868.07,"2025-09-02 11:03:31",表水,0.5,懸浮固體,SS,2.4,mg/L,
2170,烏山頭水庫二,烏山頭水庫,臺南市,官田區,120.3718840,23.2027020,185706.06,2566868.07,"2025-09-02 11:03:31",表水,0.5,氣溫,TMP,30.2,℃,
2170,烏山頭水庫二,烏山頭水庫,臺南市,官田區,120.3718840,23.2027020,185706.06,2566868.07,"2025-09-02 11:03:31",表水,0.5,採樣深度,SampleDepth,0.5,m,
2170,烏山頭水庫二,烏山頭水庫,臺南市,官田區,120.3718840,23.2027020,185706.06,2566868.07,"2025-09-02 11:03:31",表水,0.5,導電度,EC,294,μmho/cm25℃,
2170,烏山頭水庫二,烏山頭水庫,臺南市,官田區,120.3718840,23.2027020,185706.06,2566868.07,"2025-09-02 11:03:31",表水,0.5,濁度,TB,2.1,NTU,
2170,烏山頭水庫二,烏山頭水庫,臺南市,官田區,120.3718840,23.2027020,185706.06,2566868.07,"2025-09-02 11:03:31",表水,0.5,酸鹼值,pH,8.60," ",
2170,烏山頭水庫二,烏山頭水庫,臺南市,官田區,120.3718840,23.2027020,185706.06,2566868.07,"2025-09-02 11:03:31",表水,0.5,透明度,SD,1.7,m,
2170,烏山頭水庫二,烏山頭水庫,臺南市,官田區,120.3718840,23.2027020,185706.06,2566868.07,"2025-09-02 11:03:31",表水,0.5,水溫,WT,31.9,℃,
2170,烏山頭水庫二,烏山頭水庫,臺南市,官田區,120.3718840,23.2027020,185706.06,2566868.07,"2025-09-02 11:03:31",表水,0.5,卡爾森指數,CTSI,52,,
2169,烏山頭水庫一,烏山頭水庫,臺南市,官田區,120.3768010,23.2116180,186213.61,2567853.27,"2025-09-02 10:48:05",表水,0.5,葉綠素a,Chl_a,3.8,μg/L,
2169,烏山頭水庫一,烏山頭水庫,臺南市,官田區,120.3768010,23.2116180,186213.61,2567853.27,"2025-09-02 10:48:05",表水,0.5,總磷,TP,0.030,mg/L,
2169,烏山頭水庫一,烏山頭水庫,臺南市,官田區,120.3768010,23.2116180,186213.61,2567853.27,"2025-09-02 10:48:05",表水,0.5,正磷酸鹽,PO4,-,mg/L,
2169,烏山頭水庫一,烏山頭水庫,臺南市,官田區,120.3768010,23.2116180,186213.61,2567853.27,"2025-09-02 10:48:05",表水,0.5,溶氧飽和度,DOS,106.2,%,
2169,烏山頭水庫一,烏山頭水庫,臺南市,官田區,120.3768010,23.2116180,186213.61,2567853.27,"2025-09-02 10:48:05",表水,0.5,溶氧(滴定法),DO2,-,mg/L,
2169,烏山頭水庫一,烏山頭水庫,臺南市,官田區,120.3768010,23.2116180,186213.61,2567853.27,"2025-09-02 10:48:05",表水,0.5,總鹼度,TAlk,-,mg/L,
2169,烏山頭水庫一,烏山頭水庫,臺南市,官田區,120.3768010,23.2116180,186213.61,2567853.27,"2025-09-02 10:48:05",表水,0.5,總硬度,TH,-,mg/L,
2169,烏山頭水庫一,烏山頭水庫,臺南市,官田區,120.3768010,23.2116180,186213.61,2567853.27,"2025-09-02 10:48:05",表水,0.5,總氮,TN,<0.20,mg/L,
2169,烏山頭水庫一,烏山頭水庫,臺南市,官田區,120.3768010,23.2116180,186213.61,2567853.27,"2025-09-02 10:48:05",表水,0.5,亞硝酸鹽氮,NO2_N,-,mg/L,
2169,烏山頭水庫一,烏山頭水庫,臺南市,官田區,120.3768010,23.2116180,186213.61,2567853.27,"2025-09-02 10:48:05",表水,0.5,硝酸鹽氮,NO3_N,-,mg/L,
2169,烏山頭水庫一,烏山頭水庫,臺南市,官田區,120.3768010,23.2116180,186213.61,2567853.27,"2025-09-02 10:48:05",表水,0.5,總凱氏氮,TKN,-,mg/L,
2169,烏山頭水庫一,烏山頭水庫,臺南市,官田區,120.3768010,23.2116180,186213.61,2567853.27,"2025-09-02 10:48:05",表水,0.5,有機氮,Norg,-,mg/L,
2169,烏山頭水庫一,烏山頭水庫,臺南市,官田區,120.3768010,23.2116180,186213.61,2567853.27,"2025-09-02 10:48:05",表水,0.5,氨氮,NH3_N,<0.01,mg/L,
2169,烏山頭水庫一,烏山頭水庫,臺南市,官田區,120.3768010,23.2116180,186213.61,2567853.27,"2025-09-02 10:48:05",表水,0.5,總有機碳,TOC,2.21,mg/L,
2169,烏山頭水庫一,烏山頭水庫,臺南市,官田區,120.3768010,23.2116180,186213.61,2567853.27,"2025-09-02 10:48:05",表水,0.5,化學需氧量,COD,9.0,mg/L,
2169,烏山頭水庫一,烏山頭水庫,臺南市,官田區,120.3768010,23.2116180,186213.61,2567853.27,"2025-09-02 10:48:05",表水,0.5,溶氧(電極法),DO,7.7,mg/L,
2169,烏山頭水庫一,烏山頭水庫,臺南市,官田區,120.3768010,23.2116180,186213.61,2567853.27,"2025-09-02 10:48:05",表水,0.5,懸浮固體,SS,4.2,mg/L,
2169,烏山頭水庫一,烏山頭水庫,臺南市,官田區,120.3768010,23.2116180,186213.61,2567853.27,"2025-09-02 10:48:05",表水,0.5,氣溫,TMP,29.8,℃,
2169,烏山頭水庫一,烏山頭水庫,臺南市,官田區,120.3768010,23.2116180,186213.61,2567853.27,"2025-09-02 10:48:05",表水,0.5,採樣深度,SampleDepth,0.5,m,
2169,烏山頭水庫一,烏山頭水庫,臺南市,官田區,120.3768010,23.2116180,186213.61,2567853.27,"2025-09-02 10:48:05",表水,0.5,導電度,EC,298,μmho/cm25℃,
2169,烏山頭水庫一,烏山頭水庫,臺南市,官田區,120.3768010,23.2116180,186213.61,2567853.27,"2025-09-02 10:48:05",表水,0.5,濁度,TB,4.5,NTU,
2169,烏山頭水庫一,烏山頭水庫,臺南市,官田區,120.3768010,23.2116180,186213.61,2567853.27,"2025-09-02 10:48:05",表水,0.5,酸鹼值,pH,8.56," ",
2169,烏山頭水庫一,烏山頭水庫,臺南市,官田區,120.3768010,23.2116180,186213.61,2567853.27,"2025-09-02 10:48:05",表水,0.5,透明度,SD,1.8,m,
2169,烏山頭水庫一,烏山頭水庫,臺南市,官田區,120.3768010,23.2116180,186213.61,2567853.27,"2025-09-02 10:48:05",表水,0.5,水溫,WT,31.8,℃,
2169,烏山頭水庫一,烏山頭水庫,臺南市,官田區,120.3768010,23.2116180,186213.61,2567853.27,"2025-09-02 10:48:05",表水,0.5,卡爾森指數,CTSI,49,,
2168,曾文水庫六,曾文水庫,嘉義縣,大埔鄉,120.5985270,23.3124950,208939.21,2578944.25,"2025-09-09 11:02:00",表水,0.5,葉綠素a,Chl_a,9.4,μg/L,
2168,曾文水庫六,曾文水庫,嘉義縣,大埔鄉,120.5985270,23.3124950,208939.21,2578944.25,"2025-09-09 11:02:00",表水,0.5,總磷,TP,0.013,mg/L,
2168,曾文水庫六,曾文水庫,嘉義縣,大埔鄉,120.5985270,23.3124950,208939.21,2578944.25,"2025-09-09 11:02:00",表水,0.5,正磷酸鹽,PO4,-,mg/L,
2168,曾文水庫六,曾文水庫,嘉義縣,大埔鄉,120.5985270,23.3124950,208939.21,2578944.25,"2025-09-09 11:02:00",表水,0.5,溶氧飽和度,DOS,123.9,%,
2168,曾文水庫六,曾文水庫,嘉義縣,大埔鄉,120.5985270,23.3124950,208939.21,2578944.25,"2025-09-09 11:02:00",表水,0.5,溶氧(滴定法),DO2,-,mg/L,
2168,曾文水庫六,曾文水庫,嘉義縣,大埔鄉,120.5985270,23.3124950,208939.21,2578944.25,"2025-09-09 11:02:00",表水,0.5,總鹼度,TAlk,-,mg/L,
2168,曾文水庫六,曾文水庫,嘉義縣,大埔鄉,120.5985270,23.3124950,208939.21,2578944.25,"2025-09-09 11:02:00",表水,0.5,總硬度,TH,-,mg/L,
2168,曾文水庫六,曾文水庫,嘉義縣,大埔鄉,120.5985270,23.3124950,208939.21,2578944.25,"2025-09-09 11:02:00",表水,0.5,總氮,TN,0.47,mg/L,
2168,曾文水庫六,曾文水庫,嘉義縣,大埔鄉,120.5985270,23.3124950,208939.21,2578944.25,"2025-09-09 11:02:00",表水,0.5,亞硝酸鹽氮,NO2_N,-,mg/L,
2168,曾文水庫六,曾文水庫,嘉義縣,大埔鄉,120.5985270,23.3124950,208939.21,2578944.25,"2025-09-09 11:02:00",表水,0.5,硝酸鹽氮,NO3_N,-,mg/L,
2168,曾文水庫六,曾文水庫,嘉義縣,大埔鄉,120.5985270,23.3124950,208939.21,2578944.25,"2025-09-09 11:02:00",表水,0.5,總凱氏氮,TKN,-,mg/L,
2168,曾文水庫六,曾文水庫,嘉義縣,大埔鄉,120.5985270,23.3124950,208939.21,2578944.25,"2025-09-09 11:02:00",表水,0.5,有機氮,Norg,-,mg/L,
2168,曾文水庫六,曾文水庫,嘉義縣,大埔鄉,120.5985270,23.3124950,208939.21,2578944.25,"2025-09-09 11:02:00",表水,0.5,氨氮,NH3_N,0.02,mg/L,
2168,曾文水庫六,曾文水庫,嘉義縣,大埔鄉,120.5985270,23.3124950,208939.21,2578944.25,"2025-09-09 11:02:00",表水,0.5,總有機碳,TOC,1.36,mg/L,
2168,曾文水庫六,曾文水庫,嘉義縣,大埔鄉,120.5985270,23.3124950,208939.21,2578944.25,"2025-09-09 11:02:00",表水,0.5,化學需氧量,COD,6.4,mg/L,
2168,曾文水庫六,曾文水庫,嘉義縣,大埔鄉,120.5985270,23.3124950,208939.21,2578944.25,"2025-09-09 11:02:00",表水,0.5,溶氧(電極法),DO,9.2,mg/L,
2168,曾文水庫六,曾文水庫,嘉義縣,大埔鄉,120.5985270,23.3124950,208939.21,2578944.25,"2025-09-09 11:02:00",表水,0.5,懸浮固體,SS,3.4,mg/L,
2168,曾文水庫六,曾文水庫,嘉義縣,大埔鄉,120.5985270,23.3124950,208939.21,2578944.25,"2025-09-09 11:02:00",表水,0.5,氣溫,TMP,30.9,℃,
2168,曾文水庫六,曾文水庫,嘉義縣,大埔鄉,120.5985270,23.3124950,208939.21,2578944.25,"2025-09-09 11:02:00",表水,0.5,採樣深度,SampleDepth,0.5,m,
2168,曾文水庫六,曾文水庫,嘉義縣,大埔鄉,120.5985270,23.3124950,208939.21,2578944.25,"2025-09-09 11:02:00",表水,0.5,導電度,EC,244,μmho/cm25℃,
2168,曾文水庫六,曾文水庫,嘉義縣,大埔鄉,120.5985270,23.3124950,208939.21,2578944.25,"2025-09-09 11:02:00",表水,0.5,濁度,TB,2.5,NTU,
2168,曾文水庫六,曾文水庫,嘉義縣,大埔鄉,120.5985270,23.3124950,208939.21,2578944.25,"2025-09-09 11:02:00",表水,0.5,酸鹼值,pH,8.82," ",
2168,曾文水庫六,曾文水庫,嘉義縣,大埔鄉,120.5985270,23.3124950,208939.21,2578944.25,"2025-09-09 11:02:00",表水,0.5,透明度,SD,1.4,m,
2168,曾文水庫六,曾文水庫,嘉義縣,大埔鄉,120.5985270,23.3124950,208939.21,2578944.25,"2025-09-09 11:02:00",表水,0.5,水溫,WT,29.6,℃,
2168,曾文水庫六,曾文水庫,嘉義縣,大埔鄉,120.5985270,23.3124950,208939.21,2578944.25,"2025-09-09 11:02:00",表水,0.5,卡爾森指數,CTSI,50,,
2167,曾文水庫五,曾文水庫,嘉義縣,大埔鄉,120.5732760,23.2979130,206351.87,2577336.83,"2025-09-09 10:39:00",表水,0.5,葉綠素a,Chl_a,8.7,μg/L,
2167,曾文水庫五,曾文水庫,嘉義縣,大埔鄉,120.5732760,23.2979130,206351.87,2577336.83,"2025-09-09 10:39:00",表水,0.5,總磷,TP,0.019,mg/L,
2167,曾文水庫五,曾文水庫,嘉義縣,大埔鄉,120.5732760,23.2979130,206351.87,2577336.83,"2025-09-09 10:39:00",表水,0.5,正磷酸鹽,PO4,-,mg/L,
2167,曾文水庫五,曾文水庫,嘉義縣,大埔鄉,120.5732760,23.2979130,206351.87,2577336.83,"2025-09-09 10:39:00",表水,0.5,溶氧飽和度,DOS,130.6,%,
2167,曾文水庫五,曾文水庫,嘉義縣,大埔鄉,120.5732760,23.2979130,206351.87,2577336.83,"2025-09-09 10:39:00",表水,0.5,溶氧(滴定法),DO2,-,mg/L,
2167,曾文水庫五,曾文水庫,嘉義縣,大埔鄉,120.5732760,23.2979130,206351.87,2577336.83,"2025-09-09 10:39:00",表水,0.5,總鹼度,TAlk,-,mg/L,
2167,曾文水庫五,曾文水庫,嘉義縣,大埔鄉,120.5732760,23.2979130,206351.87,2577336.83,"2025-09-09 10:39:00",表水,0.5,總硬度,TH,-,mg/L,
2167,曾文水庫五,曾文水庫,嘉義縣,大埔鄉,120.5732760,23.2979130,206351.87,2577336.83,"2025-09-09 10:39:00",表水,0.5,總氮,TN,0.49,mg/L,
2167,曾文水庫五,曾文水庫,嘉義縣,大埔鄉,120.5732760,23.2979130,206351.87,2577336.83,"2025-09-09 10:39:00",表水,0.5,亞硝酸鹽氮,NO2_N,-,mg/L,
2167,曾文水庫五,曾文水庫,嘉義縣,大埔鄉,120.5732760,23.2979130,206351.87,2577336.83,"2025-09-09 10:39:00",表水,0.5,硝酸鹽氮,NO3_N,-,mg/L,
2167,曾文水庫五,曾文水庫,嘉義縣,大埔鄉,120.5732760,23.2979130,206351.87,2577336.83,"2025-09-09 10:39:00",表水,0.5,總凱氏氮,TKN,-,mg/L,
2167,曾文水庫五,曾文水庫,嘉義縣,大埔鄉,120.5732760,23.2979130,206351.87,2577336.83,"2025-09-09 10:39:00",表水,0.5,有機氮,Norg,-,mg/L,
2167,曾文水庫五,曾文水庫,嘉義縣,大埔鄉,120.5732760,23.2979130,206351.87,2577336.83,"2025-09-09 10:39:00",表水,0.5,氨氮,NH3_N,0.02,mg/L,
2167,曾文水庫五,曾文水庫,嘉義縣,大埔鄉,120.5732760,23.2979130,206351.87,2577336.83,"2025-09-09 10:39:00",表水,0.5,總有機碳,TOC,1.39,mg/L,
2167,曾文水庫五,曾文水庫,嘉義縣,大埔鄉,120.5732760,23.2979130,206351.87,2577336.83,"2025-09-09 10:39:00",表水,0.5,化學需氧量,COD,8.4,mg/L,
2167,曾文水庫五,曾文水庫,嘉義縣,大埔鄉,120.5732760,23.2979130,206351.87,2577336.83,"2025-09-09 10:39:00",表水,0.5,溶氧(電極法),DO,9.8,mg/L,
2167,曾文水庫五,曾文水庫,嘉義縣,大埔鄉,120.5732760,23.2979130,206351.87,2577336.83,"2025-09-09 10:39:00",表水,0.5,懸浮固體,SS,4.4,mg/L,
2167,曾文水庫五,曾文水庫,嘉義縣,大埔鄉,120.5732760,23.2979130,206351.87,2577336.83,"2025-09-09 10:39:00",表水,0.5,氣溫,TMP,30.1,℃,
2167,曾文水庫五,曾文水庫,嘉義縣,大埔鄉,120.5732760,23.2979130,206351.87,2577336.83,"2025-09-09 10:39:00",表水,0.5,採樣深度,SampleDepth,0.5,m,
2167,曾文水庫五,曾文水庫,嘉義縣,大埔鄉,120.5732760,23.2979130,206351.87,2577336.83,"2025-09-09 10:39:00",表水,0.5,導電度,EC,240,μmho/cm25℃,
2167,曾文水庫五,曾文水庫,嘉義縣,大埔鄉,120.5732760,23.2979130,206351.87,2577336.83,"2025-09-09 10:39:00",表水,0.5,濁度,TB,2.6,NTU,
2167,曾文水庫五,曾文水庫,嘉義縣,大埔鄉,120.5732760,23.2979130,206351.87,2577336.83,"2025-09-09 10:39:00",表水,0.5,酸鹼值,pH,8.88," ",
2167,曾文水庫五,曾文水庫,嘉義縣,大埔鄉,120.5732760,23.2979130,206351.87,2577336.83,"2025-09-09 10:39:00",表水,0.5,透明度,SD,1.4,m,
2167,曾文水庫五,曾文水庫,嘉義縣,大埔鄉,120.5732760,23.2979130,206351.87,2577336.83,"2025-09-09 10:39:00",表水,0.5,水溫,WT,29.6,℃,
2167,曾文水庫五,曾文水庫,嘉義縣,大埔鄉,120.5732760,23.2979130,206351.87,2577336.83,"2025-09-09 10:39:00",表水,0.5,卡爾森指數,CTSI,51,,
2166,曾文水庫四,曾文水庫,嘉義縣,大埔鄉,120.5534690,23.2636370,204314.16,2573547.24,"2025-09-09 10:15:00",表水,0.5,葉綠素a,Chl_a,9.7,μg/L,
2166,曾文水庫四,曾文水庫,嘉義縣,大埔鄉,120.5534690,23.2636370,204314.16,2573547.24,"2025-09-09 10:15:00",表水,0.5,總磷,TP,0.016,mg/L,
2166,曾文水庫四,曾文水庫,嘉義縣,大埔鄉,120.5534690,23.2636370,204314.16,2573547.24,"2025-09-09 10:15:00",表水,0.5,正磷酸鹽,PO4,-,mg/L,
2166,曾文水庫四,曾文水庫,嘉義縣,大埔鄉,120.5534690,23.2636370,204314.16,2573547.24,"2025-09-09 10:15:00",表水,0.5,溶氧飽和度,DOS,130.2,%,
2166,曾文水庫四,曾文水庫,嘉義縣,大埔鄉,120.5534690,23.2636370,204314.16,2573547.24,"2025-09-09 10:15:00",表水,0.5,溶氧(滴定法),DO2,-,mg/L,
2166,曾文水庫四,曾文水庫,嘉義縣,大埔鄉,120.5534690,23.2636370,204314.16,2573547.24,"2025-09-09 10:15:00",表水,0.5,總鹼度,TAlk,-,mg/L,
2166,曾文水庫四,曾文水庫,嘉義縣,大埔鄉,120.5534690,23.2636370,204314.16,2573547.24,"2025-09-09 10:15:00",表水,0.5,總硬度,TH,-,mg/L,
2166,曾文水庫四,曾文水庫,嘉義縣,大埔鄉,120.5534690,23.2636370,204314.16,2573547.24,"2025-09-09 10:15:00",表水,0.5,總氮,TN,0.48,mg/L,
2166,曾文水庫四,曾文水庫,嘉義縣,大埔鄉,120.5534690,23.2636370,204314.16,2573547.24,"2025-09-09 10:15:00",表水,0.5,亞硝酸鹽氮,NO2_N,-,mg/L,
2166,曾文水庫四,曾文水庫,嘉義縣,大埔鄉,120.5534690,23.2636370,204314.16,2573547.24,"2025-09-09 10:15:00",表水,0.5,硝酸鹽氮,NO3_N,-,mg/L,
2166,曾文水庫四,曾文水庫,嘉義縣,大埔鄉,120.5534690,23.2636370,204314.16,2573547.24,"2025-09-09 10:15:00",表水,0.5,總凱氏氮,TKN,-,mg/L,
2166,曾文水庫四,曾文水庫,嘉義縣,大埔鄉,120.5534690,23.2636370,204314.16,2573547.24,"2025-09-09 10:15:00",表水,0.5,有機氮,Norg,-,mg/L,
2166,曾文水庫四,曾文水庫,嘉義縣,大埔鄉,120.5534690,23.2636370,204314.16,2573547.24,"2025-09-09 10:15:00",表水,0.5,氨氮,NH3_N,0.03,mg/L,
2166,曾文水庫四,曾文水庫,嘉義縣,大埔鄉,120.5534690,23.2636370,204314.16,2573547.24,"2025-09-09 10:15:00",表水,0.5,總有機碳,TOC,1.55,mg/L,
2166,曾文水庫四,曾文水庫,嘉義縣,大埔鄉,120.5534690,23.2636370,204314.16,2573547.24,"2025-09-09 10:15:00",表水,0.5,化學需氧量,COD,8.9,mg/L,
2166,曾文水庫四,曾文水庫,嘉義縣,大埔鄉,120.5534690,23.2636370,204314.16,2573547.24,"2025-09-09 10:15:00",表水,0.5,溶氧(電極法),DO,9.7,mg/L,
2166,曾文水庫四,曾文水庫,嘉義縣,大埔鄉,120.5534690,23.2636370,204314.16,2573547.24,"2025-09-09 10:15:00",表水,0.5,懸浮固體,SS,3.2,mg/L,
2166,曾文水庫四,曾文水庫,嘉義縣,大埔鄉,120.5534690,23.2636370,204314.16,2573547.24,"2025-09-09 10:15:00",表水,0.5,氣溫,TMP,30,℃,
2166,曾文水庫四,曾文水庫,嘉義縣,大埔鄉,120.5534690,23.2636370,204314.16,2573547.24,"2025-09-09 10:15:00",表水,0.5,採樣深度,SampleDepth,0.5,m,
2166,曾文水庫四,曾文水庫,嘉義縣,大埔鄉,120.5534690,23.2636370,204314.16,2573547.24,"2025-09-09 10:15:00",表水,0.5,導電度,EC,224,μmho/cm25℃,
2166,曾文水庫四,曾文水庫,嘉義縣,大埔鄉,120.5534690,23.2636370,204314.16,2573547.24,"2025-09-09 10:15:00",表水,0.5,濁度,TB,2.1,NTU,
2166,曾文水庫四,曾文水庫,嘉義縣,大埔鄉,120.5534690,23.2636370,204314.16,2573547.24,"2025-09-09 10:15:00",表水,0.5,酸鹼值,pH,8.86," ",
2166,曾文水庫四,曾文水庫,嘉義縣,大埔鄉,120.5534690,23.2636370,204314.16,2573547.24,"2025-09-09 10:15:00",表水,0.5,透明度,SD,1.6,m,
2166,曾文水庫四,曾文水庫,嘉義縣,大埔鄉,120.5534690,23.2636370,204314.16,2573547.24,"2025-09-09 10:15:00",表水,0.5,水溫,WT,29.7,℃,
2166,曾文水庫四,曾文水庫,嘉義縣,大埔鄉,120.5534690,23.2636370,204314.16,2573547.24,"2025-09-09 10:15:00",表水,0.5,卡爾森指數,CTSI,50,,
2165,曾文水庫三,曾文水庫,嘉義縣,大埔鄉,120.5537740,23.2512200,204341.13,2572172.10,"2025-09-09 09:55:00",表水,0.5,葉綠素a,Chl_a,6.4,μg/L,
2165,曾文水庫三,曾文水庫,嘉義縣,大埔鄉,120.5537740,23.2512200,204341.13,2572172.10,"2025-09-09 09:55:00",表水,0.5,總磷,TP,0.017,mg/L,
2165,曾文水庫三,曾文水庫,嘉義縣,大埔鄉,120.5537740,23.2512200,204341.13,2572172.10,"2025-09-09 09:55:00",表水,0.5,正磷酸鹽,PO4,-,mg/L,
2165,曾文水庫三,曾文水庫,嘉義縣,大埔鄉,120.5537740,23.2512200,204341.13,2572172.10,"2025-09-09 09:55:00",表水,0.5,溶氧飽和度,DOS,132.8,%,
2165,曾文水庫三,曾文水庫,嘉義縣,大埔鄉,120.5537740,23.2512200,204341.13,2572172.10,"2025-09-09 09:55:00",表水,0.5,溶氧(滴定法),DO2,-,mg/L,
2165,曾文水庫三,曾文水庫,嘉義縣,大埔鄉,120.5537740,23.2512200,204341.13,2572172.10,"2025-09-09 09:55:00",表水,0.5,總鹼度,TAlk,-,mg/L,
2165,曾文水庫三,曾文水庫,嘉義縣,大埔鄉,120.5537740,23.2512200,204341.13,2572172.10,"2025-09-09 09:55:00",表水,0.5,總硬度,TH,-,mg/L,
2165,曾文水庫三,曾文水庫,嘉義縣,大埔鄉,120.5537740,23.2512200,204341.13,2572172.10,"2025-09-09 09:55:00",表水,0.5,總氮,TN,0.41,mg/L,
2165,曾文水庫三,曾文水庫,嘉義縣,大埔鄉,120.5537740,23.2512200,204341.13,2572172.10,"2025-09-09 09:55:00",表水,0.5,亞硝酸鹽氮,NO2_N,-,mg/L,
2165,曾文水庫三,曾文水庫,嘉義縣,大埔鄉,120.5537740,23.2512200,204341.13,2572172.10,"2025-09-09 09:55:00",表水,0.5,硝酸鹽氮,NO3_N,-,mg/L,
2165,曾文水庫三,曾文水庫,嘉義縣,大埔鄉,120.5537740,23.2512200,204341.13,2572172.10,"2025-09-09 09:55:00",表水,0.5,總凱氏氮,TKN,-,mg/L,
2165,曾文水庫三,曾文水庫,嘉義縣,大埔鄉,120.5537740,23.2512200,204341.13,2572172.10,"2025-09-09 09:55:00",表水,0.5,有機氮,Norg,-,mg/L,
2165,曾文水庫三,曾文水庫,嘉義縣,大埔鄉,120.5537740,23.2512200,204341.13,2572172.10,"2025-09-09 09:55:00",表水,0.5,氨氮,NH3_N,0.02,mg/L,
2165,曾文水庫三,曾文水庫,嘉義縣,大埔鄉,120.5537740,23.2512200,204341.13,2572172.10,"2025-09-09 09:55:00",表水,0.5,總有機碳,TOC,1.43,mg/L,
2165,曾文水庫三,曾文水庫,嘉義縣,大埔鄉,120.5537740,23.2512200,204341.13,2572172.10,"2025-09-09 09:55:00",表水,0.5,化學需氧量,COD,6.2,mg/L,
2165,曾文水庫三,曾文水庫,嘉義縣,大埔鄉,120.5537740,23.2512200,204341.13,2572172.10,"2025-09-09 09:55:00",表水,0.5,溶氧(電極法),DO,9.9,mg/L,
2165,曾文水庫三,曾文水庫,嘉義縣,大埔鄉,120.5537740,23.2512200,204341.13,2572172.10,"2025-09-09 09:55:00",表水,0.5,懸浮固體,SS,3.4,mg/L,
2165,曾文水庫三,曾文水庫,嘉義縣,大埔鄉,120.5537740,23.2512200,204341.13,2572172.10,"2025-09-09 09:55:00",表水,0.5,氣溫,TMP,30,℃,
2165,曾文水庫三,曾文水庫,嘉義縣,大埔鄉,120.5537740,23.2512200,204341.13,2572172.10,"2025-09-09 09:55:00",表水,0.5,採樣深度,SampleDepth,0.5,m,
2165,曾文水庫三,曾文水庫,嘉義縣,大埔鄉,120.5537740,23.2512200,204341.13,2572172.10,"2025-09-09 09:55:00",表水,0.5,導電度,EC,214,μmho/cm25℃,
2165,曾文水庫三,曾文水庫,嘉義縣,大埔鄉,120.5537740,23.2512200,204341.13,2572172.10,"2025-09-09 09:55:00",表水,0.5,濁度,TB,2.0,NTU,
2165,曾文水庫三,曾文水庫,嘉義縣,大埔鄉,120.5537740,23.2512200,204341.13,2572172.10,"2025-09-09 09:55:00",表水,0.5,酸鹼值,pH,8.85," ",
2165,曾文水庫三,曾文水庫,嘉義縣,大埔鄉,120.5537740,23.2512200,204341.13,2572172.10,"2025-09-09 09:55:00",表水,0.5,透明度,SD,1.8,m,
2165,曾文水庫三,曾文水庫,嘉義縣,大埔鄉,120.5537740,23.2512200,204341.13,2572172.10,"2025-09-09 09:55:00",表水,0.5,水溫,WT,29.7,℃,
2165,曾文水庫三,曾文水庫,嘉義縣,大埔鄉,120.5537740,23.2512200,204341.13,2572172.10,"2025-09-09 09:55:00",表水,0.5,卡爾森指數,CTSI,48,,
2164,曾文水庫二,曾文水庫,嘉義縣,大埔鄉,120.5554400,23.2469700,204510.16,2571700.94,"2025-09-09 09:38:00",表水,0.5,葉綠素a,Chl_a,11.2,μg/L,
2164,曾文水庫二,曾文水庫,嘉義縣,大埔鄉,120.5554400,23.2469700,204510.16,2571700.94,"2025-09-09 09:38:00",表水,0.5,總磷,TP,0.015,mg/L,
2164,曾文水庫二,曾文水庫,嘉義縣,大埔鄉,120.5554400,23.2469700,204510.16,2571700.94,"2025-09-09 09:38:00",表水,0.5,正磷酸鹽,PO4,-,mg/L,
2164,曾文水庫二,曾文水庫,嘉義縣,大埔鄉,120.5554400,23.2469700,204510.16,2571700.94,"2025-09-09 09:38:00",表水,0.5,溶氧飽和度,DOS,132.1,%,
2164,曾文水庫二,曾文水庫,嘉義縣,大埔鄉,120.5554400,23.2469700,204510.16,2571700.94,"2025-09-09 09:38:00",表水,0.5,溶氧(滴定法),DO2,-,mg/L,
2164,曾文水庫二,曾文水庫,嘉義縣,大埔鄉,120.5554400,23.2469700,204510.16,2571700.94,"2025-09-09 09:38:00",表水,0.5,總鹼度,TAlk,-,mg/L,
2164,曾文水庫二,曾文水庫,嘉義縣,大埔鄉,120.5554400,23.2469700,204510.16,2571700.94,"2025-09-09 09:38:00",表水,0.5,總硬度,TH,-,mg/L,
2164,曾文水庫二,曾文水庫,嘉義縣,大埔鄉,120.5554400,23.2469700,204510.16,2571700.94,"2025-09-09 09:38:00",表水,0.5,總氮,TN,0.37,mg/L,
2164,曾文水庫二,曾文水庫,嘉義縣,大埔鄉,120.5554400,23.2469700,204510.16,2571700.94,"2025-09-09 09:38:00",表水,0.5,亞硝酸鹽氮,NO2_N,-,mg/L,
2164,曾文水庫二,曾文水庫,嘉義縣,大埔鄉,120.5554400,23.2469700,204510.16,2571700.94,"2025-09-09 09:38:00",表水,0.5,硝酸鹽氮,NO3_N,-,mg/L,
2164,曾文水庫二,曾文水庫,嘉義縣,大埔鄉,120.5554400,23.2469700,204510.16,2571700.94,"2025-09-09 09:38:00",表水,0.5,總凱氏氮,TKN,-,mg/L,
2164,曾文水庫二,曾文水庫,嘉義縣,大埔鄉,120.5554400,23.2469700,204510.16,2571700.94,"2025-09-09 09:38:00",表水,0.5,有機氮,Norg,-,mg/L,
2164,曾文水庫二,曾文水庫,嘉義縣,大埔鄉,120.5554400,23.2469700,204510.16,2571700.94,"2025-09-09 09:38:00",表水,0.5,氨氮,NH3_N,0.02,mg/L,
2164,曾文水庫二,曾文水庫,嘉義縣,大埔鄉,120.5554400,23.2469700,204510.16,2571700.94,"2025-09-09 09:38:00",表水,0.5,總有機碳,TOC,1.60,mg/L,
2164,曾文水庫二,曾文水庫,嘉義縣,大埔鄉,120.5554400,23.2469700,204510.16,2571700.94,"2025-09-09 09:38:00",表水,0.5,化學需氧量,COD,5.7,mg/L,
2164,曾文水庫二,曾文水庫,嘉義縣,大埔鄉,120.5554400,23.2469700,204510.16,2571700.94,"2025-09-09 09:38:00",表水,0.5,溶氧(電極法),DO,9.9,mg/L,
2164,曾文水庫二,曾文水庫,嘉義縣,大埔鄉,120.5554400,23.2469700,204510.16,2571700.94,"2025-09-09 09:38:00",表水,0.5,懸浮固體,SS,3.4,mg/L,
2164,曾文水庫二,曾文水庫,嘉義縣,大埔鄉,120.5554400,23.2469700,204510.16,2571700.94,"2025-09-09 09:38:00",表水,0.5,氣溫,TMP,29.6,℃,
2164,曾文水庫二,曾文水庫,嘉義縣,大埔鄉,120.5554400,23.2469700,204510.16,2571700.94,"2025-09-09 09:38:00",表水,0.5,採樣深度,SampleDepth,0.5,m,
2164,曾文水庫二,曾文水庫,嘉義縣,大埔鄉,120.5554400,23.2469700,204510.16,2571700.94,"2025-09-09 09:38:00",表水,0.5,導電度,EC,215,μmho/cm25℃,
2164,曾文水庫二,曾文水庫,嘉義縣,大埔鄉,120.5554400,23.2469700,204510.16,2571700.94,"2025-09-09 09:38:00",表水,0.5,濁度,TB,2.4,NTU,
2164,曾文水庫二,曾文水庫,嘉義縣,大埔鄉,120.5554400,23.2469700,204510.16,2571700.94,"2025-09-09 09:38:00",表水,0.5,酸鹼值,pH,8.86," ",
2164,曾文水庫二,曾文水庫,嘉義縣,大埔鄉,120.5554400,23.2469700,204510.16,2571700.94,"2025-09-09 09:38:00",表水,0.5,透明度,SD,1.8,m,
2164,曾文水庫二,曾文水庫,嘉義縣,大埔鄉,120.5554400,23.2469700,204510.16,2571700.94,"2025-09-09 09:38:00",表水,0.5,水溫,WT,29.1,℃,
2164,曾文水庫二,曾文水庫,嘉義縣,大埔鄉,120.5554400,23.2469700,204510.16,2571700.94,"2025-09-09 09:38:00",表水,0.5,卡爾森指數,CTSI,50,,
