siteid,sitename,damname,county,township,twd97lon,twd97lat,twd97tm2x,twd97tm2y,sampledate,samplelayer,sampledepth,itemname,itemengabbreviation,itemvalue,itemunit,note
2157,蘭潭水庫二,蘭潭水庫,嘉義市,東區,120.4792040,23.4708070,196798.47,2596514.84,"2026-04-07 10:41:00",表水,0.5,葉綠素a,Chl_a,10.1,μg/L,
2157,蘭潭水庫二,蘭潭水庫,嘉義市,東區,120.4792040,23.4708070,196798.47,2596514.84,"2026-04-07 10:41:00",表水,0.5,總磷,TP,0.024,mg/L,
2157,蘭潭水庫二,蘭潭水庫,嘉義市,東區,120.4792040,23.4708070,196798.47,2596514.84,"2026-04-07 10:41:00",表水,0.5,正磷酸鹽,PO4,-,mg/L,
2157,蘭潭水庫二,蘭潭水庫,嘉義市,東區,120.4792040,23.4708070,196798.47,2596514.84,"2026-04-07 10:41:00",表水,0.5,溶氧飽和度,DOS,112.7,%,
2157,蘭潭水庫二,蘭潭水庫,嘉義市,東區,120.4792040,23.4708070,196798.47,2596514.84,"2026-04-07 10:41:00",表水,0.5,溶氧(滴定法),DO2,-,mg/L,
2157,蘭潭水庫二,蘭潭水庫,嘉義市,東區,120.4792040,23.4708070,196798.47,2596514.84,"2026-04-07 10:41:00",表水,0.5,總鹼度,TAlk,-,mg/L,
2157,蘭潭水庫二,蘭潭水庫,嘉義市,東區,120.4792040,23.4708070,196798.47,2596514.84,"2026-04-07 10:41:00",表水,0.5,總硬度,TH,-,mg/L,
2157,蘭潭水庫二,蘭潭水庫,嘉義市,東區,120.4792040,23.4708070,196798.47,2596514.84,"2026-04-07 10:41:00",表水,0.5,總氮,TN,<0.20,mg/L,
2157,蘭潭水庫二,蘭潭水庫,嘉義市,東區,120.4792040,23.4708070,196798.47,2596514.84,"2026-04-07 10:41:00",表水,0.5,亞硝酸鹽氮,NO2_N,-,mg/L,
2157,蘭潭水庫二,蘭潭水庫,嘉義市,東區,120.4792040,23.4708070,196798.47,2596514.84,"2026-04-07 10:41:00",表水,0.5,硝酸鹽氮,NO3_N,-,mg/L,
2157,蘭潭水庫二,蘭潭水庫,嘉義市,東區,120.4792040,23.4708070,196798.47,2596514.84,"2026-04-07 10:41:00",表水,0.5,總凱氏氮,TKN,-,mg/L,
2157,蘭潭水庫二,蘭潭水庫,嘉義市,東區,120.4792040,23.4708070,196798.47,2596514.84,"2026-04-07 10:41:00",表水,0.5,有機氮,Norg,-,mg/L,
2157,蘭潭水庫二,蘭潭水庫,嘉義市,東區,120.4792040,23.4708070,196798.47,2596514.84,"2026-04-07 10:41:00",表水,0.5,氨氮,NH3_N,0.01,mg/L,
2157,蘭潭水庫二,蘭潭水庫,嘉義市,東區,120.4792040,23.4708070,196798.47,2596514.84,"2026-04-07 10:41:00",表水,0.5,總有機碳,TOC,2.18,mg/L,
2157,蘭潭水庫二,蘭潭水庫,嘉義市,東區,120.4792040,23.4708070,196798.47,2596514.84,"2026-04-07 10:41:00",表水,0.5,化學需氧量,COD,7.8,mg/L,
2157,蘭潭水庫二,蘭潭水庫,嘉義市,東區,120.4792040,23.4708070,196798.47,2596514.84,"2026-04-07 10:41:00",表水,0.5,溶氧(電極法),DO,9.0,mg/L,
2157,蘭潭水庫二,蘭潭水庫,嘉義市,東區,120.4792040,23.4708070,196798.47,2596514.84,"2026-04-07 10:41:00",表水,0.5,懸浮固體,SS,3.1,mg/L,
2157,蘭潭水庫二,蘭潭水庫,嘉義市,東區,120.4792040,23.4708070,196798.47,2596514.84,"2026-04-07 10:41:00",表水,0.5,氣溫,TMP,26.4,℃,
2157,蘭潭水庫二,蘭潭水庫,嘉義市,東區,120.4792040,23.4708070,196798.47,2596514.84,"2026-04-07 10:41:00",表水,0.5,採樣深度,SampleDepth,0.5,m,
2157,蘭潭水庫二,蘭潭水庫,嘉義市,東區,120.4792040,23.4708070,196798.47,2596514.84,"2026-04-07 10:41:00",表水,0.5,導電度,EC,377,μmho/cm25℃,
2157,蘭潭水庫二,蘭潭水庫,嘉義市,東區,120.4792040,23.4708070,196798.47,2596514.84,"2026-04-07 10:41:00",表水,0.5,濁度,TB,2.7,NTU,
2157,蘭潭水庫二,蘭潭水庫,嘉義市,東區,120.4792040,23.4708070,196798.47,2596514.84,"2026-04-07 10:41:00",表水,0.5,酸鹼值,pH,8.66," ",
2157,蘭潭水庫二,蘭潭水庫,嘉義市,東區,120.4792040,23.4708070,196798.47,2596514.84,"2026-04-07 10:41:00",表水,0.5,透明度,SD,2.0,m,
2157,蘭潭水庫二,蘭潭水庫,嘉義市,東區,120.4792040,23.4708070,196798.47,2596514.84,"2026-04-07 10:41:00",表水,0.5,水溫,WT,26.3,℃,
2157,蘭潭水庫二,蘭潭水庫,嘉義市,東區,120.4792040,23.4708070,196798.47,2596514.84,"2026-04-07 10:41:00",表水,0.5,卡爾森指數,CTSI,51,,
2156,蘭潭水庫一,蘭潭水庫,嘉義市,東區,120.4797320,23.4680850,196851.32,2596213.21,"2026-04-07 10:19:00",表水,0.5,葉綠素a,Chl_a,9.7,μg/L,
2156,蘭潭水庫一,蘭潭水庫,嘉義市,東區,120.4797320,23.4680850,196851.32,2596213.21,"2026-04-07 10:19:00",表水,0.5,總磷,TP,0.024,mg/L,
2156,蘭潭水庫一,蘭潭水庫,嘉義市,東區,120.4797320,23.4680850,196851.32,2596213.21,"2026-04-07 10:19:00",表水,0.5,正磷酸鹽,PO4,-,mg/L,
2156,蘭潭水庫一,蘭潭水庫,嘉義市,東區,120.4797320,23.4680850,196851.32,2596213.21,"2026-04-07 10:19:00",表水,0.5,溶氧飽和度,DOS,112.3,%,
2156,蘭潭水庫一,蘭潭水庫,嘉義市,東區,120.4797320,23.4680850,196851.32,2596213.21,"2026-04-07 10:19:00",表水,0.5,溶氧(滴定法),DO2,-,mg/L,
2156,蘭潭水庫一,蘭潭水庫,嘉義市,東區,120.4797320,23.4680850,196851.32,2596213.21,"2026-04-07 10:19:00",表水,0.5,總鹼度,TAlk,-,mg/L,
2156,蘭潭水庫一,蘭潭水庫,嘉義市,東區,120.4797320,23.4680850,196851.32,2596213.21,"2026-04-07 10:19:00",表水,0.5,總硬度,TH,-,mg/L,
2156,蘭潭水庫一,蘭潭水庫,嘉義市,東區,120.4797320,23.4680850,196851.32,2596213.21,"2026-04-07 10:19:00",表水,0.5,總氮,TN,0.22,mg/L,
2156,蘭潭水庫一,蘭潭水庫,嘉義市,東區,120.4797320,23.4680850,196851.32,2596213.21,"2026-04-07 10:19:00",表水,0.5,亞硝酸鹽氮,NO2_N,-,mg/L,
2156,蘭潭水庫一,蘭潭水庫,嘉義市,東區,120.4797320,23.4680850,196851.32,2596213.21,"2026-04-07 10:19:00",表水,0.5,硝酸鹽氮,NO3_N,-,mg/L,
2156,蘭潭水庫一,蘭潭水庫,嘉義市,東區,120.4797320,23.4680850,196851.32,2596213.21,"2026-04-07 10:19:00",表水,0.5,總凱氏氮,TKN,-,mg/L,
2156,蘭潭水庫一,蘭潭水庫,嘉義市,東區,120.4797320,23.4680850,196851.32,2596213.21,"2026-04-07 10:19:00",表水,0.5,有機氮,Norg,-,mg/L,
2156,蘭潭水庫一,蘭潭水庫,嘉義市,東區,120.4797320,23.4680850,196851.32,2596213.21,"2026-04-07 10:19:00",表水,0.5,氨氮,NH3_N,<0.01,mg/L,
2156,蘭潭水庫一,蘭潭水庫,嘉義市,東區,120.4797320,23.4680850,196851.32,2596213.21,"2026-04-07 10:19:00",表水,0.5,總有機碳,TOC,2.32,mg/L,
2156,蘭潭水庫一,蘭潭水庫,嘉義市,東區,120.4797320,23.4680850,196851.32,2596213.21,"2026-04-07 10:19:00",表水,0.5,化學需氧量,COD,7.4,mg/L,
2156,蘭潭水庫一,蘭潭水庫,嘉義市,東區,120.4797320,23.4680850,196851.32,2596213.21,"2026-04-07 10:19:00",表水,0.5,溶氧(電極法),DO,9.0,mg/L,
2156,蘭潭水庫一,蘭潭水庫,嘉義市,東區,120.4797320,23.4680850,196851.32,2596213.21,"2026-04-07 10:19:00",表水,0.5,懸浮固體,SS,4.8,mg/L,
2156,蘭潭水庫一,蘭潭水庫,嘉義市,東區,120.4797320,23.4680850,196851.32,2596213.21,"2026-04-07 10:19:00",表水,0.5,氣溫,TMP,26.3,℃,
2156,蘭潭水庫一,蘭潭水庫,嘉義市,東區,120.4797320,23.4680850,196851.32,2596213.21,"2026-04-07 10:19:00",表水,0.5,採樣深度,SampleDepth,0.5,m,
2156,蘭潭水庫一,蘭潭水庫,嘉義市,東區,120.4797320,23.4680850,196851.32,2596213.21,"2026-04-07 10:19:00",表水,0.5,導電度,EC,375,μmho/cm25℃,
2156,蘭潭水庫一,蘭潭水庫,嘉義市,東區,120.4797320,23.4680850,196851.32,2596213.21,"2026-04-07 10:19:00",表水,0.5,濁度,TB,1.9,NTU,
2156,蘭潭水庫一,蘭潭水庫,嘉義市,東區,120.4797320,23.4680850,196851.32,2596213.21,"2026-04-07 10:19:00",表水,0.5,酸鹼值,pH,8.66," ",
2156,蘭潭水庫一,蘭潭水庫,嘉義市,東區,120.4797320,23.4680850,196851.32,2596213.21,"2026-04-07 10:19:00",表水,0.5,透明度,SD,2.2,m,
2156,蘭潭水庫一,蘭潭水庫,嘉義市,東區,120.4797320,23.4680850,196851.32,2596213.21,"2026-04-07 10:19:00",表水,0.5,水溫,WT,26.4,℃,
2156,蘭潭水庫一,蘭潭水庫,嘉義市,東區,120.4797320,23.4680850,196851.32,2596213.21,"2026-04-07 10:19:00",表水,0.5,卡爾森指數,CTSI,51,,
2155,永和山水庫三,永和山水庫,苗栗縣,三灣鄉,120.9180520,24.6531430,241705.11,2727362.44,"2026-04-02 10:37:00",表水,0.5,葉綠素a,Chl_a,6.5,μg/L,
2155,永和山水庫三,永和山水庫,苗栗縣,三灣鄉,120.9180520,24.6531430,241705.11,2727362.44,"2026-04-02 10:37:00",表水,0.5,總磷,TP,0.018,mg/L,
2155,永和山水庫三,永和山水庫,苗栗縣,三灣鄉,120.9180520,24.6531430,241705.11,2727362.44,"2026-04-02 10:37:00",表水,0.5,正磷酸鹽,PO4,-,mg/L,
2155,永和山水庫三,永和山水庫,苗栗縣,三灣鄉,120.9180520,24.6531430,241705.11,2727362.44,"2026-04-02 10:37:00",表水,0.5,溶氧飽和度,DOS,121.8,%,
2155,永和山水庫三,永和山水庫,苗栗縣,三灣鄉,120.9180520,24.6531430,241705.11,2727362.44,"2026-04-02 10:37:00",表水,0.5,溶氧(滴定法),DO2,-,mg/L,
2155,永和山水庫三,永和山水庫,苗栗縣,三灣鄉,120.9180520,24.6531430,241705.11,2727362.44,"2026-04-02 10:37:00",表水,0.5,總鹼度,TAlk,-,mg/L,
2155,永和山水庫三,永和山水庫,苗栗縣,三灣鄉,120.9180520,24.6531430,241705.11,2727362.44,"2026-04-02 10:37:00",表水,0.5,總硬度,TH,-,mg/L,
2155,永和山水庫三,永和山水庫,苗栗縣,三灣鄉,120.9180520,24.6531430,241705.11,2727362.44,"2026-04-02 10:37:00",表水,0.5,總氮,TN,<0.20,mg/L,
2155,永和山水庫三,永和山水庫,苗栗縣,三灣鄉,120.9180520,24.6531430,241705.11,2727362.44,"2026-04-02 10:37:00",表水,0.5,亞硝酸鹽氮,NO2_N,-,mg/L,
2155,永和山水庫三,永和山水庫,苗栗縣,三灣鄉,120.9180520,24.6531430,241705.11,2727362.44,"2026-04-02 10:37:00",表水,0.5,硝酸鹽氮,NO3_N,-,mg/L,
2155,永和山水庫三,永和山水庫,苗栗縣,三灣鄉,120.9180520,24.6531430,241705.11,2727362.44,"2026-04-02 10:37:00",表水,0.5,總凱氏氮,TKN,-,mg/L,
2155,永和山水庫三,永和山水庫,苗栗縣,三灣鄉,120.9180520,24.6531430,241705.11,2727362.44,"2026-04-02 10:37:00",表水,0.5,有機氮,Norg,-,mg/L,
2155,永和山水庫三,永和山水庫,苗栗縣,三灣鄉,120.9180520,24.6531430,241705.11,2727362.44,"2026-04-02 10:37:00",表水,0.5,氨氮,NH3_N,<0.01,mg/L,
2155,永和山水庫三,永和山水庫,苗栗縣,三灣鄉,120.9180520,24.6531430,241705.11,2727362.44,"2026-04-02 10:37:00",表水,0.5,總有機碳,TOC,1.30,mg/L,
2155,永和山水庫三,永和山水庫,苗栗縣,三灣鄉,120.9180520,24.6531430,241705.11,2727362.44,"2026-04-02 10:37:00",表水,0.5,化學需氧量,COD,<4.0,mg/L,
2155,永和山水庫三,永和山水庫,苗栗縣,三灣鄉,120.9180520,24.6531430,241705.11,2727362.44,"2026-04-02 10:37:00",表水,0.5,溶氧(電極法),DO,10.0,mg/L,
2155,永和山水庫三,永和山水庫,苗栗縣,三灣鄉,120.9180520,24.6531430,241705.11,2727362.44,"2026-04-02 10:37:00",表水,0.5,懸浮固體,SS,3.6,mg/L,
2155,永和山水庫三,永和山水庫,苗栗縣,三灣鄉,120.9180520,24.6531430,241705.11,2727362.44,"2026-04-02 10:37:00",表水,0.5,氣溫,TMP,26.0,℃,
2155,永和山水庫三,永和山水庫,苗栗縣,三灣鄉,120.9180520,24.6531430,241705.11,2727362.44,"2026-04-02 10:37:00",表水,0.5,採樣深度,SampleDepth,0.5,m,
2155,永和山水庫三,永和山水庫,苗栗縣,三灣鄉,120.9180520,24.6531430,241705.11,2727362.44,"2026-04-02 10:37:00",表水,0.5,導電度,EC,249,μmho/cm25℃,
2155,永和山水庫三,永和山水庫,苗栗縣,三灣鄉,120.9180520,24.6531430,241705.11,2727362.44,"2026-04-02 10:37:00",表水,0.5,濁度,TB,3.7,NTU,
2155,永和山水庫三,永和山水庫,苗栗縣,三灣鄉,120.9180520,24.6531430,241705.11,2727362.44,"2026-04-02 10:37:00",表水,0.5,酸鹼值,pH,8.80," ",
2155,永和山水庫三,永和山水庫,苗栗縣,三灣鄉,120.9180520,24.6531430,241705.11,2727362.44,"2026-04-02 10:37:00",表水,0.5,透明度,SD,1.2,m,
2155,永和山水庫三,永和山水庫,苗栗縣,三灣鄉,120.9180520,24.6531430,241705.11,2727362.44,"2026-04-02 10:37:00",表水,0.5,水溫,WT,25.1,℃,
2155,永和山水庫三,永和山水庫,苗栗縣,三灣鄉,120.9180520,24.6531430,241705.11,2727362.44,"2026-04-02 10:37:00",表水,0.5,卡爾森指數,CTSI,51,,
2154,永和山水庫二,永和山水庫,苗栗縣,三灣鄉,120.9324960,24.6547620,243167.24,2727540.96,"2026-04-02 10:00:00",表水,,葉綠素a,Chl_a,-,μg/L,
2154,永和山水庫二,永和山水庫,苗栗縣,三灣鄉,120.9324960,24.6547620,243167.24,2727540.96,"2026-04-02 10:00:00",表水,,總磷,TP,-,mg/L,
2154,永和山水庫二,永和山水庫,苗栗縣,三灣鄉,120.9324960,24.6547620,243167.24,2727540.96,"2026-04-02 10:00:00",表水,,正磷酸鹽,PO4,-,mg/L,
2154,永和山水庫二,永和山水庫,苗栗縣,三灣鄉,120.9324960,24.6547620,243167.24,2727540.96,"2026-04-02 10:00:00",表水,,溶氧飽和度,DOS,-,%,
2154,永和山水庫二,永和山水庫,苗栗縣,三灣鄉,120.9324960,24.6547620,243167.24,2727540.96,"2026-04-02 10:00:00",表水,,溶氧(滴定法),DO2,-,mg/L,
2154,永和山水庫二,永和山水庫,苗栗縣,三灣鄉,120.9324960,24.6547620,243167.24,2727540.96,"2026-04-02 10:00:00",表水,,總鹼度,TAlk,-,mg/L,
2154,永和山水庫二,永和山水庫,苗栗縣,三灣鄉,120.9324960,24.6547620,243167.24,2727540.96,"2026-04-02 10:00:00",表水,,總硬度,TH,-,mg/L,
2154,永和山水庫二,永和山水庫,苗栗縣,三灣鄉,120.9324960,24.6547620,243167.24,2727540.96,"2026-04-02 10:00:00",表水,,總氮,TN,-,mg/L,
2154,永和山水庫二,永和山水庫,苗栗縣,三灣鄉,120.9324960,24.6547620,243167.24,2727540.96,"2026-04-02 10:00:00",表水,,亞硝酸鹽氮,NO2_N,-,mg/L,
2154,永和山水庫二,永和山水庫,苗栗縣,三灣鄉,120.9324960,24.6547620,243167.24,2727540.96,"2026-04-02 10:00:00",表水,,硝酸鹽氮,NO3_N,-,mg/L,
2154,永和山水庫二,永和山水庫,苗栗縣,三灣鄉,120.9324960,24.6547620,243167.24,2727540.96,"2026-04-02 10:00:00",表水,,總凱氏氮,TKN,-,mg/L,
2154,永和山水庫二,永和山水庫,苗栗縣,三灣鄉,120.9324960,24.6547620,243167.24,2727540.96,"2026-04-02 10:00:00",表水,,有機氮,Norg,-,mg/L,
2154,永和山水庫二,永和山水庫,苗栗縣,三灣鄉,120.9324960,24.6547620,243167.24,2727540.96,"2026-04-02 10:00:00",表水,,氨氮,NH3_N,-,mg/L,
2154,永和山水庫二,永和山水庫,苗栗縣,三灣鄉,120.9324960,24.6547620,243167.24,2727540.96,"2026-04-02 10:00:00",表水,,總有機碳,TOC,-,mg/L,
2154,永和山水庫二,永和山水庫,苗栗縣,三灣鄉,120.9324960,24.6547620,243167.24,2727540.96,"2026-04-02 10:00:00",表水,,化學需氧量,COD,-,mg/L,
2154,永和山水庫二,永和山水庫,苗栗縣,三灣鄉,120.9324960,24.6547620,243167.24,2727540.96,"2026-04-02 10:00:00",表水,,溶氧(電極法),DO,-,mg/L,
2154,永和山水庫二,永和山水庫,苗栗縣,三灣鄉,120.9324960,24.6547620,243167.24,2727540.96,"2026-04-02 10:00:00",表水,,懸浮固體,SS,-,mg/L,
2154,永和山水庫二,永和山水庫,苗栗縣,三灣鄉,120.9324960,24.6547620,243167.24,2727540.96,"2026-04-02 10:00:00",表水,,氣溫,TMP,-,℃,
2154,永和山水庫二,永和山水庫,苗栗縣,三灣鄉,120.9324960,24.6547620,243167.24,2727540.96,"2026-04-02 10:00:00",表水,,採樣深度,SampleDepth,-,m,
2154,永和山水庫二,永和山水庫,苗栗縣,三灣鄉,120.9324960,24.6547620,243167.24,2727540.96,"2026-04-02 10:00:00",表水,,導電度,EC,-,μmho/cm25℃,
2154,永和山水庫二,永和山水庫,苗栗縣,三灣鄉,120.9324960,24.6547620,243167.24,2727540.96,"2026-04-02 10:00:00",表水,,濁度,TB,-,NTU,
2154,永和山水庫二,永和山水庫,苗栗縣,三灣鄉,120.9324960,24.6547620,243167.24,2727540.96,"2026-04-02 10:00:00",表水,,酸鹼值,pH,-," ",
2154,永和山水庫二,永和山水庫,苗栗縣,三灣鄉,120.9324960,24.6547620,243167.24,2727540.96,"2026-04-02 10:00:00",表水,,透明度,SD,-,m,
2154,永和山水庫二,永和山水庫,苗栗縣,三灣鄉,120.9324960,24.6547620,243167.24,2727540.96,"2026-04-02 10:00:00",表水,,水溫,WT,-,℃,
2154,永和山水庫二,永和山水庫,苗栗縣,三灣鄉,120.9324960,24.6547620,243167.24,2727540.96,"2026-04-02 10:00:00",表水,,卡爾森指數,CTSI,-,,
2153,永和山水庫一,永和山水庫,苗栗縣,三灣鄉,120.9235040,24.6599080,242257.38,2728111.39,"2026-04-02 10:12:00",表水,0.5,葉綠素a,Chl_a,5.8,μg/L,
2153,永和山水庫一,永和山水庫,苗栗縣,三灣鄉,120.9235040,24.6599080,242257.38,2728111.39,"2026-04-02 10:12:00",表水,0.5,總磷,TP,0.019,mg/L,
2153,永和山水庫一,永和山水庫,苗栗縣,三灣鄉,120.9235040,24.6599080,242257.38,2728111.39,"2026-04-02 10:12:00",表水,0.5,正磷酸鹽,PO4,-,mg/L,
2153,永和山水庫一,永和山水庫,苗栗縣,三灣鄉,120.9235040,24.6599080,242257.38,2728111.39,"2026-04-02 10:12:00",表水,0.5,溶氧飽和度,DOS,117.1,%,
2153,永和山水庫一,永和山水庫,苗栗縣,三灣鄉,120.9235040,24.6599080,242257.38,2728111.39,"2026-04-02 10:12:00",表水,0.5,溶氧(滴定法),DO2,-,mg/L,
2153,永和山水庫一,永和山水庫,苗栗縣,三灣鄉,120.9235040,24.6599080,242257.38,2728111.39,"2026-04-02 10:12:00",表水,0.5,總鹼度,TAlk,-,mg/L,
2153,永和山水庫一,永和山水庫,苗栗縣,三灣鄉,120.9235040,24.6599080,242257.38,2728111.39,"2026-04-02 10:12:00",表水,0.5,總硬度,TH,-,mg/L,
2153,永和山水庫一,永和山水庫,苗栗縣,三灣鄉,120.9235040,24.6599080,242257.38,2728111.39,"2026-04-02 10:12:00",表水,0.5,總氮,TN,<0.20,mg/L,
2153,永和山水庫一,永和山水庫,苗栗縣,三灣鄉,120.9235040,24.6599080,242257.38,2728111.39,"2026-04-02 10:12:00",表水,0.5,亞硝酸鹽氮,NO2_N,-,mg/L,
2153,永和山水庫一,永和山水庫,苗栗縣,三灣鄉,120.9235040,24.6599080,242257.38,2728111.39,"2026-04-02 10:12:00",表水,0.5,硝酸鹽氮,NO3_N,-,mg/L,
2153,永和山水庫一,永和山水庫,苗栗縣,三灣鄉,120.9235040,24.6599080,242257.38,2728111.39,"2026-04-02 10:12:00",表水,0.5,總凱氏氮,TKN,-,mg/L,
2153,永和山水庫一,永和山水庫,苗栗縣,三灣鄉,120.9235040,24.6599080,242257.38,2728111.39,"2026-04-02 10:12:00",表水,0.5,有機氮,Norg,-,mg/L,
2153,永和山水庫一,永和山水庫,苗栗縣,三灣鄉,120.9235040,24.6599080,242257.38,2728111.39,"2026-04-02 10:12:00",表水,0.5,氨氮,NH3_N,<0.01,mg/L,
2153,永和山水庫一,永和山水庫,苗栗縣,三灣鄉,120.9235040,24.6599080,242257.38,2728111.39,"2026-04-02 10:12:00",表水,0.5,總有機碳,TOC,1.36,mg/L,
2153,永和山水庫一,永和山水庫,苗栗縣,三灣鄉,120.9235040,24.6599080,242257.38,2728111.39,"2026-04-02 10:12:00",表水,0.5,化學需氧量,COD,<4.0,mg/L,
2153,永和山水庫一,永和山水庫,苗栗縣,三灣鄉,120.9235040,24.6599080,242257.38,2728111.39,"2026-04-02 10:12:00",表水,0.5,溶氧(電極法),DO,9.7,mg/L,
2153,永和山水庫一,永和山水庫,苗栗縣,三灣鄉,120.9235040,24.6599080,242257.38,2728111.39,"2026-04-02 10:12:00",表水,0.5,懸浮固體,SS,3.4,mg/L,
2153,永和山水庫一,永和山水庫,苗栗縣,三灣鄉,120.9235040,24.6599080,242257.38,2728111.39,"2026-04-02 10:12:00",表水,0.5,氣溫,TMP,25.0,℃,
2153,永和山水庫一,永和山水庫,苗栗縣,三灣鄉,120.9235040,24.6599080,242257.38,2728111.39,"2026-04-02 10:12:00",表水,0.5,採樣深度,SampleDepth,0.5,m,
2153,永和山水庫一,永和山水庫,苗栗縣,三灣鄉,120.9235040,24.6599080,242257.38,2728111.39,"2026-04-02 10:12:00",表水,0.5,導電度,EC,279,μmho/cm25℃,
2153,永和山水庫一,永和山水庫,苗栗縣,三灣鄉,120.9235040,24.6599080,242257.38,2728111.39,"2026-04-02 10:12:00",表水,0.5,濁度,TB,3.8,NTU,
2153,永和山水庫一,永和山水庫,苗栗縣,三灣鄉,120.9235040,24.6599080,242257.38,2728111.39,"2026-04-02 10:12:00",表水,0.5,酸鹼值,pH,8.74," ",
2153,永和山水庫一,永和山水庫,苗栗縣,三灣鄉,120.9235040,24.6599080,242257.38,2728111.39,"2026-04-02 10:12:00",表水,0.5,透明度,SD,1.2,m,
2153,永和山水庫一,永和山水庫,苗栗縣,三灣鄉,120.9235040,24.6599080,242257.38,2728111.39,"2026-04-02 10:12:00",表水,0.5,水溫,WT,24.7,℃,
2153,永和山水庫一,永和山水庫,苗栗縣,三灣鄉,120.9235040,24.6599080,242257.38,2728111.39,"2026-04-02 10:12:00",表水,0.5,卡爾森指數,CTSI,51,,
2152,明德水庫三,明德水庫,苗栗縣,頭屋鄉,120.8847610,24.5804260,238328.59,2719310.99,"2026-04-21 11:44:00",表水,0.5,葉綠素a,Chl_a,22.2,μg/L,
2152,明德水庫三,明德水庫,苗栗縣,頭屋鄉,120.8847610,24.5804260,238328.59,2719310.99,"2026-04-21 11:44:00",表水,0.5,總磷,TP,0.042,mg/L,
2152,明德水庫三,明德水庫,苗栗縣,頭屋鄉,120.8847610,24.5804260,238328.59,2719310.99,"2026-04-21 11:44:00",表水,0.5,正磷酸鹽,PO4,-,mg/L,
2152,明德水庫三,明德水庫,苗栗縣,頭屋鄉,120.8847610,24.5804260,238328.59,2719310.99,"2026-04-21 11:44:00",表水,0.5,溶氧飽和度,DOS,171.8,%,
2152,明德水庫三,明德水庫,苗栗縣,頭屋鄉,120.8847610,24.5804260,238328.59,2719310.99,"2026-04-21 11:44:00",表水,0.5,溶氧(滴定法),DO2,-,mg/L,
2152,明德水庫三,明德水庫,苗栗縣,頭屋鄉,120.8847610,24.5804260,238328.59,2719310.99,"2026-04-21 11:44:00",表水,0.5,總鹼度,TAlk,-,mg/L,
2152,明德水庫三,明德水庫,苗栗縣,頭屋鄉,120.8847610,24.5804260,238328.59,2719310.99,"2026-04-21 11:44:00",表水,0.5,總硬度,TH,-,mg/L,
2152,明德水庫三,明德水庫,苗栗縣,頭屋鄉,120.8847610,24.5804260,238328.59,2719310.99,"2026-04-21 11:44:00",表水,0.5,總氮,TN,0.70,mg/L,
2152,明德水庫三,明德水庫,苗栗縣,頭屋鄉,120.8847610,24.5804260,238328.59,2719310.99,"2026-04-21 11:44:00",表水,0.5,亞硝酸鹽氮,NO2_N,-,mg/L,
2152,明德水庫三,明德水庫,苗栗縣,頭屋鄉,120.8847610,24.5804260,238328.59,2719310.99,"2026-04-21 11:44:00",表水,0.5,硝酸鹽氮,NO3_N,-,mg/L,
2152,明德水庫三,明德水庫,苗栗縣,頭屋鄉,120.8847610,24.5804260,238328.59,2719310.99,"2026-04-21 11:44:00",表水,0.5,總凱氏氮,TKN,-,mg/L,
2152,明德水庫三,明德水庫,苗栗縣,頭屋鄉,120.8847610,24.5804260,238328.59,2719310.99,"2026-04-21 11:44:00",表水,0.5,有機氮,Norg,-,mg/L,
2152,明德水庫三,明德水庫,苗栗縣,頭屋鄉,120.8847610,24.5804260,238328.59,2719310.99,"2026-04-21 11:44:00",表水,0.5,氨氮,NH3_N,0.01,mg/L,
2152,明德水庫三,明德水庫,苗栗縣,頭屋鄉,120.8847610,24.5804260,238328.59,2719310.99,"2026-04-21 11:44:00",表水,0.5,總有機碳,TOC,2.83,mg/L,
2152,明德水庫三,明德水庫,苗栗縣,頭屋鄉,120.8847610,24.5804260,238328.59,2719310.99,"2026-04-21 11:44:00",表水,0.5,化學需氧量,COD,10.8,mg/L,
2152,明德水庫三,明德水庫,苗栗縣,頭屋鄉,120.8847610,24.5804260,238328.59,2719310.99,"2026-04-21 11:44:00",表水,0.5,溶氧(電極法),DO,13.1,mg/L,
2152,明德水庫三,明德水庫,苗栗縣,頭屋鄉,120.8847610,24.5804260,238328.59,2719310.99,"2026-04-21 11:44:00",表水,0.5,懸浮固體,SS,5.0,mg/L,
2152,明德水庫三,明德水庫,苗栗縣,頭屋鄉,120.8847610,24.5804260,238328.59,2719310.99,"2026-04-21 11:44:00",表水,0.5,氣溫,TMP,29.5,℃,
2152,明德水庫三,明德水庫,苗栗縣,頭屋鄉,120.8847610,24.5804260,238328.59,2719310.99,"2026-04-21 11:44:00",表水,0.5,採樣深度,SampleDepth,0.5,m,
2152,明德水庫三,明德水庫,苗栗縣,頭屋鄉,120.8847610,24.5804260,238328.59,2719310.99,"2026-04-21 11:44:00",表水,0.5,導電度,EC,194,μmho/cm25℃,
2152,明德水庫三,明德水庫,苗栗縣,頭屋鄉,120.8847610,24.5804260,238328.59,2719310.99,"2026-04-21 11:44:00",表水,0.5,濁度,TB,6.3,NTU,
2152,明德水庫三,明德水庫,苗栗縣,頭屋鄉,120.8847610,24.5804260,238328.59,2719310.99,"2026-04-21 11:44:00",表水,0.5,酸鹼值,pH,9.34," ",
2152,明德水庫三,明德水庫,苗栗縣,頭屋鄉,120.8847610,24.5804260,238328.59,2719310.99,"2026-04-21 11:44:00",表水,0.5,透明度,SD,0.8,m,
2152,明德水庫三,明德水庫,苗栗縣,頭屋鄉,120.8847610,24.5804260,238328.59,2719310.99,"2026-04-21 11:44:00",表水,0.5,水溫,WT,29.6,℃,
2152,明德水庫三,明德水庫,苗栗縣,頭屋鄉,120.8847610,24.5804260,238328.59,2719310.99,"2026-04-21 11:44:00",表水,0.5,卡爾森指數,CTSI,61,,
2151,明德水庫二,明德水庫,苗栗縣,頭屋鄉,120.8891140,24.5870980,238770.06,2720049.59,"2026-04-21 11:25:00",表水,0.5,葉綠素a,Chl_a,18.9,μg/L,
2151,明德水庫二,明德水庫,苗栗縣,頭屋鄉,120.8891140,24.5870980,238770.06,2720049.59,"2026-04-21 11:25:00",表水,0.5,總磷,TP,0.041,mg/L,
2151,明德水庫二,明德水庫,苗栗縣,頭屋鄉,120.8891140,24.5870980,238770.06,2720049.59,"2026-04-21 11:25:00",表水,0.5,正磷酸鹽,PO4,-,mg/L,
2151,明德水庫二,明德水庫,苗栗縣,頭屋鄉,120.8891140,24.5870980,238770.06,2720049.59,"2026-04-21 11:25:00",表水,0.5,溶氧飽和度,DOS,163.9,%,
2151,明德水庫二,明德水庫,苗栗縣,頭屋鄉,120.8891140,24.5870980,238770.06,2720049.59,"2026-04-21 11:25:00",表水,0.5,溶氧(滴定法),DO2,-,mg/L,
2151,明德水庫二,明德水庫,苗栗縣,頭屋鄉,120.8891140,24.5870980,238770.06,2720049.59,"2026-04-21 11:25:00",表水,0.5,總鹼度,TAlk,-,mg/L,
2151,明德水庫二,明德水庫,苗栗縣,頭屋鄉,120.8891140,24.5870980,238770.06,2720049.59,"2026-04-21 11:25:00",表水,0.5,總硬度,TH,-,mg/L,
2151,明德水庫二,明德水庫,苗栗縣,頭屋鄉,120.8891140,24.5870980,238770.06,2720049.59,"2026-04-21 11:25:00",表水,0.5,總氮,TN,0.76,mg/L,
2151,明德水庫二,明德水庫,苗栗縣,頭屋鄉,120.8891140,24.5870980,238770.06,2720049.59,"2026-04-21 11:25:00",表水,0.5,亞硝酸鹽氮,NO2_N,-,mg/L,
2151,明德水庫二,明德水庫,苗栗縣,頭屋鄉,120.8891140,24.5870980,238770.06,2720049.59,"2026-04-21 11:25:00",表水,0.5,硝酸鹽氮,NO3_N,-,mg/L,
2151,明德水庫二,明德水庫,苗栗縣,頭屋鄉,120.8891140,24.5870980,238770.06,2720049.59,"2026-04-21 11:25:00",表水,0.5,總凱氏氮,TKN,-,mg/L,
2151,明德水庫二,明德水庫,苗栗縣,頭屋鄉,120.8891140,24.5870980,238770.06,2720049.59,"2026-04-21 11:25:00",表水,0.5,有機氮,Norg,-,mg/L,
2151,明德水庫二,明德水庫,苗栗縣,頭屋鄉,120.8891140,24.5870980,238770.06,2720049.59,"2026-04-21 11:25:00",表水,0.5,氨氮,NH3_N,0.01,mg/L,
2151,明德水庫二,明德水庫,苗栗縣,頭屋鄉,120.8891140,24.5870980,238770.06,2720049.59,"2026-04-21 11:25:00",表水,0.5,總有機碳,TOC,2.76,mg/L,
2151,明德水庫二,明德水庫,苗栗縣,頭屋鄉,120.8891140,24.5870980,238770.06,2720049.59,"2026-04-21 11:25:00",表水,0.5,化學需氧量,COD,11.3,mg/L,
2151,明德水庫二,明德水庫,苗栗縣,頭屋鄉,120.8891140,24.5870980,238770.06,2720049.59,"2026-04-21 11:25:00",表水,0.5,溶氧(電極法),DO,12.5,mg/L,
2151,明德水庫二,明德水庫,苗栗縣,頭屋鄉,120.8891140,24.5870980,238770.06,2720049.59,"2026-04-21 11:25:00",表水,0.5,懸浮固體,SS,5.0,mg/L,
2151,明德水庫二,明德水庫,苗栗縣,頭屋鄉,120.8891140,24.5870980,238770.06,2720049.59,"2026-04-21 11:25:00",表水,0.5,氣溫,TMP,29.3,℃,
2151,明德水庫二,明德水庫,苗栗縣,頭屋鄉,120.8891140,24.5870980,238770.06,2720049.59,"2026-04-21 11:25:00",表水,0.5,採樣深度,SampleDepth,0.5,m,
2151,明德水庫二,明德水庫,苗栗縣,頭屋鄉,120.8891140,24.5870980,238770.06,2720049.59,"2026-04-21 11:25:00",表水,0.5,導電度,EC,200,μmho/cm25℃,
2151,明德水庫二,明德水庫,苗栗縣,頭屋鄉,120.8891140,24.5870980,238770.06,2720049.59,"2026-04-21 11:25:00",表水,0.5,濁度,TB,6.6,NTU,
2151,明德水庫二,明德水庫,苗栗縣,頭屋鄉,120.8891140,24.5870980,238770.06,2720049.59,"2026-04-21 11:25:00",表水,0.5,酸鹼值,pH,9.28," ",
2151,明德水庫二,明德水庫,苗栗縣,頭屋鄉,120.8891140,24.5870980,238770.06,2720049.59,"2026-04-21 11:25:00",表水,0.5,透明度,SD,0.8,m,
2151,明德水庫二,明德水庫,苗栗縣,頭屋鄉,120.8891140,24.5870980,238770.06,2720049.59,"2026-04-21 11:25:00",表水,0.5,水溫,WT,29.3,℃,
2151,明德水庫二,明德水庫,苗栗縣,頭屋鄉,120.8891140,24.5870980,238770.06,2720049.59,"2026-04-21 11:25:00",表水,0.5,卡爾森指數,CTSI,60,,
2150,明德水庫一,明德水庫,苗栗縣,頭屋鄉,120.9038930,24.5908890,240267.09,2720468.34,"2026-04-21 10:54:00",表水,0.5,葉綠素a,Chl_a,27.1,μg/L,
2150,明德水庫一,明德水庫,苗栗縣,頭屋鄉,120.9038930,24.5908890,240267.09,2720468.34,"2026-04-21 10:54:00",表水,0.5,總磷,TP,0.047,mg/L,
2150,明德水庫一,明德水庫,苗栗縣,頭屋鄉,120.9038930,24.5908890,240267.09,2720468.34,"2026-04-21 10:54:00",表水,0.5,正磷酸鹽,PO4,-,mg/L,
2150,明德水庫一,明德水庫,苗栗縣,頭屋鄉,120.9038930,24.5908890,240267.09,2720468.34,"2026-04-21 10:54:00",表水,0.5,溶氧飽和度,DOS,148.2,%,
2150,明德水庫一,明德水庫,苗栗縣,頭屋鄉,120.9038930,24.5908890,240267.09,2720468.34,"2026-04-21 10:54:00",表水,0.5,溶氧(滴定法),DO2,-,mg/L,
2150,明德水庫一,明德水庫,苗栗縣,頭屋鄉,120.9038930,24.5908890,240267.09,2720468.34,"2026-04-21 10:54:00",表水,0.5,總鹼度,TAlk,-,mg/L,
2150,明德水庫一,明德水庫,苗栗縣,頭屋鄉,120.9038930,24.5908890,240267.09,2720468.34,"2026-04-21 10:54:00",表水,0.5,總硬度,TH,-,mg/L,
2150,明德水庫一,明德水庫,苗栗縣,頭屋鄉,120.9038930,24.5908890,240267.09,2720468.34,"2026-04-21 10:54:00",表水,0.5,總氮,TN,0.72,mg/L,
2150,明德水庫一,明德水庫,苗栗縣,頭屋鄉,120.9038930,24.5908890,240267.09,2720468.34,"2026-04-21 10:54:00",表水,0.5,亞硝酸鹽氮,NO2_N,-,mg/L,
2150,明德水庫一,明德水庫,苗栗縣,頭屋鄉,120.9038930,24.5908890,240267.09,2720468.34,"2026-04-21 10:54:00",表水,0.5,硝酸鹽氮,NO3_N,-,mg/L,
2150,明德水庫一,明德水庫,苗栗縣,頭屋鄉,120.9038930,24.5908890,240267.09,2720468.34,"2026-04-21 10:54:00",表水,0.5,總凱氏氮,TKN,-,mg/L,
2150,明德水庫一,明德水庫,苗栗縣,頭屋鄉,120.9038930,24.5908890,240267.09,2720468.34,"2026-04-21 10:54:00",表水,0.5,有機氮,Norg,-,mg/L,
2150,明德水庫一,明德水庫,苗栗縣,頭屋鄉,120.9038930,24.5908890,240267.09,2720468.34,"2026-04-21 10:54:00",表水,0.5,氨氮,NH3_N,0.01,mg/L,
2150,明德水庫一,明德水庫,苗栗縣,頭屋鄉,120.9038930,24.5908890,240267.09,2720468.34,"2026-04-21 10:54:00",表水,0.5,總有機碳,TOC,2.40,mg/L,
2150,明德水庫一,明德水庫,苗栗縣,頭屋鄉,120.9038930,24.5908890,240267.09,2720468.34,"2026-04-21 10:54:00",表水,0.5,化學需氧量,COD,11.3,mg/L,
2150,明德水庫一,明德水庫,苗栗縣,頭屋鄉,120.9038930,24.5908890,240267.09,2720468.34,"2026-04-21 10:54:00",表水,0.5,溶氧(電極法),DO,11.1,mg/L,
2150,明德水庫一,明德水庫,苗栗縣,頭屋鄉,120.9038930,24.5908890,240267.09,2720468.34,"2026-04-21 10:54:00",表水,0.5,懸浮固體,SS,6.8,mg/L,
2150,明德水庫一,明德水庫,苗栗縣,頭屋鄉,120.9038930,24.5908890,240267.09,2720468.34,"2026-04-21 10:54:00",表水,0.5,氣溫,TMP,28.7,℃,
2150,明德水庫一,明德水庫,苗栗縣,頭屋鄉,120.9038930,24.5908890,240267.09,2720468.34,"2026-04-21 10:54:00",表水,0.5,採樣深度,SampleDepth,0.5,m,
2150,明德水庫一,明德水庫,苗栗縣,頭屋鄉,120.9038930,24.5908890,240267.09,2720468.34,"2026-04-21 10:54:00",表水,0.5,導電度,EC,250,μmho/cm25℃,
2150,明德水庫一,明德水庫,苗栗縣,頭屋鄉,120.9038930,24.5908890,240267.09,2720468.34,"2026-04-21 10:54:00",表水,0.5,濁度,TB,7.9,NTU,
2150,明德水庫一,明德水庫,苗栗縣,頭屋鄉,120.9038930,24.5908890,240267.09,2720468.34,"2026-04-21 10:54:00",表水,0.5,酸鹼值,pH,8.87," ",
2150,明德水庫一,明德水庫,苗栗縣,頭屋鄉,120.9038930,24.5908890,240267.09,2720468.34,"2026-04-21 10:54:00",表水,0.5,透明度,SD,0.8,m,
2150,明德水庫一,明德水庫,苗栗縣,頭屋鄉,120.9038930,24.5908890,240267.09,2720468.34,"2026-04-21 10:54:00",表水,0.5,水溫,WT,30.2,℃,
2150,明德水庫一,明德水庫,苗栗縣,頭屋鄉,120.9038930,24.5908890,240267.09,2720468.34,"2026-04-21 10:54:00",表水,0.5,卡爾森指數,CTSI,62,,
2149,鯉魚潭水庫三,鯉魚潭水庫,苗栗縣,大湖鄉,120.7847930,24.3415630,228162.65,2692868.02,"2026-04-02 11:28:00",表水,0.5,葉綠素a,Chl_a,14.4,μg/L,
2149,鯉魚潭水庫三,鯉魚潭水庫,苗栗縣,大湖鄉,120.7847930,24.3415630,228162.65,2692868.02,"2026-04-02 11:28:00",表水,0.5,總磷,TP,0.019,mg/L,
2149,鯉魚潭水庫三,鯉魚潭水庫,苗栗縣,大湖鄉,120.7847930,24.3415630,228162.65,2692868.02,"2026-04-02 11:28:00",表水,0.5,正磷酸鹽,PO4,-,mg/L,
2149,鯉魚潭水庫三,鯉魚潭水庫,苗栗縣,大湖鄉,120.7847930,24.3415630,228162.65,2692868.02,"2026-04-02 11:28:00",表水,0.5,溶氧飽和度,DOS,119.3,%,
2149,鯉魚潭水庫三,鯉魚潭水庫,苗栗縣,大湖鄉,120.7847930,24.3415630,228162.65,2692868.02,"2026-04-02 11:28:00",表水,0.5,溶氧(滴定法),DO2,-,mg/L,
2149,鯉魚潭水庫三,鯉魚潭水庫,苗栗縣,大湖鄉,120.7847930,24.3415630,228162.65,2692868.02,"2026-04-02 11:28:00",表水,0.5,總鹼度,TAlk,-,mg/L,
2149,鯉魚潭水庫三,鯉魚潭水庫,苗栗縣,大湖鄉,120.7847930,24.3415630,228162.65,2692868.02,"2026-04-02 11:28:00",表水,0.5,總硬度,TH,-,mg/L,
2149,鯉魚潭水庫三,鯉魚潭水庫,苗栗縣,大湖鄉,120.7847930,24.3415630,228162.65,2692868.02,"2026-04-02 11:28:00",表水,0.5,總氮,TN,<0.20,mg/L,
2149,鯉魚潭水庫三,鯉魚潭水庫,苗栗縣,大湖鄉,120.7847930,24.3415630,228162.65,2692868.02,"2026-04-02 11:28:00",表水,0.5,亞硝酸鹽氮,NO2_N,-,mg/L,
2149,鯉魚潭水庫三,鯉魚潭水庫,苗栗縣,大湖鄉,120.7847930,24.3415630,228162.65,2692868.02,"2026-04-02 11:28:00",表水,0.5,硝酸鹽氮,NO3_N,-,mg/L,
2149,鯉魚潭水庫三,鯉魚潭水庫,苗栗縣,大湖鄉,120.7847930,24.3415630,228162.65,2692868.02,"2026-04-02 11:28:00",表水,0.5,總凱氏氮,TKN,-,mg/L,
2149,鯉魚潭水庫三,鯉魚潭水庫,苗栗縣,大湖鄉,120.7847930,24.3415630,228162.65,2692868.02,"2026-04-02 11:28:00",表水,0.5,有機氮,Norg,-,mg/L,
2149,鯉魚潭水庫三,鯉魚潭水庫,苗栗縣,大湖鄉,120.7847930,24.3415630,228162.65,2692868.02,"2026-04-02 11:28:00",表水,0.5,氨氮,NH3_N,0.01,mg/L,
2149,鯉魚潭水庫三,鯉魚潭水庫,苗栗縣,大湖鄉,120.7847930,24.3415630,228162.65,2692868.02,"2026-04-02 11:28:00",表水,0.5,總有機碳,TOC,1.74,mg/L,
2149,鯉魚潭水庫三,鯉魚潭水庫,苗栗縣,大湖鄉,120.7847930,24.3415630,228162.65,2692868.02,"2026-04-02 11:28:00",表水,0.5,化學需氧量,COD,5.9,mg/L,
2149,鯉魚潭水庫三,鯉魚潭水庫,苗栗縣,大湖鄉,120.7847930,24.3415630,228162.65,2692868.02,"2026-04-02 11:28:00",表水,0.5,溶氧(電極法),DO,9.2,mg/L,
2149,鯉魚潭水庫三,鯉魚潭水庫,苗栗縣,大湖鄉,120.7847930,24.3415630,228162.65,2692868.02,"2026-04-02 11:28:00",表水,0.5,懸浮固體,SS,7.7,mg/L,
2149,鯉魚潭水庫三,鯉魚潭水庫,苗栗縣,大湖鄉,120.7847930,24.3415630,228162.65,2692868.02,"2026-04-02 11:28:00",表水,0.5,氣溫,TMP,26.6,℃,
2149,鯉魚潭水庫三,鯉魚潭水庫,苗栗縣,大湖鄉,120.7847930,24.3415630,228162.65,2692868.02,"2026-04-02 11:28:00",表水,0.5,採樣深度,SampleDepth,0.5,m,
2149,鯉魚潭水庫三,鯉魚潭水庫,苗栗縣,大湖鄉,120.7847930,24.3415630,228162.65,2692868.02,"2026-04-02 11:28:00",表水,0.5,導電度,EC,385,μmho/cm25℃,
2149,鯉魚潭水庫三,鯉魚潭水庫,苗栗縣,大湖鄉,120.7847930,24.3415630,228162.65,2692868.02,"2026-04-02 11:28:00",表水,0.5,濁度,TB,4.8,NTU,
2149,鯉魚潭水庫三,鯉魚潭水庫,苗栗縣,大湖鄉,120.7847930,24.3415630,228162.65,2692868.02,"2026-04-02 11:28:00",表水,0.5,酸鹼值,pH,8.86," ",
2149,鯉魚潭水庫三,鯉魚潭水庫,苗栗縣,大湖鄉,120.7847930,24.3415630,228162.65,2692868.02,"2026-04-02 11:28:00",表水,0.5,透明度,SD,1.2,m,
2149,鯉魚潭水庫三,鯉魚潭水庫,苗栗縣,大湖鄉,120.7847930,24.3415630,228162.65,2692868.02,"2026-04-02 11:28:00",表水,0.5,水溫,WT,26.7,℃,
2149,鯉魚潭水庫三,鯉魚潭水庫,苗栗縣,大湖鄉,120.7847930,24.3415630,228162.65,2692868.02,"2026-04-02 11:28:00",表水,0.5,卡爾森指數,CTSI,54,,
2148,鯉魚潭水庫二,鯉魚潭水庫,苗栗縣,大湖鄉,120.7900880,24.3411210,228699.87,2692818.24,"2026-04-02 11:11:00",表水,0.5,葉綠素a,Chl_a,18.0,μg/L,
2148,鯉魚潭水庫二,鯉魚潭水庫,苗栗縣,大湖鄉,120.7900880,24.3411210,228699.87,2692818.24,"2026-04-02 11:11:00",表水,0.5,總磷,TP,0.022,mg/L,
2148,鯉魚潭水庫二,鯉魚潭水庫,苗栗縣,大湖鄉,120.7900880,24.3411210,228699.87,2692818.24,"2026-04-02 11:11:00",表水,0.5,正磷酸鹽,PO4,-,mg/L,
2148,鯉魚潭水庫二,鯉魚潭水庫,苗栗縣,大湖鄉,120.7900880,24.3411210,228699.87,2692818.24,"2026-04-02 11:11:00",表水,0.5,溶氧飽和度,DOS,119.2,%,
2148,鯉魚潭水庫二,鯉魚潭水庫,苗栗縣,大湖鄉,120.7900880,24.3411210,228699.87,2692818.24,"2026-04-02 11:11:00",表水,0.5,溶氧(滴定法),DO2,-,mg/L,
2148,鯉魚潭水庫二,鯉魚潭水庫,苗栗縣,大湖鄉,120.7900880,24.3411210,228699.87,2692818.24,"2026-04-02 11:11:00",表水,0.5,總鹼度,TAlk,-,mg/L,
2148,鯉魚潭水庫二,鯉魚潭水庫,苗栗縣,大湖鄉,120.7900880,24.3411210,228699.87,2692818.24,"2026-04-02 11:11:00",表水,0.5,總硬度,TH,-,mg/L,
2148,鯉魚潭水庫二,鯉魚潭水庫,苗栗縣,大湖鄉,120.7900880,24.3411210,228699.87,2692818.24,"2026-04-02 11:11:00",表水,0.5,總氮,TN,<0.20,mg/L,
2148,鯉魚潭水庫二,鯉魚潭水庫,苗栗縣,大湖鄉,120.7900880,24.3411210,228699.87,2692818.24,"2026-04-02 11:11:00",表水,0.5,亞硝酸鹽氮,NO2_N,-,mg/L,
2148,鯉魚潭水庫二,鯉魚潭水庫,苗栗縣,大湖鄉,120.7900880,24.3411210,228699.87,2692818.24,"2026-04-02 11:11:00",表水,0.5,硝酸鹽氮,NO3_N,-,mg/L,
2148,鯉魚潭水庫二,鯉魚潭水庫,苗栗縣,大湖鄉,120.7900880,24.3411210,228699.87,2692818.24,"2026-04-02 11:11:00",表水,0.5,總凱氏氮,TKN,-,mg/L,
2148,鯉魚潭水庫二,鯉魚潭水庫,苗栗縣,大湖鄉,120.7900880,24.3411210,228699.87,2692818.24,"2026-04-02 11:11:00",表水,0.5,有機氮,Norg,-,mg/L,
2148,鯉魚潭水庫二,鯉魚潭水庫,苗栗縣,大湖鄉,120.7900880,24.3411210,228699.87,2692818.24,"2026-04-02 11:11:00",表水,0.5,氨氮,NH3_N,0.01,mg/L,
2148,鯉魚潭水庫二,鯉魚潭水庫,苗栗縣,大湖鄉,120.7900880,24.3411210,228699.87,2692818.24,"2026-04-02 11:11:00",表水,0.5,總有機碳,TOC,1.77,mg/L,
2148,鯉魚潭水庫二,鯉魚潭水庫,苗栗縣,大湖鄉,120.7900880,24.3411210,228699.87,2692818.24,"2026-04-02 11:11:00",表水,0.5,化學需氧量,COD,6.9,mg/L,
2148,鯉魚潭水庫二,鯉魚潭水庫,苗栗縣,大湖鄉,120.7900880,24.3411210,228699.87,2692818.24,"2026-04-02 11:11:00",表水,0.5,溶氧(電極法),DO,9.3,mg/L,
2148,鯉魚潭水庫二,鯉魚潭水庫,苗栗縣,大湖鄉,120.7900880,24.3411210,228699.87,2692818.24,"2026-04-02 11:11:00",表水,0.5,懸浮固體,SS,8.1,mg/L,
2148,鯉魚潭水庫二,鯉魚潭水庫,苗栗縣,大湖鄉,120.7900880,24.3411210,228699.87,2692818.24,"2026-04-02 11:11:00",表水,0.5,氣溫,TMP,26.8,℃,
2148,鯉魚潭水庫二,鯉魚潭水庫,苗栗縣,大湖鄉,120.7900880,24.3411210,228699.87,2692818.24,"2026-04-02 11:11:00",表水,0.5,採樣深度,SampleDepth,0.5,m,
2148,鯉魚潭水庫二,鯉魚潭水庫,苗栗縣,大湖鄉,120.7900880,24.3411210,228699.87,2692818.24,"2026-04-02 11:11:00",表水,0.5,導電度,EC,388,μmho/cm25℃,
2148,鯉魚潭水庫二,鯉魚潭水庫,苗栗縣,大湖鄉,120.7900880,24.3411210,228699.87,2692818.24,"2026-04-02 11:11:00",表水,0.5,濁度,TB,5.3,NTU,
2148,鯉魚潭水庫二,鯉魚潭水庫,苗栗縣,大湖鄉,120.7900880,24.3411210,228699.87,2692818.24,"2026-04-02 11:11:00",表水,0.5,酸鹼值,pH,8.78," ",
2148,鯉魚潭水庫二,鯉魚潭水庫,苗栗縣,大湖鄉,120.7900880,24.3411210,228699.87,2692818.24,"2026-04-02 11:11:00",表水,0.5,透明度,SD,1.2,m,
2148,鯉魚潭水庫二,鯉魚潭水庫,苗栗縣,大湖鄉,120.7900880,24.3411210,228699.87,2692818.24,"2026-04-02 11:11:00",表水,0.5,水溫,WT,26.4,℃,
2148,鯉魚潭水庫二,鯉魚潭水庫,苗栗縣,大湖鄉,120.7900880,24.3411210,228699.87,2692818.24,"2026-04-02 11:11:00",表水,0.5,卡爾森指數,CTSI,55,,
2147,鯉魚潭水庫一,鯉魚潭水庫,苗栗縣,大湖鄉,120.7964781,24.3401739,229348.12,2692712.37,"2026-04-02 10:51:00",表水,0.5,葉綠素a,Chl_a,18.8,μg/L,
2147,鯉魚潭水庫一,鯉魚潭水庫,苗栗縣,大湖鄉,120.7964781,24.3401739,229348.12,2692712.37,"2026-04-02 10:51:00",表水,0.5,總磷,TP,0.033,mg/L,
2147,鯉魚潭水庫一,鯉魚潭水庫,苗栗縣,大湖鄉,120.7964781,24.3401739,229348.12,2692712.37,"2026-04-02 10:51:00",表水,0.5,正磷酸鹽,PO4,-,mg/L,
2147,鯉魚潭水庫一,鯉魚潭水庫,苗栗縣,大湖鄉,120.7964781,24.3401739,229348.12,2692712.37,"2026-04-02 10:51:00",表水,0.5,溶氧飽和度,DOS,121.4,%,
2147,鯉魚潭水庫一,鯉魚潭水庫,苗栗縣,大湖鄉,120.7964781,24.3401739,229348.12,2692712.37,"2026-04-02 10:51:00",表水,0.5,溶氧(滴定法),DO2,-,mg/L,
2147,鯉魚潭水庫一,鯉魚潭水庫,苗栗縣,大湖鄉,120.7964781,24.3401739,229348.12,2692712.37,"2026-04-02 10:51:00",表水,0.5,總鹼度,TAlk,-,mg/L,
2147,鯉魚潭水庫一,鯉魚潭水庫,苗栗縣,大湖鄉,120.7964781,24.3401739,229348.12,2692712.37,"2026-04-02 10:51:00",表水,0.5,總硬度,TH,-,mg/L,
2147,鯉魚潭水庫一,鯉魚潭水庫,苗栗縣,大湖鄉,120.7964781,24.3401739,229348.12,2692712.37,"2026-04-02 10:51:00",表水,0.5,總氮,TN,<0.20,mg/L,
2147,鯉魚潭水庫一,鯉魚潭水庫,苗栗縣,大湖鄉,120.7964781,24.3401739,229348.12,2692712.37,"2026-04-02 10:51:00",表水,0.5,亞硝酸鹽氮,NO2_N,-,mg/L,
2147,鯉魚潭水庫一,鯉魚潭水庫,苗栗縣,大湖鄉,120.7964781,24.3401739,229348.12,2692712.37,"2026-04-02 10:51:00",表水,0.5,硝酸鹽氮,NO3_N,-,mg/L,
2147,鯉魚潭水庫一,鯉魚潭水庫,苗栗縣,大湖鄉,120.7964781,24.3401739,229348.12,2692712.37,"2026-04-02 10:51:00",表水,0.5,總凱氏氮,TKN,-,mg/L,
2147,鯉魚潭水庫一,鯉魚潭水庫,苗栗縣,大湖鄉,120.7964781,24.3401739,229348.12,2692712.37,"2026-04-02 10:51:00",表水,0.5,有機氮,Norg,-,mg/L,
2147,鯉魚潭水庫一,鯉魚潭水庫,苗栗縣,大湖鄉,120.7964781,24.3401739,229348.12,2692712.37,"2026-04-02 10:51:00",表水,0.5,氨氮,NH3_N,<0.01,mg/L,
2147,鯉魚潭水庫一,鯉魚潭水庫,苗栗縣,大湖鄉,120.7964781,24.3401739,229348.12,2692712.37,"2026-04-02 10:51:00",表水,0.5,總有機碳,TOC,1.71,mg/L,
2147,鯉魚潭水庫一,鯉魚潭水庫,苗栗縣,大湖鄉,120.7964781,24.3401739,229348.12,2692712.37,"2026-04-02 10:51:00",表水,0.5,化學需氧量,COD,8.3,mg/L,
2147,鯉魚潭水庫一,鯉魚潭水庫,苗栗縣,大湖鄉,120.7964781,24.3401739,229348.12,2692712.37,"2026-04-02 10:51:00",表水,0.5,溶氧(電極法),DO,9.3,mg/L,
2147,鯉魚潭水庫一,鯉魚潭水庫,苗栗縣,大湖鄉,120.7964781,24.3401739,229348.12,2692712.37,"2026-04-02 10:51:00",表水,0.5,懸浮固體,SS,10.5,mg/L,
2147,鯉魚潭水庫一,鯉魚潭水庫,苗栗縣,大湖鄉,120.7964781,24.3401739,229348.12,2692712.37,"2026-04-02 10:51:00",表水,0.5,氣溫,TMP,27.5,℃,
2147,鯉魚潭水庫一,鯉魚潭水庫,苗栗縣,大湖鄉,120.7964781,24.3401739,229348.12,2692712.37,"2026-04-02 10:51:00",表水,0.5,採樣深度,SampleDepth,0.5,m,
2147,鯉魚潭水庫一,鯉魚潭水庫,苗栗縣,大湖鄉,120.7964781,24.3401739,229348.12,2692712.37,"2026-04-02 10:51:00",表水,0.5,導電度,EC,382,μmho/cm25℃,
2147,鯉魚潭水庫一,鯉魚潭水庫,苗栗縣,大湖鄉,120.7964781,24.3401739,229348.12,2692712.37,"2026-04-02 10:51:00",表水,0.5,濁度,TB,8.5,NTU,
2147,鯉魚潭水庫一,鯉魚潭水庫,苗栗縣,大湖鄉,120.7964781,24.3401739,229348.12,2692712.37,"2026-04-02 10:51:00",表水,0.5,酸鹼值,pH,8.70," ",
2147,鯉魚潭水庫一,鯉魚潭水庫,苗栗縣,大湖鄉,120.7964781,24.3401739,229348.12,2692712.37,"2026-04-02 10:51:00",表水,0.5,透明度,SD,1.2,m,
2147,鯉魚潭水庫一,鯉魚潭水庫,苗栗縣,大湖鄉,120.7964781,24.3401739,229348.12,2692712.37,"2026-04-02 10:51:00",表水,0.5,水溫,WT,27.3,℃,
2147,鯉魚潭水庫一,鯉魚潭水庫,苗栗縣,大湖鄉,120.7964781,24.3401739,229348.12,2692712.37,"2026-04-02 10:51:00",表水,0.5,卡爾森指數,CTSI,57,,
2146,德基水庫四,德基水庫,臺中市,和平區,121.2187260,24.2662890,272207.55,2684531.82,"2026-04-01 09:30:00",表水,,葉綠素a,Chl_a,-,μg/L,
2146,德基水庫四,德基水庫,臺中市,和平區,121.2187260,24.2662890,272207.55,2684531.82,"2026-04-01 09:30:00",表水,,總磷,TP,-,mg/L,
2146,德基水庫四,德基水庫,臺中市,和平區,121.2187260,24.2662890,272207.55,2684531.82,"2026-04-01 09:30:00",表水,,正磷酸鹽,PO4,-,mg/L,
2146,德基水庫四,德基水庫,臺中市,和平區,121.2187260,24.2662890,272207.55,2684531.82,"2026-04-01 09:30:00",表水,,溶氧飽和度,DOS,-,%,
2146,德基水庫四,德基水庫,臺中市,和平區,121.2187260,24.2662890,272207.55,2684531.82,"2026-04-01 09:30:00",表水,,溶氧(滴定法),DO2,-,mg/L,
2146,德基水庫四,德基水庫,臺中市,和平區,121.2187260,24.2662890,272207.55,2684531.82,"2026-04-01 09:30:00",表水,,總鹼度,TAlk,-,mg/L,
2146,德基水庫四,德基水庫,臺中市,和平區,121.2187260,24.2662890,272207.55,2684531.82,"2026-04-01 09:30:00",表水,,總硬度,TH,-,mg/L,
2146,德基水庫四,德基水庫,臺中市,和平區,121.2187260,24.2662890,272207.55,2684531.82,"2026-04-01 09:30:00",表水,,總氮,TN,-,mg/L,
2146,德基水庫四,德基水庫,臺中市,和平區,121.2187260,24.2662890,272207.55,2684531.82,"2026-04-01 09:30:00",表水,,亞硝酸鹽氮,NO2_N,-,mg/L,
2146,德基水庫四,德基水庫,臺中市,和平區,121.2187260,24.2662890,272207.55,2684531.82,"2026-04-01 09:30:00",表水,,硝酸鹽氮,NO3_N,-,mg/L,
2146,德基水庫四,德基水庫,臺中市,和平區,121.2187260,24.2662890,272207.55,2684531.82,"2026-04-01 09:30:00",表水,,總凱氏氮,TKN,-,mg/L,
2146,德基水庫四,德基水庫,臺中市,和平區,121.2187260,24.2662890,272207.55,2684531.82,"2026-04-01 09:30:00",表水,,有機氮,Norg,-,mg/L,
2146,德基水庫四,德基水庫,臺中市,和平區,121.2187260,24.2662890,272207.55,2684531.82,"2026-04-01 09:30:00",表水,,氨氮,NH3_N,-,mg/L,
2146,德基水庫四,德基水庫,臺中市,和平區,121.2187260,24.2662890,272207.55,2684531.82,"2026-04-01 09:30:00",表水,,總有機碳,TOC,-,mg/L,
2146,德基水庫四,德基水庫,臺中市,和平區,121.2187260,24.2662890,272207.55,2684531.82,"2026-04-01 09:30:00",表水,,化學需氧量,COD,-,mg/L,
2146,德基水庫四,德基水庫,臺中市,和平區,121.2187260,24.2662890,272207.55,2684531.82,"2026-04-01 09:30:00",表水,,溶氧(電極法),DO,-,mg/L,
2146,德基水庫四,德基水庫,臺中市,和平區,121.2187260,24.2662890,272207.55,2684531.82,"2026-04-01 09:30:00",表水,,懸浮固體,SS,-,mg/L,
2146,德基水庫四,德基水庫,臺中市,和平區,121.2187260,24.2662890,272207.55,2684531.82,"2026-04-01 09:30:00",表水,,氣溫,TMP,-,℃,
2146,德基水庫四,德基水庫,臺中市,和平區,121.2187260,24.2662890,272207.55,2684531.82,"2026-04-01 09:30:00",表水,,採樣深度,SampleDepth,-,m,
2146,德基水庫四,德基水庫,臺中市,和平區,121.2187260,24.2662890,272207.55,2684531.82,"2026-04-01 09:30:00",表水,,導電度,EC,-,μmho/cm25℃,
2146,德基水庫四,德基水庫,臺中市,和平區,121.2187260,24.2662890,272207.55,2684531.82,"2026-04-01 09:30:00",表水,,濁度,TB,-,NTU,
2146,德基水庫四,德基水庫,臺中市,和平區,121.2187260,24.2662890,272207.55,2684531.82,"2026-04-01 09:30:00",表水,,酸鹼值,pH,-," ",
2146,德基水庫四,德基水庫,臺中市,和平區,121.2187260,24.2662890,272207.55,2684531.82,"2026-04-01 09:30:00",表水,,透明度,SD,-,m,
2146,德基水庫四,德基水庫,臺中市,和平區,121.2187260,24.2662890,272207.55,2684531.82,"2026-04-01 09:30:00",表水,,水溫,WT,-,℃,
2146,德基水庫四,德基水庫,臺中市,和平區,121.2187260,24.2662890,272207.55,2684531.82,"2026-04-01 09:30:00",表水,,卡爾森指數,CTSI,-,,
2145,德基水庫三,德基水庫,臺中市,和平區,121.2060600,24.2620050,270922.25,2684055.40,"2026-04-01 10:22:00",表水,0.5,葉綠素a,Chl_a,12.8,μg/L,
2145,德基水庫三,德基水庫,臺中市,和平區,121.2060600,24.2620050,270922.25,2684055.40,"2026-04-01 10:22:00",表水,0.5,總磷,TP,0.025,mg/L,
2145,德基水庫三,德基水庫,臺中市,和平區,121.2060600,24.2620050,270922.25,2684055.40,"2026-04-01 10:22:00",表水,0.5,正磷酸鹽,PO4,-,mg/L,
2145,德基水庫三,德基水庫,臺中市,和平區,121.2060600,24.2620050,270922.25,2684055.40,"2026-04-01 10:22:00",表水,0.5,溶氧飽和度,DOS,93.8,%,
2145,德基水庫三,德基水庫,臺中市,和平區,121.2060600,24.2620050,270922.25,2684055.40,"2026-04-01 10:22:00",表水,0.5,溶氧(滴定法),DO2,-,mg/L,
2145,德基水庫三,德基水庫,臺中市,和平區,121.2060600,24.2620050,270922.25,2684055.40,"2026-04-01 10:22:00",表水,0.5,總鹼度,TAlk,-,mg/L,
2145,德基水庫三,德基水庫,臺中市,和平區,121.2060600,24.2620050,270922.25,2684055.40,"2026-04-01 10:22:00",表水,0.5,總硬度,TH,-,mg/L,
2145,德基水庫三,德基水庫,臺中市,和平區,121.2060600,24.2620050,270922.25,2684055.40,"2026-04-01 10:22:00",表水,0.5,總氮,TN,0.62,mg/L,
2145,德基水庫三,德基水庫,臺中市,和平區,121.2060600,24.2620050,270922.25,2684055.40,"2026-04-01 10:22:00",表水,0.5,亞硝酸鹽氮,NO2_N,-,mg/L,
2145,德基水庫三,德基水庫,臺中市,和平區,121.2060600,24.2620050,270922.25,2684055.40,"2026-04-01 10:22:00",表水,0.5,硝酸鹽氮,NO3_N,-,mg/L,
2145,德基水庫三,德基水庫,臺中市,和平區,121.2060600,24.2620050,270922.25,2684055.40,"2026-04-01 10:22:00",表水,0.5,總凱氏氮,TKN,-,mg/L,
2145,德基水庫三,德基水庫,臺中市,和平區,121.2060600,24.2620050,270922.25,2684055.40,"2026-04-01 10:22:00",表水,0.5,有機氮,Norg,-,mg/L,
2145,德基水庫三,德基水庫,臺中市,和平區,121.2060600,24.2620050,270922.25,2684055.40,"2026-04-01 10:22:00",表水,0.5,氨氮,NH3_N,<0.01,mg/L,
2145,德基水庫三,德基水庫,臺中市,和平區,121.2060600,24.2620050,270922.25,2684055.40,"2026-04-01 10:22:00",表水,0.5,總有機碳,TOC,1.19,mg/L,
2145,德基水庫三,德基水庫,臺中市,和平區,121.2060600,24.2620050,270922.25,2684055.40,"2026-04-01 10:22:00",表水,0.5,化學需氧量,COD,<4.0,mg/L,
2145,德基水庫三,德基水庫,臺中市,和平區,121.2060600,24.2620050,270922.25,2684055.40,"2026-04-01 10:22:00",表水,0.5,溶氧(電極法),DO,7.6,mg/L,
2145,德基水庫三,德基水庫,臺中市,和平區,121.2060600,24.2620050,270922.25,2684055.40,"2026-04-01 10:22:00",表水,0.5,懸浮固體,SS,8.4,mg/L,
2145,德基水庫三,德基水庫,臺中市,和平區,121.2060600,24.2620050,270922.25,2684055.40,"2026-04-01 10:22:00",表水,0.5,氣溫,TMP,18.7,℃,
2145,德基水庫三,德基水庫,臺中市,和平區,121.2060600,24.2620050,270922.25,2684055.40,"2026-04-01 10:22:00",表水,0.5,採樣深度,SampleDepth,0.5,m,
2145,德基水庫三,德基水庫,臺中市,和平區,121.2060600,24.2620050,270922.25,2684055.40,"2026-04-01 10:22:00",表水,0.5,導電度,EC,342,μmho/cm25℃,
2145,德基水庫三,德基水庫,臺中市,和平區,121.2060600,24.2620050,270922.25,2684055.40,"2026-04-01 10:22:00",表水,0.5,濁度,TB,7.2,NTU,
2145,德基水庫三,德基水庫,臺中市,和平區,121.2060600,24.2620050,270922.25,2684055.40,"2026-04-01 10:22:00",表水,0.5,酸鹼值,pH,8.06," ",
2145,德基水庫三,德基水庫,臺中市,和平區,121.2060600,24.2620050,270922.25,2684055.40,"2026-04-01 10:22:00",表水,0.5,透明度,SD,1.2,m,
2145,德基水庫三,德基水庫,臺中市,和平區,121.2060600,24.2620050,270922.25,2684055.40,"2026-04-01 10:22:00",表水,0.5,水溫,WT,17.4,℃,
2145,德基水庫三,德基水庫,臺中市,和平區,121.2060600,24.2620050,270922.25,2684055.40,"2026-04-01 10:22:00",表水,0.5,卡爾森指數,CTSI,55,,
2144,德基水庫二,德基水庫,臺中市,和平區,121.1766060,24.2612190,267931.75,2683964.25,"2026-04-01 09:56:00",表水,0.5,葉綠素a,Chl_a,9.0,μg/L,
2144,德基水庫二,德基水庫,臺中市,和平區,121.1766060,24.2612190,267931.75,2683964.25,"2026-04-01 09:56:00",表水,0.5,總磷,TP,0.018,mg/L,
2144,德基水庫二,德基水庫,臺中市,和平區,121.1766060,24.2612190,267931.75,2683964.25,"2026-04-01 09:56:00",表水,0.5,正磷酸鹽,PO4,-,mg/L,
2144,德基水庫二,德基水庫,臺中市,和平區,121.1766060,24.2612190,267931.75,2683964.25,"2026-04-01 09:56:00",表水,0.5,溶氧飽和度,DOS,103.8,%,
2144,德基水庫二,德基水庫,臺中市,和平區,121.1766060,24.2612190,267931.75,2683964.25,"2026-04-01 09:56:00",表水,0.5,溶氧(滴定法),DO2,-,mg/L,
2144,德基水庫二,德基水庫,臺中市,和平區,121.1766060,24.2612190,267931.75,2683964.25,"2026-04-01 09:56:00",表水,0.5,總鹼度,TAlk,-,mg/L,
2144,德基水庫二,德基水庫,臺中市,和平區,121.1766060,24.2612190,267931.75,2683964.25,"2026-04-01 09:56:00",表水,0.5,總硬度,TH,-,mg/L,
2144,德基水庫二,德基水庫,臺中市,和平區,121.1766060,24.2612190,267931.75,2683964.25,"2026-04-01 09:56:00",表水,0.5,總氮,TN,0.70,mg/L,
2144,德基水庫二,德基水庫,臺中市,和平區,121.1766060,24.2612190,267931.75,2683964.25,"2026-04-01 09:56:00",表水,0.5,亞硝酸鹽氮,NO2_N,-,mg/L,
2144,德基水庫二,德基水庫,臺中市,和平區,121.1766060,24.2612190,267931.75,2683964.25,"2026-04-01 09:56:00",表水,0.5,硝酸鹽氮,NO3_N,-,mg/L,
2144,德基水庫二,德基水庫,臺中市,和平區,121.1766060,24.2612190,267931.75,2683964.25,"2026-04-01 09:56:00",表水,0.5,總凱氏氮,TKN,-,mg/L,
2144,德基水庫二,德基水庫,臺中市,和平區,121.1766060,24.2612190,267931.75,2683964.25,"2026-04-01 09:56:00",表水,0.5,有機氮,Norg,-,mg/L,
2144,德基水庫二,德基水庫,臺中市,和平區,121.1766060,24.2612190,267931.75,2683964.25,"2026-04-01 09:56:00",表水,0.5,氨氮,NH3_N,<0.01,mg/L,
2144,德基水庫二,德基水庫,臺中市,和平區,121.1766060,24.2612190,267931.75,2683964.25,"2026-04-01 09:56:00",表水,0.5,總有機碳,TOC,0.81,mg/L,
2144,德基水庫二,德基水庫,臺中市,和平區,121.1766060,24.2612190,267931.75,2683964.25,"2026-04-01 09:56:00",表水,0.5,化學需氧量,COD,<4.0,mg/L,
2144,德基水庫二,德基水庫,臺中市,和平區,121.1766060,24.2612190,267931.75,2683964.25,"2026-04-01 09:56:00",表水,0.5,溶氧(電極法),DO,8.5,mg/L,
2144,德基水庫二,德基水庫,臺中市,和平區,121.1766060,24.2612190,267931.75,2683964.25,"2026-04-01 09:56:00",表水,0.5,懸浮固體,SS,3.7,mg/L,
2144,德基水庫二,德基水庫,臺中市,和平區,121.1766060,24.2612190,267931.75,2683964.25,"2026-04-01 09:56:00",表水,0.5,氣溫,TMP,18.3,℃,
2144,德基水庫二,德基水庫,臺中市,和平區,121.1766060,24.2612190,267931.75,2683964.25,"2026-04-01 09:56:00",表水,0.5,採樣深度,SampleDepth,0.5,m,
2144,德基水庫二,德基水庫,臺中市,和平區,121.1766060,24.2612190,267931.75,2683964.25,"2026-04-01 09:56:00",表水,0.5,導電度,EC,306,μmho/cm25℃,
2144,德基水庫二,德基水庫,臺中市,和平區,121.1766060,24.2612190,267931.75,2683964.25,"2026-04-01 09:56:00",表水,0.5,濁度,TB,2.4,NTU,
2144,德基水庫二,德基水庫,臺中市,和平區,121.1766060,24.2612190,267931.75,2683964.25,"2026-04-01 09:56:00",表水,0.5,酸鹼值,pH,8.28," ",
2144,德基水庫二,德基水庫,臺中市,和平區,121.1766060,24.2612190,267931.75,2683964.25,"2026-04-01 09:56:00",表水,0.5,透明度,SD,2.4,m,
2144,德基水庫二,德基水庫,臺中市,和平區,121.1766060,24.2612190,267931.75,2683964.25,"2026-04-01 09:56:00",表水,0.5,水溫,WT,16.8,℃,
2144,德基水庫二,德基水庫,臺中市,和平區,121.1766060,24.2612190,267931.75,2683964.25,"2026-04-01 09:56:00",表水,0.5,卡爾森指數,CTSI,48,,
2143,德基水庫一,德基水庫,臺中市,和平區,121.1685510,24.2546930,267114.75,2683240.48,"2026-04-01 09:35:00",表水,0.5,葉綠素a,Chl_a,6.8,μg/L,
2143,德基水庫一,德基水庫,臺中市,和平區,121.1685510,24.2546930,267114.75,2683240.48,"2026-04-01 09:35:00",表水,0.5,總磷,TP,0.026,mg/L,
2143,德基水庫一,德基水庫,臺中市,和平區,121.1685510,24.2546930,267114.75,2683240.48,"2026-04-01 09:35:00",表水,0.5,正磷酸鹽,PO4,-,mg/L,
2143,德基水庫一,德基水庫,臺中市,和平區,121.1685510,24.2546930,267114.75,2683240.48,"2026-04-01 09:35:00",表水,0.5,溶氧飽和度,DOS,102.9,%,
2143,德基水庫一,德基水庫,臺中市,和平區,121.1685510,24.2546930,267114.75,2683240.48,"2026-04-01 09:35:00",表水,0.5,溶氧(滴定法),DO2,-,mg/L,
2143,德基水庫一,德基水庫,臺中市,和平區,121.1685510,24.2546930,267114.75,2683240.48,"2026-04-01 09:35:00",表水,0.5,總鹼度,TAlk,-,mg/L,
2143,德基水庫一,德基水庫,臺中市,和平區,121.1685510,24.2546930,267114.75,2683240.48,"2026-04-01 09:35:00",表水,0.5,總硬度,TH,-,mg/L,
2143,德基水庫一,德基水庫,臺中市,和平區,121.1685510,24.2546930,267114.75,2683240.48,"2026-04-01 09:35:00",表水,0.5,總氮,TN,0.73,mg/L,
2143,德基水庫一,德基水庫,臺中市,和平區,121.1685510,24.2546930,267114.75,2683240.48,"2026-04-01 09:35:00",表水,0.5,亞硝酸鹽氮,NO2_N,-,mg/L,
2143,德基水庫一,德基水庫,臺中市,和平區,121.1685510,24.2546930,267114.75,2683240.48,"2026-04-01 09:35:00",表水,0.5,硝酸鹽氮,NO3_N,-,mg/L,
2143,德基水庫一,德基水庫,臺中市,和平區,121.1685510,24.2546930,267114.75,2683240.48,"2026-04-01 09:35:00",表水,0.5,總凱氏氮,TKN,-,mg/L,
2143,德基水庫一,德基水庫,臺中市,和平區,121.1685510,24.2546930,267114.75,2683240.48,"2026-04-01 09:35:00",表水,0.5,有機氮,Norg,-,mg/L,
2143,德基水庫一,德基水庫,臺中市,和平區,121.1685510,24.2546930,267114.75,2683240.48,"2026-04-01 09:35:00",表水,0.5,氨氮,NH3_N,0.01,mg/L,
2143,德基水庫一,德基水庫,臺中市,和平區,121.1685510,24.2546930,267114.75,2683240.48,"2026-04-01 09:35:00",表水,0.5,總有機碳,TOC,0.77,mg/L,
2143,德基水庫一,德基水庫,臺中市,和平區,121.1685510,24.2546930,267114.75,2683240.48,"2026-04-01 09:35:00",表水,0.5,化學需氧量,COD,<4.0,mg/L,
2143,德基水庫一,德基水庫,臺中市,和平區,121.1685510,24.2546930,267114.75,2683240.48,"2026-04-01 09:35:00",表水,0.5,溶氧(電極法),DO,8.5,mg/L,
2143,德基水庫一,德基水庫,臺中市,和平區,121.1685510,24.2546930,267114.75,2683240.48,"2026-04-01 09:35:00",表水,0.5,懸浮固體,SS,2.1,mg/L,
2143,德基水庫一,德基水庫,臺中市,和平區,121.1685510,24.2546930,267114.75,2683240.48,"2026-04-01 09:35:00",表水,0.5,氣溫,TMP,18.2,℃,
2143,德基水庫一,德基水庫,臺中市,和平區,121.1685510,24.2546930,267114.75,2683240.48,"2026-04-01 09:35:00",表水,0.5,採樣深度,SampleDepth,0.5,m,
2143,德基水庫一,德基水庫,臺中市,和平區,121.1685510,24.2546930,267114.75,2683240.48,"2026-04-01 09:35:00",表水,0.5,導電度,EC,303,μmho/cm25℃,
2143,德基水庫一,德基水庫,臺中市,和平區,121.1685510,24.2546930,267114.75,2683240.48,"2026-04-01 09:35:00",表水,0.5,濁度,TB,3.3,NTU,
2143,德基水庫一,德基水庫,臺中市,和平區,121.1685510,24.2546930,267114.75,2683240.48,"2026-04-01 09:35:00",表水,0.5,酸鹼值,pH,8.20," ",
2143,德基水庫一,德基水庫,臺中市,和平區,121.1685510,24.2546930,267114.75,2683240.48,"2026-04-01 09:35:00",表水,0.5,透明度,SD,2.4,m,
2143,德基水庫一,德基水庫,臺中市,和平區,121.1685510,24.2546930,267114.75,2683240.48,"2026-04-01 09:35:00",表水,0.5,水溫,WT,16.6,℃,
2143,德基水庫一,德基水庫,臺中市,和平區,121.1685510,24.2546930,267114.75,2683240.48,"2026-04-01 09:35:00",表水,0.5,卡爾森指數,CTSI,49,,
2142,霧社水庫三,霧社水庫,南投縣,仁愛鄉,121.1364720,24.0012880,263884.76,2655172.51,"2026-04-14 10:32:00",表水,0.5,葉綠素a,Chl_a,5.2,μg/L,
2142,霧社水庫三,霧社水庫,南投縣,仁愛鄉,121.1364720,24.0012880,263884.76,2655172.51,"2026-04-14 10:32:00",表水,0.5,總磷,TP,0.022,mg/L,
2142,霧社水庫三,霧社水庫,南投縣,仁愛鄉,121.1364720,24.0012880,263884.76,2655172.51,"2026-04-14 10:32:00",表水,0.5,正磷酸鹽,PO4,-,mg/L,
2142,霧社水庫三,霧社水庫,南投縣,仁愛鄉,121.1364720,24.0012880,263884.76,2655172.51,"2026-04-14 10:32:00",表水,0.5,溶氧飽和度,DOS,117.4,%,
2142,霧社水庫三,霧社水庫,南投縣,仁愛鄉,121.1364720,24.0012880,263884.76,2655172.51,"2026-04-14 10:32:00",表水,0.5,溶氧(滴定法),DO2,-,mg/L,
2142,霧社水庫三,霧社水庫,南投縣,仁愛鄉,121.1364720,24.0012880,263884.76,2655172.51,"2026-04-14 10:32:00",表水,0.5,總鹼度,TAlk,-,mg/L,
2142,霧社水庫三,霧社水庫,南投縣,仁愛鄉,121.1364720,24.0012880,263884.76,2655172.51,"2026-04-14 10:32:00",表水,0.5,總硬度,TH,-,mg/L,
2142,霧社水庫三,霧社水庫,南投縣,仁愛鄉,121.1364720,24.0012880,263884.76,2655172.51,"2026-04-14 10:32:00",表水,0.5,總氮,TN,0.61,mg/L,
2142,霧社水庫三,霧社水庫,南投縣,仁愛鄉,121.1364720,24.0012880,263884.76,2655172.51,"2026-04-14 10:32:00",表水,0.5,亞硝酸鹽氮,NO2_N,-,mg/L,
2142,霧社水庫三,霧社水庫,南投縣,仁愛鄉,121.1364720,24.0012880,263884.76,2655172.51,"2026-04-14 10:32:00",表水,0.5,硝酸鹽氮,NO3_N,-,mg/L,
2142,霧社水庫三,霧社水庫,南投縣,仁愛鄉,121.1364720,24.0012880,263884.76,2655172.51,"2026-04-14 10:32:00",表水,0.5,總凱氏氮,TKN,-,mg/L,
2142,霧社水庫三,霧社水庫,南投縣,仁愛鄉,121.1364720,24.0012880,263884.76,2655172.51,"2026-04-14 10:32:00",表水,0.5,有機氮,Norg,-,mg/L,
2142,霧社水庫三,霧社水庫,南投縣,仁愛鄉,121.1364720,24.0012880,263884.76,2655172.51,"2026-04-14 10:32:00",表水,0.5,氨氮,NH3_N,<0.01,mg/L,
2142,霧社水庫三,霧社水庫,南投縣,仁愛鄉,121.1364720,24.0012880,263884.76,2655172.51,"2026-04-14 10:32:00",表水,0.5,總有機碳,TOC,0.64,mg/L,
2142,霧社水庫三,霧社水庫,南投縣,仁愛鄉,121.1364720,24.0012880,263884.76,2655172.51,"2026-04-14 10:32:00",表水,0.5,化學需氧量,COD,<4.0,mg/L,
2142,霧社水庫三,霧社水庫,南投縣,仁愛鄉,121.1364720,24.0012880,263884.76,2655172.51,"2026-04-14 10:32:00",表水,0.5,溶氧(電極法),DO,8.6,mg/L,
2142,霧社水庫三,霧社水庫,南投縣,仁愛鄉,121.1364720,24.0012880,263884.76,2655172.51,"2026-04-14 10:32:00",表水,0.5,懸浮固體,SS,4.0,mg/L,
2142,霧社水庫三,霧社水庫,南投縣,仁愛鄉,121.1364720,24.0012880,263884.76,2655172.51,"2026-04-14 10:32:00",表水,0.5,氣溫,TMP,22.9,℃,
2142,霧社水庫三,霧社水庫,南投縣,仁愛鄉,121.1364720,24.0012880,263884.76,2655172.51,"2026-04-14 10:32:00",表水,0.5,採樣深度,SampleDepth,0.5,m,
2142,霧社水庫三,霧社水庫,南投縣,仁愛鄉,121.1364720,24.0012880,263884.76,2655172.51,"2026-04-14 10:32:00",表水,0.5,導電度,EC,408,μmho/cm25℃,
2142,霧社水庫三,霧社水庫,南投縣,仁愛鄉,121.1364720,24.0012880,263884.76,2655172.51,"2026-04-14 10:32:00",表水,0.5,濁度,TB,2.6,NTU,
2142,霧社水庫三,霧社水庫,南投縣,仁愛鄉,121.1364720,24.0012880,263884.76,2655172.51,"2026-04-14 10:32:00",表水,0.5,酸鹼值,pH,8.38," ",
2142,霧社水庫三,霧社水庫,南投縣,仁愛鄉,121.1364720,24.0012880,263884.76,2655172.51,"2026-04-14 10:32:00",表水,0.5,透明度,SD,1.4,m,
2142,霧社水庫三,霧社水庫,南投縣,仁愛鄉,121.1364720,24.0012880,263884.76,2655172.51,"2026-04-14 10:32:00",表水,0.5,水溫,WT,25.3,℃,
2142,霧社水庫三,霧社水庫,南投縣,仁愛鄉,121.1364720,24.0012880,263884.76,2655172.51,"2026-04-14 10:32:00",表水,0.5,卡爾森指數,CTSI,50,,
2141,霧社水庫二,霧社水庫,南投縣,仁愛鄉,121.1361450,23.9927720,263852.40,2654229.36,"2026-04-14 10:55:00",表水,0.5,葉綠素a,Chl_a,5.8,μg/L,
2141,霧社水庫二,霧社水庫,南投縣,仁愛鄉,121.1361450,23.9927720,263852.40,2654229.36,"2026-04-14 10:55:00",表水,0.5,總磷,TP,0.019,mg/L,
2141,霧社水庫二,霧社水庫,南投縣,仁愛鄉,121.1361450,23.9927720,263852.40,2654229.36,"2026-04-14 10:55:00",表水,0.5,正磷酸鹽,PO4,-,mg/L,
2141,霧社水庫二,霧社水庫,南投縣,仁愛鄉,121.1361450,23.9927720,263852.40,2654229.36,"2026-04-14 10:55:00",表水,0.5,溶氧飽和度,DOS,115.2,%,
2141,霧社水庫二,霧社水庫,南投縣,仁愛鄉,121.1361450,23.9927720,263852.40,2654229.36,"2026-04-14 10:55:00",表水,0.5,溶氧(滴定法),DO2,-,mg/L,
2141,霧社水庫二,霧社水庫,南投縣,仁愛鄉,121.1361450,23.9927720,263852.40,2654229.36,"2026-04-14 10:55:00",表水,0.5,總鹼度,TAlk,-,mg/L,
2141,霧社水庫二,霧社水庫,南投縣,仁愛鄉,121.1361450,23.9927720,263852.40,2654229.36,"2026-04-14 10:55:00",表水,0.5,總硬度,TH,-,mg/L,
2141,霧社水庫二,霧社水庫,南投縣,仁愛鄉,121.1361450,23.9927720,263852.40,2654229.36,"2026-04-14 10:55:00",表水,0.5,總氮,TN,0.48,mg/L,
2141,霧社水庫二,霧社水庫,南投縣,仁愛鄉,121.1361450,23.9927720,263852.40,2654229.36,"2026-04-14 10:55:00",表水,0.5,亞硝酸鹽氮,NO2_N,-,mg/L,
2141,霧社水庫二,霧社水庫,南投縣,仁愛鄉,121.1361450,23.9927720,263852.40,2654229.36,"2026-04-14 10:55:00",表水,0.5,硝酸鹽氮,NO3_N,-,mg/L,
2141,霧社水庫二,霧社水庫,南投縣,仁愛鄉,121.1361450,23.9927720,263852.40,2654229.36,"2026-04-14 10:55:00",表水,0.5,總凱氏氮,TKN,-,mg/L,
2141,霧社水庫二,霧社水庫,南投縣,仁愛鄉,121.1361450,23.9927720,263852.40,2654229.36,"2026-04-14 10:55:00",表水,0.5,有機氮,Norg,-,mg/L,
2141,霧社水庫二,霧社水庫,南投縣,仁愛鄉,121.1361450,23.9927720,263852.40,2654229.36,"2026-04-14 10:55:00",表水,0.5,氨氮,NH3_N,<0.01,mg/L,
2141,霧社水庫二,霧社水庫,南投縣,仁愛鄉,121.1361450,23.9927720,263852.40,2654229.36,"2026-04-14 10:55:00",表水,0.5,總有機碳,TOC,0.71,mg/L,
2141,霧社水庫二,霧社水庫,南投縣,仁愛鄉,121.1361450,23.9927720,263852.40,2654229.36,"2026-04-14 10:55:00",表水,0.5,化學需氧量,COD,<4.0,mg/L,
2141,霧社水庫二,霧社水庫,南投縣,仁愛鄉,121.1361450,23.9927720,263852.40,2654229.36,"2026-04-14 10:55:00",表水,0.5,溶氧(電極法),DO,8.4,mg/L,
2141,霧社水庫二,霧社水庫,南投縣,仁愛鄉,121.1361450,23.9927720,263852.40,2654229.36,"2026-04-14 10:55:00",表水,0.5,懸浮固體,SS,2.3,mg/L,
2141,霧社水庫二,霧社水庫,南投縣,仁愛鄉,121.1361450,23.9927720,263852.40,2654229.36,"2026-04-14 10:55:00",表水,0.5,氣溫,TMP,23.2,℃,
2141,霧社水庫二,霧社水庫,南投縣,仁愛鄉,121.1361450,23.9927720,263852.40,2654229.36,"2026-04-14 10:55:00",表水,0.5,採樣深度,SampleDepth,0.5,m,
2141,霧社水庫二,霧社水庫,南投縣,仁愛鄉,121.1361450,23.9927720,263852.40,2654229.36,"2026-04-14 10:55:00",表水,0.5,導電度,EC,406,μmho/cm25℃,
2141,霧社水庫二,霧社水庫,南投縣,仁愛鄉,121.1361450,23.9927720,263852.40,2654229.36,"2026-04-14 10:55:00",表水,0.5,濁度,TB,2.1,NTU,
2141,霧社水庫二,霧社水庫,南投縣,仁愛鄉,121.1361450,23.9927720,263852.40,2654229.36,"2026-04-14 10:55:00",表水,0.5,酸鹼值,pH,8.42," ",
2141,霧社水庫二,霧社水庫,南投縣,仁愛鄉,121.1361450,23.9927720,263852.40,2654229.36,"2026-04-14 10:55:00",表水,0.5,透明度,SD,1.8,m,
2141,霧社水庫二,霧社水庫,南投縣,仁愛鄉,121.1361450,23.9927720,263852.40,2654229.36,"2026-04-14 10:55:00",表水,0.5,水溫,WT,25.5,℃,
2141,霧社水庫二,霧社水庫,南投縣,仁愛鄉,121.1361450,23.9927720,263852.40,2654229.36,"2026-04-14 10:55:00",表水,0.5,卡爾森指數,CTSI,49,,
2140,霧社水庫一,霧社水庫,南投縣,仁愛鄉,121.1363890,23.9830760,263878.27,2653155.57,"2026-04-14 11:20:00",表水,0.5,葉綠素a,Chl_a,5.8,μg/L,
2140,霧社水庫一,霧社水庫,南投縣,仁愛鄉,121.1363890,23.9830760,263878.27,2653155.57,"2026-04-14 11:20:00",表水,0.5,總磷,TP,0.019,mg/L,
2140,霧社水庫一,霧社水庫,南投縣,仁愛鄉,121.1363890,23.9830760,263878.27,2653155.57,"2026-04-14 11:20:00",表水,0.5,正磷酸鹽,PO4,-,mg/L,
2140,霧社水庫一,霧社水庫,南投縣,仁愛鄉,121.1363890,23.9830760,263878.27,2653155.57,"2026-04-14 11:20:00",表水,0.5,溶氧飽和度,DOS,117.4,%,
2140,霧社水庫一,霧社水庫,南投縣,仁愛鄉,121.1363890,23.9830760,263878.27,2653155.57,"2026-04-14 11:20:00",表水,0.5,溶氧(滴定法),DO2,-,mg/L,
2140,霧社水庫一,霧社水庫,南投縣,仁愛鄉,121.1363890,23.9830760,263878.27,2653155.57,"2026-04-14 11:20:00",表水,0.5,總鹼度,TAlk,-,mg/L,
2140,霧社水庫一,霧社水庫,南投縣,仁愛鄉,121.1363890,23.9830760,263878.27,2653155.57,"2026-04-14 11:20:00",表水,0.5,總硬度,TH,-,mg/L,
2140,霧社水庫一,霧社水庫,南投縣,仁愛鄉,121.1363890,23.9830760,263878.27,2653155.57,"2026-04-14 11:20:00",表水,0.5,總氮,TN,0.47,mg/L,
2140,霧社水庫一,霧社水庫,南投縣,仁愛鄉,121.1363890,23.9830760,263878.27,2653155.57,"2026-04-14 11:20:00",表水,0.5,亞硝酸鹽氮,NO2_N,-,mg/L,
2140,霧社水庫一,霧社水庫,南投縣,仁愛鄉,121.1363890,23.9830760,263878.27,2653155.57,"2026-04-14 11:20:00",表水,0.5,硝酸鹽氮,NO3_N,-,mg/L,
2140,霧社水庫一,霧社水庫,南投縣,仁愛鄉,121.1363890,23.9830760,263878.27,2653155.57,"2026-04-14 11:20:00",表水,0.5,總凱氏氮,TKN,-,mg/L,
2140,霧社水庫一,霧社水庫,南投縣,仁愛鄉,121.1363890,23.9830760,263878.27,2653155.57,"2026-04-14 11:20:00",表水,0.5,有機氮,Norg,-,mg/L,
2140,霧社水庫一,霧社水庫,南投縣,仁愛鄉,121.1363890,23.9830760,263878.27,2653155.57,"2026-04-14 11:20:00",表水,0.5,氨氮,NH3_N,<0.01,mg/L,
2140,霧社水庫一,霧社水庫,南投縣,仁愛鄉,121.1363890,23.9830760,263878.27,2653155.57,"2026-04-14 11:20:00",表水,0.5,總有機碳,TOC,0.84,mg/L,
2140,霧社水庫一,霧社水庫,南投縣,仁愛鄉,121.1363890,23.9830760,263878.27,2653155.57,"2026-04-14 11:20:00",表水,0.5,化學需氧量,COD,<4.0,mg/L,
2140,霧社水庫一,霧社水庫,南投縣,仁愛鄉,121.1363890,23.9830760,263878.27,2653155.57,"2026-04-14 11:20:00",表水,0.5,溶氧(電極法),DO,8.4,mg/L,
2140,霧社水庫一,霧社水庫,南投縣,仁愛鄉,121.1363890,23.9830760,263878.27,2653155.57,"2026-04-14 11:20:00",表水,0.5,懸浮固體,SS,2.4,mg/L,
2140,霧社水庫一,霧社水庫,南投縣,仁愛鄉,121.1363890,23.9830760,263878.27,2653155.57,"2026-04-14 11:20:00",表水,0.5,氣溫,TMP,23.8,℃,
2140,霧社水庫一,霧社水庫,南投縣,仁愛鄉,121.1363890,23.9830760,263878.27,2653155.57,"2026-04-14 11:20:00",表水,0.5,採樣深度,SampleDepth,0.5,m,
2140,霧社水庫一,霧社水庫,南投縣,仁愛鄉,121.1363890,23.9830760,263878.27,2653155.57,"2026-04-14 11:20:00",表水,0.5,導電度,EC,407,μmho/cm25℃,
2140,霧社水庫一,霧社水庫,南投縣,仁愛鄉,121.1363890,23.9830760,263878.27,2653155.57,"2026-04-14 11:20:00",表水,0.5,濁度,TB,2.3,NTU,
2140,霧社水庫一,霧社水庫,南投縣,仁愛鄉,121.1363890,23.9830760,263878.27,2653155.57,"2026-04-14 11:20:00",表水,0.5,酸鹼值,pH,8.42," ",
2140,霧社水庫一,霧社水庫,南投縣,仁愛鄉,121.1363890,23.9830760,263878.27,2653155.57,"2026-04-14 11:20:00",表水,0.5,透明度,SD,1.8,m,
2140,霧社水庫一,霧社水庫,南投縣,仁愛鄉,121.1363890,23.9830760,263878.27,2653155.57,"2026-04-14 11:20:00",表水,0.5,水溫,WT,26.4,℃,
2140,霧社水庫一,霧社水庫,南投縣,仁愛鄉,121.1363890,23.9830760,263878.27,2653155.57,"2026-04-14 11:20:00",表水,0.5,卡爾森指數,CTSI,49,,
2139,頭社水庫,頭社水庫,南投縣,中寮鄉,120.8966389,23.8366944,239470.64,2636941.53,"2026-04-07 14:13:00",表水,0.5,葉綠素a,Chl_a,11.1,μg/L,
2139,頭社水庫,頭社水庫,南投縣,中寮鄉,120.8966389,23.8366944,239470.64,2636941.53,"2026-04-07 14:13:00",表水,0.5,總磷,TP,0.035,mg/L,
2139,頭社水庫,頭社水庫,南投縣,中寮鄉,120.8966389,23.8366944,239470.64,2636941.53,"2026-04-07 14:13:00",表水,0.5,正磷酸鹽,PO4,-,mg/L,
2139,頭社水庫,頭社水庫,南投縣,中寮鄉,120.8966389,23.8366944,239470.64,2636941.53,"2026-04-07 14:13:00",表水,0.5,溶氧飽和度,DOS,94.8,%,
2139,頭社水庫,頭社水庫,南投縣,中寮鄉,120.8966389,23.8366944,239470.64,2636941.53,"2026-04-07 14:13:00",表水,0.5,溶氧(滴定法),DO2,-,mg/L,
2139,頭社水庫,頭社水庫,南投縣,中寮鄉,120.8966389,23.8366944,239470.64,2636941.53,"2026-04-07 14:13:00",表水,0.5,總鹼度,TAlk,-,mg/L,
2139,頭社水庫,頭社水庫,南投縣,中寮鄉,120.8966389,23.8366944,239470.64,2636941.53,"2026-04-07 14:13:00",表水,0.5,總硬度,TH,-,mg/L,
2139,頭社水庫,頭社水庫,南投縣,中寮鄉,120.8966389,23.8366944,239470.64,2636941.53,"2026-04-07 14:13:00",表水,0.5,總氮,TN,-,mg/L,
2139,頭社水庫,頭社水庫,南投縣,中寮鄉,120.8966389,23.8366944,239470.64,2636941.53,"2026-04-07 14:13:00",表水,0.5,亞硝酸鹽氮,NO2_N,-,mg/L,
2139,頭社水庫,頭社水庫,南投縣,中寮鄉,120.8966389,23.8366944,239470.64,2636941.53,"2026-04-07 14:13:00",表水,0.5,硝酸鹽氮,NO3_N,-,mg/L,
2139,頭社水庫,頭社水庫,南投縣,中寮鄉,120.8966389,23.8366944,239470.64,2636941.53,"2026-04-07 14:13:00",表水,0.5,總凱氏氮,TKN,-,mg/L,
2139,頭社水庫,頭社水庫,南投縣,中寮鄉,120.8966389,23.8366944,239470.64,2636941.53,"2026-04-07 14:13:00",表水,0.5,有機氮,Norg,-,mg/L,
2139,頭社水庫,頭社水庫,南投縣,中寮鄉,120.8966389,23.8366944,239470.64,2636941.53,"2026-04-07 14:13:00",表水,0.5,氨氮,NH3_N,0.03,mg/L,
2139,頭社水庫,頭社水庫,南投縣,中寮鄉,120.8966389,23.8366944,239470.64,2636941.53,"2026-04-07 14:13:00",表水,0.5,總有機碳,TOC,-,mg/L,
2139,頭社水庫,頭社水庫,南投縣,中寮鄉,120.8966389,23.8366944,239470.64,2636941.53,"2026-04-07 14:13:00",表水,0.5,化學需氧量,COD,10.3,mg/L,
2139,頭社水庫,頭社水庫,南投縣,中寮鄉,120.8966389,23.8366944,239470.64,2636941.53,"2026-04-07 14:13:00",表水,0.5,溶氧(電極法),DO,7.4,mg/L,
2139,頭社水庫,頭社水庫,南投縣,中寮鄉,120.8966389,23.8366944,239470.64,2636941.53,"2026-04-07 14:13:00",表水,0.5,懸浮固體,SS,7.3,mg/L,
2139,頭社水庫,頭社水庫,南投縣,中寮鄉,120.8966389,23.8366944,239470.64,2636941.53,"2026-04-07 14:13:00",表水,0.5,氣溫,TMP,25.0,℃,
2139,頭社水庫,頭社水庫,南投縣,中寮鄉,120.8966389,23.8366944,239470.64,2636941.53,"2026-04-07 14:13:00",表水,0.5,採樣深度,SampleDepth,0.5,m,
2139,頭社水庫,頭社水庫,南投縣,中寮鄉,120.8966389,23.8366944,239470.64,2636941.53,"2026-04-07 14:13:00",表水,0.5,導電度,EC,229,μmho/cm25℃,
2139,頭社水庫,頭社水庫,南投縣,中寮鄉,120.8966389,23.8366944,239470.64,2636941.53,"2026-04-07 14:13:00",表水,0.5,濁度,TB,7.6,NTU,
2139,頭社水庫,頭社水庫,南投縣,中寮鄉,120.8966389,23.8366944,239470.64,2636941.53,"2026-04-07 14:13:00",表水,0.5,酸鹼值,pH,8.18," ",
2139,頭社水庫,頭社水庫,南投縣,中寮鄉,120.8966389,23.8366944,239470.64,2636941.53,"2026-04-07 14:13:00",表水,0.5,透明度,SD,0.4,m,
2139,頭社水庫,頭社水庫,南投縣,中寮鄉,120.8966389,23.8366944,239470.64,2636941.53,"2026-04-07 14:13:00",表水,0.5,水溫,WT,23.9,℃,
2139,頭社水庫,頭社水庫,南投縣,中寮鄉,120.8966389,23.8366944,239470.64,2636941.53,"2026-04-07 14:13:00",表水,0.5,卡爾森指數,CTSI,61,,
2138,日月潭水庫五,日月潭水庫,南投縣,魚池鄉,120.9099620,23.8503080,240828.83,2638448.26,"2026-04-07 10:23:00",表水,0.5,葉綠素a,Chl_a,1.7,μg/L,
2138,日月潭水庫五,日月潭水庫,南投縣,魚池鄉,120.9099620,23.8503080,240828.83,2638448.26,"2026-04-07 10:23:00",表水,0.5,總磷,TP,0.013,mg/L,
2138,日月潭水庫五,日月潭水庫,南投縣,魚池鄉,120.9099620,23.8503080,240828.83,2638448.26,"2026-04-07 10:23:00",表水,0.5,正磷酸鹽,PO4,-,mg/L,
2138,日月潭水庫五,日月潭水庫,南投縣,魚池鄉,120.9099620,23.8503080,240828.83,2638448.26,"2026-04-07 10:23:00",表水,0.5,溶氧飽和度,DOS,95.6,%,
2138,日月潭水庫五,日月潭水庫,南投縣,魚池鄉,120.9099620,23.8503080,240828.83,2638448.26,"2026-04-07 10:23:00",表水,0.5,溶氧(滴定法),DO2,-,mg/L,
2138,日月潭水庫五,日月潭水庫,南投縣,魚池鄉,120.9099620,23.8503080,240828.83,2638448.26,"2026-04-07 10:23:00",表水,0.5,總鹼度,TAlk,-,mg/L,
2138,日月潭水庫五,日月潭水庫,南投縣,魚池鄉,120.9099620,23.8503080,240828.83,2638448.26,"2026-04-07 10:23:00",表水,0.5,總硬度,TH,-,mg/L,
2138,日月潭水庫五,日月潭水庫,南投縣,魚池鄉,120.9099620,23.8503080,240828.83,2638448.26,"2026-04-07 10:23:00",表水,0.5,總氮,TN,0.28,mg/L,
2138,日月潭水庫五,日月潭水庫,南投縣,魚池鄉,120.9099620,23.8503080,240828.83,2638448.26,"2026-04-07 10:23:00",表水,0.5,亞硝酸鹽氮,NO2_N,-,mg/L,
2138,日月潭水庫五,日月潭水庫,南投縣,魚池鄉,120.9099620,23.8503080,240828.83,2638448.26,"2026-04-07 10:23:00",表水,0.5,硝酸鹽氮,NO3_N,-,mg/L,
2138,日月潭水庫五,日月潭水庫,南投縣,魚池鄉,120.9099620,23.8503080,240828.83,2638448.26,"2026-04-07 10:23:00",表水,0.5,總凱氏氮,TKN,-,mg/L,
2138,日月潭水庫五,日月潭水庫,南投縣,魚池鄉,120.9099620,23.8503080,240828.83,2638448.26,"2026-04-07 10:23:00",表水,0.5,有機氮,Norg,-,mg/L,
2138,日月潭水庫五,日月潭水庫,南投縣,魚池鄉,120.9099620,23.8503080,240828.83,2638448.26,"2026-04-07 10:23:00",表水,0.5,氨氮,NH3_N,0.01,mg/L,
2138,日月潭水庫五,日月潭水庫,南投縣,魚池鄉,120.9099620,23.8503080,240828.83,2638448.26,"2026-04-07 10:23:00",表水,0.5,總有機碳,TOC,0.58,mg/L,
2138,日月潭水庫五,日月潭水庫,南投縣,魚池鄉,120.9099620,23.8503080,240828.83,2638448.26,"2026-04-07 10:23:00",表水,0.5,化學需氧量,COD,<4.0,mg/L,
2138,日月潭水庫五,日月潭水庫,南投縣,魚池鄉,120.9099620,23.8503080,240828.83,2638448.26,"2026-04-07 10:23:00",表水,0.5,溶氧(電極法),DO,7.5,mg/L,
2138,日月潭水庫五,日月潭水庫,南投縣,魚池鄉,120.9099620,23.8503080,240828.83,2638448.26,"2026-04-07 10:23:00",表水,0.5,懸浮固體,SS,2.1,mg/L,
2138,日月潭水庫五,日月潭水庫,南投縣,魚池鄉,120.9099620,23.8503080,240828.83,2638448.26,"2026-04-07 10:23:00",表水,0.5,氣溫,TMP,26.3,℃,
2138,日月潭水庫五,日月潭水庫,南投縣,魚池鄉,120.9099620,23.8503080,240828.83,2638448.26,"2026-04-07 10:23:00",表水,0.5,採樣深度,SampleDepth,0.5,m,
2138,日月潭水庫五,日月潭水庫,南投縣,魚池鄉,120.9099620,23.8503080,240828.83,2638448.26,"2026-04-07 10:23:00",表水,0.5,導電度,EC,474,μmho/cm25℃,
2138,日月潭水庫五,日月潭水庫,南投縣,魚池鄉,120.9099620,23.8503080,240828.83,2638448.26,"2026-04-07 10:23:00",表水,0.5,濁度,TB,1.5,NTU,
2138,日月潭水庫五,日月潭水庫,南投縣,魚池鄉,120.9099620,23.8503080,240828.83,2638448.26,"2026-04-07 10:23:00",表水,0.5,酸鹼值,pH,8.29," ",
2138,日月潭水庫五,日月潭水庫,南投縣,魚池鄉,120.9099620,23.8503080,240828.83,2638448.26,"2026-04-07 10:23:00",表水,0.5,透明度,SD,1.8,m,
2138,日月潭水庫五,日月潭水庫,南投縣,魚池鄉,120.9099620,23.8503080,240828.83,2638448.26,"2026-04-07 10:23:00",表水,0.5,水溫,WT,23.4,℃,
2138,日月潭水庫五,日月潭水庫,南投縣,魚池鄉,120.9099620,23.8503080,240828.83,2638448.26,"2026-04-07 10:23:00",表水,0.5,卡爾森指數,CTSI,43,,
2137,日月潭水庫四,日月潭水庫,南投縣,魚池鄉,120.9140750,23.8550400,241248.10,2638972.04,"2026-04-07 10:06:00",表水,0.5,葉綠素a,Chl_a,1.7,μg/L,
2137,日月潭水庫四,日月潭水庫,南投縣,魚池鄉,120.9140750,23.8550400,241248.10,2638972.04,"2026-04-07 10:06:00",表水,0.5,總磷,TP,0.012,mg/L,
2137,日月潭水庫四,日月潭水庫,南投縣,魚池鄉,120.9140750,23.8550400,241248.10,2638972.04,"2026-04-07 10:06:00",表水,0.5,正磷酸鹽,PO4,-,mg/L,
2137,日月潭水庫四,日月潭水庫,南投縣,魚池鄉,120.9140750,23.8550400,241248.10,2638972.04,"2026-04-07 10:06:00",表水,0.5,溶氧飽和度,DOS,97.6,%,
2137,日月潭水庫四,日月潭水庫,南投縣,魚池鄉,120.9140750,23.8550400,241248.10,2638972.04,"2026-04-07 10:06:00",表水,0.5,溶氧(滴定法),DO2,-,mg/L,
2137,日月潭水庫四,日月潭水庫,南投縣,魚池鄉,120.9140750,23.8550400,241248.10,2638972.04,"2026-04-07 10:06:00",表水,0.5,總鹼度,TAlk,-,mg/L,
2137,日月潭水庫四,日月潭水庫,南投縣,魚池鄉,120.9140750,23.8550400,241248.10,2638972.04,"2026-04-07 10:06:00",表水,0.5,總硬度,TH,-,mg/L,
2137,日月潭水庫四,日月潭水庫,南投縣,魚池鄉,120.9140750,23.8550400,241248.10,2638972.04,"2026-04-07 10:06:00",表水,0.5,總氮,TN,0.33,mg/L,
2137,日月潭水庫四,日月潭水庫,南投縣,魚池鄉,120.9140750,23.8550400,241248.10,2638972.04,"2026-04-07 10:06:00",表水,0.5,亞硝酸鹽氮,NO2_N,-,mg/L,
2137,日月潭水庫四,日月潭水庫,南投縣,魚池鄉,120.9140750,23.8550400,241248.10,2638972.04,"2026-04-07 10:06:00",表水,0.5,硝酸鹽氮,NO3_N,-,mg/L,
2137,日月潭水庫四,日月潭水庫,南投縣,魚池鄉,120.9140750,23.8550400,241248.10,2638972.04,"2026-04-07 10:06:00",表水,0.5,總凱氏氮,TKN,-,mg/L,
2137,日月潭水庫四,日月潭水庫,南投縣,魚池鄉,120.9140750,23.8550400,241248.10,2638972.04,"2026-04-07 10:06:00",表水,0.5,有機氮,Norg,-,mg/L,
2137,日月潭水庫四,日月潭水庫,南投縣,魚池鄉,120.9140750,23.8550400,241248.10,2638972.04,"2026-04-07 10:06:00",表水,0.5,氨氮,NH3_N,<0.01,mg/L,
2137,日月潭水庫四,日月潭水庫,南投縣,魚池鄉,120.9140750,23.8550400,241248.10,2638972.04,"2026-04-07 10:06:00",表水,0.5,總有機碳,TOC,1.09,mg/L,
2137,日月潭水庫四,日月潭水庫,南投縣,魚池鄉,120.9140750,23.8550400,241248.10,2638972.04,"2026-04-07 10:06:00",表水,0.5,化學需氧量,COD,<4.0,mg/L,
2137,日月潭水庫四,日月潭水庫,南投縣,魚池鄉,120.9140750,23.8550400,241248.10,2638972.04,"2026-04-07 10:06:00",表水,0.5,溶氧(電極法),DO,7.6,mg/L,
2137,日月潭水庫四,日月潭水庫,南投縣,魚池鄉,120.9140750,23.8550400,241248.10,2638972.04,"2026-04-07 10:06:00",表水,0.5,懸浮固體,SS,2.4,mg/L,
2137,日月潭水庫四,日月潭水庫,南投縣,魚池鄉,120.9140750,23.8550400,241248.10,2638972.04,"2026-04-07 10:06:00",表水,0.5,氣溫,TMP,26.0,℃,
2137,日月潭水庫四,日月潭水庫,南投縣,魚池鄉,120.9140750,23.8550400,241248.10,2638972.04,"2026-04-07 10:06:00",表水,0.5,採樣深度,SampleDepth,0.5,m,
2137,日月潭水庫四,日月潭水庫,南投縣,魚池鄉,120.9140750,23.8550400,241248.10,2638972.04,"2026-04-07 10:06:00",表水,0.5,導電度,EC,475,μmho/cm25℃,
2137,日月潭水庫四,日月潭水庫,南投縣,魚池鄉,120.9140750,23.8550400,241248.10,2638972.04,"2026-04-07 10:06:00",表水,0.5,濁度,TB,2.5,NTU,
2137,日月潭水庫四,日月潭水庫,南投縣,魚池鄉,120.9140750,23.8550400,241248.10,2638972.04,"2026-04-07 10:06:00",表水,0.5,酸鹼值,pH,8.30," ",
2137,日月潭水庫四,日月潭水庫,南投縣,魚池鄉,120.9140750,23.8550400,241248.10,2638972.04,"2026-04-07 10:06:00",表水,0.5,透明度,SD,1.8,m,
2137,日月潭水庫四,日月潭水庫,南投縣,魚池鄉,120.9140750,23.8550400,241248.10,2638972.04,"2026-04-07 10:06:00",表水,0.5,水溫,WT,23.4,℃,
2137,日月潭水庫四,日月潭水庫,南投縣,魚池鄉,120.9140750,23.8550400,241248.10,2638972.04,"2026-04-07 10:06:00",表水,0.5,卡爾森指數,CTSI,42,,
2136,日月潭水庫三,日月潭水庫,南投縣,魚池鄉,120.9286200,23.8507810,242729.34,2638499.56,"2026-04-07 10:53:00",表水,0.5,葉綠素a,Chl_a,2.8,μg/L,
2136,日月潭水庫三,日月潭水庫,南投縣,魚池鄉,120.9286200,23.8507810,242729.34,2638499.56,"2026-04-07 10:53:00",表水,0.5,總磷,TP,0.015,mg/L,
2136,日月潭水庫三,日月潭水庫,南投縣,魚池鄉,120.9286200,23.8507810,242729.34,2638499.56,"2026-04-07 10:53:00",表水,0.5,正磷酸鹽,PO4,-,mg/L,
2136,日月潭水庫三,日月潭水庫,南投縣,魚池鄉,120.9286200,23.8507810,242729.34,2638499.56,"2026-04-07 10:53:00",表水,0.5,溶氧飽和度,DOS,100.4,%,
2136,日月潭水庫三,日月潭水庫,南投縣,魚池鄉,120.9286200,23.8507810,242729.34,2638499.56,"2026-04-07 10:53:00",表水,0.5,溶氧(滴定法),DO2,-,mg/L,
2136,日月潭水庫三,日月潭水庫,南投縣,魚池鄉,120.9286200,23.8507810,242729.34,2638499.56,"2026-04-07 10:53:00",表水,0.5,總鹼度,TAlk,-,mg/L,
2136,日月潭水庫三,日月潭水庫,南投縣,魚池鄉,120.9286200,23.8507810,242729.34,2638499.56,"2026-04-07 10:53:00",表水,0.5,總硬度,TH,-,mg/L,
2136,日月潭水庫三,日月潭水庫,南投縣,魚池鄉,120.9286200,23.8507810,242729.34,2638499.56,"2026-04-07 10:53:00",表水,0.5,總氮,TN,0.31,mg/L,
2136,日月潭水庫三,日月潭水庫,南投縣,魚池鄉,120.9286200,23.8507810,242729.34,2638499.56,"2026-04-07 10:53:00",表水,0.5,亞硝酸鹽氮,NO2_N,-,mg/L,
2136,日月潭水庫三,日月潭水庫,南投縣,魚池鄉,120.9286200,23.8507810,242729.34,2638499.56,"2026-04-07 10:53:00",表水,0.5,硝酸鹽氮,NO3_N,-,mg/L,
2136,日月潭水庫三,日月潭水庫,南投縣,魚池鄉,120.9286200,23.8507810,242729.34,2638499.56,"2026-04-07 10:53:00",表水,0.5,總凱氏氮,TKN,-,mg/L,
2136,日月潭水庫三,日月潭水庫,南投縣,魚池鄉,120.9286200,23.8507810,242729.34,2638499.56,"2026-04-07 10:53:00",表水,0.5,有機氮,Norg,-,mg/L,
2136,日月潭水庫三,日月潭水庫,南投縣,魚池鄉,120.9286200,23.8507810,242729.34,2638499.56,"2026-04-07 10:53:00",表水,0.5,氨氮,NH3_N,<0.01,mg/L,
2136,日月潭水庫三,日月潭水庫,南投縣,魚池鄉,120.9286200,23.8507810,242729.34,2638499.56,"2026-04-07 10:53:00",表水,0.5,總有機碳,TOC,0.62,mg/L,
2136,日月潭水庫三,日月潭水庫,南投縣,魚池鄉,120.9286200,23.8507810,242729.34,2638499.56,"2026-04-07 10:53:00",表水,0.5,化學需氧量,COD,<4.0,mg/L,
2136,日月潭水庫三,日月潭水庫,南投縣,魚池鄉,120.9286200,23.8507810,242729.34,2638499.56,"2026-04-07 10:53:00",表水,0.5,溶氧(電極法),DO,7.8,mg/L,
2136,日月潭水庫三,日月潭水庫,南投縣,魚池鄉,120.9286200,23.8507810,242729.34,2638499.56,"2026-04-07 10:53:00",表水,0.5,懸浮固體,SS,2.8,mg/L,
2136,日月潭水庫三,日月潭水庫,南投縣,魚池鄉,120.9286200,23.8507810,242729.34,2638499.56,"2026-04-07 10:53:00",表水,0.5,氣溫,TMP,26.5,℃,
2136,日月潭水庫三,日月潭水庫,南投縣,魚池鄉,120.9286200,23.8507810,242729.34,2638499.56,"2026-04-07 10:53:00",表水,0.5,採樣深度,SampleDepth,0.5,m,
2136,日月潭水庫三,日月潭水庫,南投縣,魚池鄉,120.9286200,23.8507810,242729.34,2638499.56,"2026-04-07 10:53:00",表水,0.5,導電度,EC,476,μmho/cm25℃,
2136,日月潭水庫三,日月潭水庫,南投縣,魚池鄉,120.9286200,23.8507810,242729.34,2638499.56,"2026-04-07 10:53:00",表水,0.5,濁度,TB,2.4,NTU,
2136,日月潭水庫三,日月潭水庫,南投縣,魚池鄉,120.9286200,23.8507810,242729.34,2638499.56,"2026-04-07 10:53:00",表水,0.5,酸鹼值,pH,8.34," ",
2136,日月潭水庫三,日月潭水庫,南投縣,魚池鄉,120.9286200,23.8507810,242729.34,2638499.56,"2026-04-07 10:53:00",表水,0.5,透明度,SD,1.8,m,
2136,日月潭水庫三,日月潭水庫,南投縣,魚池鄉,120.9286200,23.8507810,242729.34,2638499.56,"2026-04-07 10:53:00",表水,0.5,水溫,WT,23.4,℃,
2136,日月潭水庫三,日月潭水庫,南投縣,魚池鄉,120.9286200,23.8507810,242729.34,2638499.56,"2026-04-07 10:53:00",表水,0.5,卡爾森指數,CTSI,45,,
2135,日月潭水庫二,日月潭水庫,南投縣,魚池鄉,120.9205750,23.8678090,241910.95,2640385.76,"2026-04-07 11:12:00",表水,0.5,葉綠素a,Chl_a,1.9,μg/L,
2135,日月潭水庫二,日月潭水庫,南投縣,魚池鄉,120.9205750,23.8678090,241910.95,2640385.76,"2026-04-07 11:12:00",表水,0.5,總磷,TP,0.008,mg/L,
2135,日月潭水庫二,日月潭水庫,南投縣,魚池鄉,120.9205750,23.8678090,241910.95,2640385.76,"2026-04-07 11:12:00",表水,0.5,正磷酸鹽,PO4,-,mg/L,
2135,日月潭水庫二,日月潭水庫,南投縣,魚池鄉,120.9205750,23.8678090,241910.95,2640385.76,"2026-04-07 11:12:00",表水,0.5,溶氧飽和度,DOS,97.0,%,
2135,日月潭水庫二,日月潭水庫,南投縣,魚池鄉,120.9205750,23.8678090,241910.95,2640385.76,"2026-04-07 11:12:00",表水,0.5,溶氧(滴定法),DO2,-,mg/L,
2135,日月潭水庫二,日月潭水庫,南投縣,魚池鄉,120.9205750,23.8678090,241910.95,2640385.76,"2026-04-07 11:12:00",表水,0.5,總鹼度,TAlk,-,mg/L,
2135,日月潭水庫二,日月潭水庫,南投縣,魚池鄉,120.9205750,23.8678090,241910.95,2640385.76,"2026-04-07 11:12:00",表水,0.5,總硬度,TH,-,mg/L,
2135,日月潭水庫二,日月潭水庫,南投縣,魚池鄉,120.9205750,23.8678090,241910.95,2640385.76,"2026-04-07 11:12:00",表水,0.5,總氮,TN,0.33,mg/L,
2135,日月潭水庫二,日月潭水庫,南投縣,魚池鄉,120.9205750,23.8678090,241910.95,2640385.76,"2026-04-07 11:12:00",表水,0.5,亞硝酸鹽氮,NO2_N,-,mg/L,
2135,日月潭水庫二,日月潭水庫,南投縣,魚池鄉,120.9205750,23.8678090,241910.95,2640385.76,"2026-04-07 11:12:00",表水,0.5,硝酸鹽氮,NO3_N,-,mg/L,
2135,日月潭水庫二,日月潭水庫,南投縣,魚池鄉,120.9205750,23.8678090,241910.95,2640385.76,"2026-04-07 11:12:00",表水,0.5,總凱氏氮,TKN,-,mg/L,
2135,日月潭水庫二,日月潭水庫,南投縣,魚池鄉,120.9205750,23.8678090,241910.95,2640385.76,"2026-04-07 11:12:00",表水,0.5,有機氮,Norg,-,mg/L,
2135,日月潭水庫二,日月潭水庫,南投縣,魚池鄉,120.9205750,23.8678090,241910.95,2640385.76,"2026-04-07 11:12:00",表水,0.5,氨氮,NH3_N,<0.01,mg/L,
2135,日月潭水庫二,日月潭水庫,南投縣,魚池鄉,120.9205750,23.8678090,241910.95,2640385.76,"2026-04-07 11:12:00",表水,0.5,總有機碳,TOC,0.61,mg/L,
2135,日月潭水庫二,日月潭水庫,南投縣,魚池鄉,120.9205750,23.8678090,241910.95,2640385.76,"2026-04-07 11:12:00",表水,0.5,化學需氧量,COD,<4.0,mg/L,
2135,日月潭水庫二,日月潭水庫,南投縣,魚池鄉,120.9205750,23.8678090,241910.95,2640385.76,"2026-04-07 11:12:00",表水,0.5,溶氧(電極法),DO,7.6,mg/L,
2135,日月潭水庫二,日月潭水庫,南投縣,魚池鄉,120.9205750,23.8678090,241910.95,2640385.76,"2026-04-07 11:12:00",表水,0.5,懸浮固體,SS,1.9,mg/L,
2135,日月潭水庫二,日月潭水庫,南投縣,魚池鄉,120.9205750,23.8678090,241910.95,2640385.76,"2026-04-07 11:12:00",表水,0.5,氣溫,TMP,26.5,℃,
2135,日月潭水庫二,日月潭水庫,南投縣,魚池鄉,120.9205750,23.8678090,241910.95,2640385.76,"2026-04-07 11:12:00",表水,0.5,採樣深度,SampleDepth,0.5,m,
2135,日月潭水庫二,日月潭水庫,南投縣,魚池鄉,120.9205750,23.8678090,241910.95,2640385.76,"2026-04-07 11:12:00",表水,0.5,導電度,EC,475,μmho/cm25℃,
2135,日月潭水庫二,日月潭水庫,南投縣,魚池鄉,120.9205750,23.8678090,241910.95,2640385.76,"2026-04-07 11:12:00",表水,0.5,濁度,TB,1.5,NTU,
2135,日月潭水庫二,日月潭水庫,南投縣,魚池鄉,120.9205750,23.8678090,241910.95,2640385.76,"2026-04-07 11:12:00",表水,0.5,酸鹼值,pH,8.32," ",
2135,日月潭水庫二,日月潭水庫,南投縣,魚池鄉,120.9205750,23.8678090,241910.95,2640385.76,"2026-04-07 11:12:00",表水,0.5,透明度,SD,2.2,m,
2135,日月潭水庫二,日月潭水庫,南投縣,魚池鄉,120.9205750,23.8678090,241910.95,2640385.76,"2026-04-07 11:12:00",表水,0.5,水溫,WT,23.1,℃,
2135,日月潭水庫二,日月潭水庫,南投縣,魚池鄉,120.9205750,23.8678090,241910.95,2640385.76,"2026-04-07 11:12:00",表水,0.5,卡爾森指數,CTSI,40,,
2134,日月潭水庫一,日月潭水庫,南投縣,魚池鄉,120.9104960,23.8608880,240883.96,2639619.91,"2026-04-07 09:50:00",表水,0.5,葉綠素a,Chl_a,2.6,μg/L,
2134,日月潭水庫一,日月潭水庫,南投縣,魚池鄉,120.9104960,23.8608880,240883.96,2639619.91,"2026-04-07 09:50:00",表水,0.5,總磷,TP,0.014,mg/L,
2134,日月潭水庫一,日月潭水庫,南投縣,魚池鄉,120.9104960,23.8608880,240883.96,2639619.91,"2026-04-07 09:50:00",表水,0.5,正磷酸鹽,PO4,-,mg/L,
2134,日月潭水庫一,日月潭水庫,南投縣,魚池鄉,120.9104960,23.8608880,240883.96,2639619.91,"2026-04-07 09:50:00",表水,0.5,溶氧飽和度,DOS,98.6,%,
2134,日月潭水庫一,日月潭水庫,南投縣,魚池鄉,120.9104960,23.8608880,240883.96,2639619.91,"2026-04-07 09:50:00",表水,0.5,溶氧(滴定法),DO2,-,mg/L,
2134,日月潭水庫一,日月潭水庫,南投縣,魚池鄉,120.9104960,23.8608880,240883.96,2639619.91,"2026-04-07 09:50:00",表水,0.5,總鹼度,TAlk,-,mg/L,
2134,日月潭水庫一,日月潭水庫,南投縣,魚池鄉,120.9104960,23.8608880,240883.96,2639619.91,"2026-04-07 09:50:00",表水,0.5,總硬度,TH,-,mg/L,
2134,日月潭水庫一,日月潭水庫,南投縣,魚池鄉,120.9104960,23.8608880,240883.96,2639619.91,"2026-04-07 09:50:00",表水,0.5,總氮,TN,0.30,mg/L,
2134,日月潭水庫一,日月潭水庫,南投縣,魚池鄉,120.9104960,23.8608880,240883.96,2639619.91,"2026-04-07 09:50:00",表水,0.5,亞硝酸鹽氮,NO2_N,-,mg/L,
2134,日月潭水庫一,日月潭水庫,南投縣,魚池鄉,120.9104960,23.8608880,240883.96,2639619.91,"2026-04-07 09:50:00",表水,0.5,硝酸鹽氮,NO3_N,-,mg/L,
2134,日月潭水庫一,日月潭水庫,南投縣,魚池鄉,120.9104960,23.8608880,240883.96,2639619.91,"2026-04-07 09:50:00",表水,0.5,總凱氏氮,TKN,-,mg/L,
2134,日月潭水庫一,日月潭水庫,南投縣,魚池鄉,120.9104960,23.8608880,240883.96,2639619.91,"2026-04-07 09:50:00",表水,0.5,有機氮,Norg,-,mg/L,
2134,日月潭水庫一,日月潭水庫,南投縣,魚池鄉,120.9104960,23.8608880,240883.96,2639619.91,"2026-04-07 09:50:00",表水,0.5,氨氮,NH3_N,0.01,mg/L,
2134,日月潭水庫一,日月潭水庫,南投縣,魚池鄉,120.9104960,23.8608880,240883.96,2639619.91,"2026-04-07 09:50:00",表水,0.5,總有機碳,TOC,0.67,mg/L,
2134,日月潭水庫一,日月潭水庫,南投縣,魚池鄉,120.9104960,23.8608880,240883.96,2639619.91,"2026-04-07 09:50:00",表水,0.5,化學需氧量,COD,<4.0,mg/L,
2134,日月潭水庫一,日月潭水庫,南投縣,魚池鄉,120.9104960,23.8608880,240883.96,2639619.91,"2026-04-07 09:50:00",表水,0.5,溶氧(電極法),DO,7.7,mg/L,
2134,日月潭水庫一,日月潭水庫,南投縣,魚池鄉,120.9104960,23.8608880,240883.96,2639619.91,"2026-04-07 09:50:00",表水,0.5,懸浮固體,SS,2.2,mg/L,
2134,日月潭水庫一,日月潭水庫,南投縣,魚池鄉,120.9104960,23.8608880,240883.96,2639619.91,"2026-04-07 09:50:00",表水,0.5,氣溫,TMP,22.0,℃,
2134,日月潭水庫一,日月潭水庫,南投縣,魚池鄉,120.9104960,23.8608880,240883.96,2639619.91,"2026-04-07 09:50:00",表水,0.5,採樣深度,SampleDepth,0.5,m,
2134,日月潭水庫一,日月潭水庫,南投縣,魚池鄉,120.9104960,23.8608880,240883.96,2639619.91,"2026-04-07 09:50:00",表水,0.5,導電度,EC,493,μmho/cm25℃,
2134,日月潭水庫一,日月潭水庫,南投縣,魚池鄉,120.9104960,23.8608880,240883.96,2639619.91,"2026-04-07 09:50:00",表水,0.5,濁度,TB,1.1,NTU,
2134,日月潭水庫一,日月潭水庫,南投縣,魚池鄉,120.9104960,23.8608880,240883.96,2639619.91,"2026-04-07 09:50:00",表水,0.5,酸鹼值,pH,8.27," ",
2134,日月潭水庫一,日月潭水庫,南投縣,魚池鄉,120.9104960,23.8608880,240883.96,2639619.91,"2026-04-07 09:50:00",表水,0.5,透明度,SD,2.2,m,
2134,日月潭水庫一,日月潭水庫,南投縣,魚池鄉,120.9104960,23.8608880,240883.96,2639619.91,"2026-04-07 09:50:00",表水,0.5,水溫,WT,23.4,℃,
2134,日月潭水庫一,日月潭水庫,南投縣,魚池鄉,120.9104960,23.8608880,240883.96,2639619.91,"2026-04-07 09:50:00",表水,0.5,卡爾森指數,CTSI,44,,
2104,寶山水庫四,寶山水庫,新竹縣,寶山鄉,121.0425833,24.7472778,254307.11,2737786.74,"2026-05-12 11:06:11",表水,0.5,葉綠素a,Chl_a,4.2,μg/L,
2104,寶山水庫四,寶山水庫,新竹縣,寶山鄉,121.0425833,24.7472778,254307.11,2737786.74,"2026-05-12 11:06:11",表水,0.5,總磷,TP,0.015,mg/L,
2104,寶山水庫四,寶山水庫,新竹縣,寶山鄉,121.0425833,24.7472778,254307.11,2737786.74,"2026-05-12 11:06:11",表水,0.5,正磷酸鹽,PO4,-,mg/L,
2104,寶山水庫四,寶山水庫,新竹縣,寶山鄉,121.0425833,24.7472778,254307.11,2737786.74,"2026-05-12 11:06:11",表水,0.5,溶氧飽和度,DOS,149.0,%,
2104,寶山水庫四,寶山水庫,新竹縣,寶山鄉,121.0425833,24.7472778,254307.11,2737786.74,"2026-05-12 11:06:11",表水,0.5,溶氧(滴定法),DO2,-,mg/L,
2104,寶山水庫四,寶山水庫,新竹縣,寶山鄉,121.0425833,24.7472778,254307.11,2737786.74,"2026-05-12 11:06:11",表水,0.5,總鹼度,TAlk,-,mg/L,
2104,寶山水庫四,寶山水庫,新竹縣,寶山鄉,121.0425833,24.7472778,254307.11,2737786.74,"2026-05-12 11:06:11",表水,0.5,總硬度,TH,-,mg/L,
2104,寶山水庫四,寶山水庫,新竹縣,寶山鄉,121.0425833,24.7472778,254307.11,2737786.74,"2026-05-12 11:06:11",表水,0.5,總氮,TN,<0.20,mg/L,
2104,寶山水庫四,寶山水庫,新竹縣,寶山鄉,121.0425833,24.7472778,254307.11,2737786.74,"2026-05-12 11:06:11",表水,0.5,亞硝酸鹽氮,NO2_N,-,mg/L,
2104,寶山水庫四,寶山水庫,新竹縣,寶山鄉,121.0425833,24.7472778,254307.11,2737786.74,"2026-05-12 11:06:11",表水,0.5,硝酸鹽氮,NO3_N,-,mg/L,
2104,寶山水庫四,寶山水庫,新竹縣,寶山鄉,121.0425833,24.7472778,254307.11,2737786.74,"2026-05-12 11:06:11",表水,0.5,總凱氏氮,TKN,-,mg/L,
2104,寶山水庫四,寶山水庫,新竹縣,寶山鄉,121.0425833,24.7472778,254307.11,2737786.74,"2026-05-12 11:06:11",表水,0.5,有機氮,Norg,-,mg/L,
2104,寶山水庫四,寶山水庫,新竹縣,寶山鄉,121.0425833,24.7472778,254307.11,2737786.74,"2026-05-12 11:06:11",表水,0.5,氨氮,NH3_N,0.05,mg/L,
2104,寶山水庫四,寶山水庫,新竹縣,寶山鄉,121.0425833,24.7472778,254307.11,2737786.74,"2026-05-12 11:06:11",表水,0.5,總有機碳,TOC,1.41,mg/L,
2104,寶山水庫四,寶山水庫,新竹縣,寶山鄉,121.0425833,24.7472778,254307.11,2737786.74,"2026-05-12 11:06:11",表水,0.5,化學需氧量,COD,7.1,mg/L,
2104,寶山水庫四,寶山水庫,新竹縣,寶山鄉,121.0425833,24.7472778,254307.11,2737786.74,"2026-05-12 11:06:11",表水,0.5,溶氧(電極法),DO,11.9,mg/L,
2104,寶山水庫四,寶山水庫,新竹縣,寶山鄉,121.0425833,24.7472778,254307.11,2737786.74,"2026-05-12 11:06:11",表水,0.5,懸浮固體,SS,3.9,mg/L,
2104,寶山水庫四,寶山水庫,新竹縣,寶山鄉,121.0425833,24.7472778,254307.11,2737786.74,"2026-05-12 11:06:11",表水,0.5,氣溫,TMP,29.3,℃,
2104,寶山水庫四,寶山水庫,新竹縣,寶山鄉,121.0425833,24.7472778,254307.11,2737786.74,"2026-05-12 11:06:11",表水,0.5,採樣深度,SampleDepth,0.5,m,
2104,寶山水庫四,寶山水庫,新竹縣,寶山鄉,121.0425833,24.7472778,254307.11,2737786.74,"2026-05-12 11:06:11",表水,0.5,導電度,EC,271,μmho/cm25℃,
2104,寶山水庫四,寶山水庫,新竹縣,寶山鄉,121.0425833,24.7472778,254307.11,2737786.74,"2026-05-12 11:06:11",表水,0.5,濁度,TB,2.7,NTU,
2104,寶山水庫四,寶山水庫,新竹縣,寶山鄉,121.0425833,24.7472778,254307.11,2737786.74,"2026-05-12 11:06:11",表水,0.5,酸鹼值,pH,9.07," ",
2104,寶山水庫四,寶山水庫,新竹縣,寶山鄉,121.0425833,24.7472778,254307.11,2737786.74,"2026-05-12 11:06:11",表水,0.5,透明度,SD,1.8,m,
2104,寶山水庫四,寶山水庫,新竹縣,寶山鄉,121.0425833,24.7472778,254307.11,2737786.74,"2026-05-12 11:06:11",表水,0.5,水溫,WT,25.6,℃,
2104,寶山水庫四,寶山水庫,新竹縣,寶山鄉,121.0425833,24.7472778,254307.11,2737786.74,"2026-05-12 11:06:11",表水,0.5,卡爾森指數,CTSI,46,,
2103,寶山水庫三,寶山水庫,新竹縣,寶山鄉,121.0440100,24.7418200,254451.61,2737182.29,"2026-05-12 10:51:32",表水,0.5,葉綠素a,Chl_a,9.1,μg/L,
2103,寶山水庫三,寶山水庫,新竹縣,寶山鄉,121.0440100,24.7418200,254451.61,2737182.29,"2026-05-12 10:51:32",表水,0.5,總磷,TP,0.022,mg/L,
2103,寶山水庫三,寶山水庫,新竹縣,寶山鄉,121.0440100,24.7418200,254451.61,2737182.29,"2026-05-12 10:51:32",表水,0.5,正磷酸鹽,PO4,-,mg/L,
2103,寶山水庫三,寶山水庫,新竹縣,寶山鄉,121.0440100,24.7418200,254451.61,2737182.29,"2026-05-12 10:51:32",表水,0.5,溶氧飽和度,DOS,142.2,%,
2103,寶山水庫三,寶山水庫,新竹縣,寶山鄉,121.0440100,24.7418200,254451.61,2737182.29,"2026-05-12 10:51:32",表水,0.5,溶氧(滴定法),DO2,-,mg/L,
2103,寶山水庫三,寶山水庫,新竹縣,寶山鄉,121.0440100,24.7418200,254451.61,2737182.29,"2026-05-12 10:51:32",表水,0.5,總鹼度,TAlk,-,mg/L,
2103,寶山水庫三,寶山水庫,新竹縣,寶山鄉,121.0440100,24.7418200,254451.61,2737182.29,"2026-05-12 10:51:32",表水,0.5,總硬度,TH,-,mg/L,
2103,寶山水庫三,寶山水庫,新竹縣,寶山鄉,121.0440100,24.7418200,254451.61,2737182.29,"2026-05-12 10:51:32",表水,0.5,總氮,TN,<0.20,mg/L,
2103,寶山水庫三,寶山水庫,新竹縣,寶山鄉,121.0440100,24.7418200,254451.61,2737182.29,"2026-05-12 10:51:32",表水,0.5,亞硝酸鹽氮,NO2_N,-,mg/L,
2103,寶山水庫三,寶山水庫,新竹縣,寶山鄉,121.0440100,24.7418200,254451.61,2737182.29,"2026-05-12 10:51:32",表水,0.5,硝酸鹽氮,NO3_N,-,mg/L,
2103,寶山水庫三,寶山水庫,新竹縣,寶山鄉,121.0440100,24.7418200,254451.61,2737182.29,"2026-05-12 10:51:32",表水,0.5,總凱氏氮,TKN,-,mg/L,
2103,寶山水庫三,寶山水庫,新竹縣,寶山鄉,121.0440100,24.7418200,254451.61,2737182.29,"2026-05-12 10:51:32",表水,0.5,有機氮,Norg,-,mg/L,
2103,寶山水庫三,寶山水庫,新竹縣,寶山鄉,121.0440100,24.7418200,254451.61,2737182.29,"2026-05-12 10:51:32",表水,0.5,氨氮,NH3_N,0.04,mg/L,
2103,寶山水庫三,寶山水庫,新竹縣,寶山鄉,121.0440100,24.7418200,254451.61,2737182.29,"2026-05-12 10:51:32",表水,0.5,總有機碳,TOC,1.62,mg/L,
2103,寶山水庫三,寶山水庫,新竹縣,寶山鄉,121.0440100,24.7418200,254451.61,2737182.29,"2026-05-12 10:51:32",表水,0.5,化學需氧量,COD,7.1,mg/L,
2103,寶山水庫三,寶山水庫,新竹縣,寶山鄉,121.0440100,24.7418200,254451.61,2737182.29,"2026-05-12 10:51:32",表水,0.5,溶氧(電極法),DO,11.4,mg/L,
2103,寶山水庫三,寶山水庫,新竹縣,寶山鄉,121.0440100,24.7418200,254451.61,2737182.29,"2026-05-12 10:51:32",表水,0.5,懸浮固體,SS,4.8,mg/L,
2103,寶山水庫三,寶山水庫,新竹縣,寶山鄉,121.0440100,24.7418200,254451.61,2737182.29,"2026-05-12 10:51:32",表水,0.5,氣溫,TMP,29.0,℃,
2103,寶山水庫三,寶山水庫,新竹縣,寶山鄉,121.0440100,24.7418200,254451.61,2737182.29,"2026-05-12 10:51:32",表水,0.5,採樣深度,SampleDepth,0.5,m,
2103,寶山水庫三,寶山水庫,新竹縣,寶山鄉,121.0440100,24.7418200,254451.61,2737182.29,"2026-05-12 10:51:32",表水,0.5,導電度,EC,271,μmho/cm25℃,
2103,寶山水庫三,寶山水庫,新竹縣,寶山鄉,121.0440100,24.7418200,254451.61,2737182.29,"2026-05-12 10:51:32",表水,0.5,濁度,TB,3.4,NTU,
2103,寶山水庫三,寶山水庫,新竹縣,寶山鄉,121.0440100,24.7418200,254451.61,2737182.29,"2026-05-12 10:51:32",表水,0.5,酸鹼值,pH,8.98," ",
2103,寶山水庫三,寶山水庫,新竹縣,寶山鄉,121.0440100,24.7418200,254451.61,2737182.29,"2026-05-12 10:51:32",表水,0.5,透明度,SD,1.6,m,
2103,寶山水庫三,寶山水庫,新竹縣,寶山鄉,121.0440100,24.7418200,254451.61,2737182.29,"2026-05-12 10:51:32",表水,0.5,水溫,WT,25.5,℃,
2103,寶山水庫三,寶山水庫,新竹縣,寶山鄉,121.0440100,24.7418200,254451.61,2737182.29,"2026-05-12 10:51:32",表水,0.5,卡爾森指數,CTSI,51,,
2102,寶山水庫二,寶山水庫,新竹縣,寶山鄉,121.0466667,24.7487778,254720.07,2737953.01,"2026-05-12 10:33:35",表水,0.5,葉綠素a,Chl_a,8.1,μg/L,
2102,寶山水庫二,寶山水庫,新竹縣,寶山鄉,121.0466667,24.7487778,254720.07,2737953.01,"2026-05-12 10:33:35",表水,0.5,總磷,TP,0.013,mg/L,
2102,寶山水庫二,寶山水庫,新竹縣,寶山鄉,121.0466667,24.7487778,254720.07,2737953.01,"2026-05-12 10:33:35",表水,0.5,正磷酸鹽,PO4,-,mg/L,
2102,寶山水庫二,寶山水庫,新竹縣,寶山鄉,121.0466667,24.7487778,254720.07,2737953.01,"2026-05-12 10:33:35",表水,0.5,溶氧飽和度,DOS,151.5,%,
2102,寶山水庫二,寶山水庫,新竹縣,寶山鄉,121.0466667,24.7487778,254720.07,2737953.01,"2026-05-12 10:33:35",表水,0.5,溶氧(滴定法),DO2,-,mg/L,
2102,寶山水庫二,寶山水庫,新竹縣,寶山鄉,121.0466667,24.7487778,254720.07,2737953.01,"2026-05-12 10:33:35",表水,0.5,總鹼度,TAlk,-,mg/L,
2102,寶山水庫二,寶山水庫,新竹縣,寶山鄉,121.0466667,24.7487778,254720.07,2737953.01,"2026-05-12 10:33:35",表水,0.5,總硬度,TH,-,mg/L,
2102,寶山水庫二,寶山水庫,新竹縣,寶山鄉,121.0466667,24.7487778,254720.07,2737953.01,"2026-05-12 10:33:35",表水,0.5,總氮,TN,0.27,mg/L,
2102,寶山水庫二,寶山水庫,新竹縣,寶山鄉,121.0466667,24.7487778,254720.07,2737953.01,"2026-05-12 10:33:35",表水,0.5,亞硝酸鹽氮,NO2_N,-,mg/L,
2102,寶山水庫二,寶山水庫,新竹縣,寶山鄉,121.0466667,24.7487778,254720.07,2737953.01,"2026-05-12 10:33:35",表水,0.5,硝酸鹽氮,NO3_N,-,mg/L,
2102,寶山水庫二,寶山水庫,新竹縣,寶山鄉,121.0466667,24.7487778,254720.07,2737953.01,"2026-05-12 10:33:35",表水,0.5,總凱氏氮,TKN,-,mg/L,
2102,寶山水庫二,寶山水庫,新竹縣,寶山鄉,121.0466667,24.7487778,254720.07,2737953.01,"2026-05-12 10:33:35",表水,0.5,有機氮,Norg,-,mg/L,
2102,寶山水庫二,寶山水庫,新竹縣,寶山鄉,121.0466667,24.7487778,254720.07,2737953.01,"2026-05-12 10:33:35",表水,0.5,氨氮,NH3_N,0.06,mg/L,
2102,寶山水庫二,寶山水庫,新竹縣,寶山鄉,121.0466667,24.7487778,254720.07,2737953.01,"2026-05-12 10:33:35",表水,0.5,總有機碳,TOC,1.50,mg/L,
2102,寶山水庫二,寶山水庫,新竹縣,寶山鄉,121.0466667,24.7487778,254720.07,2737953.01,"2026-05-12 10:33:35",表水,0.5,化學需氧量,COD,6.8,mg/L,
2102,寶山水庫二,寶山水庫,新竹縣,寶山鄉,121.0466667,24.7487778,254720.07,2737953.01,"2026-05-12 10:33:35",表水,0.5,溶氧(電極法),DO,12.2,mg/L,
2102,寶山水庫二,寶山水庫,新竹縣,寶山鄉,121.0466667,24.7487778,254720.07,2737953.01,"2026-05-12 10:33:35",表水,0.5,懸浮固體,SS,7.2,mg/L,
2102,寶山水庫二,寶山水庫,新竹縣,寶山鄉,121.0466667,24.7487778,254720.07,2737953.01,"2026-05-12 10:33:35",表水,0.5,氣溫,TMP,28.2,℃,
2102,寶山水庫二,寶山水庫,新竹縣,寶山鄉,121.0466667,24.7487778,254720.07,2737953.01,"2026-05-12 10:33:35",表水,0.5,採樣深度,SampleDepth,0.5,m,
2102,寶山水庫二,寶山水庫,新竹縣,寶山鄉,121.0466667,24.7487778,254720.07,2737953.01,"2026-05-12 10:33:35",表水,0.5,導電度,EC,270,μmho/cm25℃,
2102,寶山水庫二,寶山水庫,新竹縣,寶山鄉,121.0466667,24.7487778,254720.07,2737953.01,"2026-05-12 10:33:35",表水,0.5,濁度,TB,3.8,NTU,
2102,寶山水庫二,寶山水庫,新竹縣,寶山鄉,121.0466667,24.7487778,254720.07,2737953.01,"2026-05-12 10:33:35",表水,0.5,酸鹼值,pH,9.14," ",
2102,寶山水庫二,寶山水庫,新竹縣,寶山鄉,121.0466667,24.7487778,254720.07,2737953.01,"2026-05-12 10:33:35",表水,0.5,透明度,SD,1.8,m,
2102,寶山水庫二,寶山水庫,新竹縣,寶山鄉,121.0466667,24.7487778,254720.07,2737953.01,"2026-05-12 10:33:35",表水,0.5,水溫,WT,25.2,℃,
2102,寶山水庫二,寶山水庫,新竹縣,寶山鄉,121.0466667,24.7487778,254720.07,2737953.01,"2026-05-12 10:33:35",表水,0.5,卡爾森指數,CTSI,48,,
2101,寶山水庫一,寶山水庫,新竹縣,寶山鄉,121.0559444,24.7461667,255658.57,2737664.16,"2026-05-12 10:17:51",表水,0.5,葉綠素a,Chl_a,18.1,μg/L,
2101,寶山水庫一,寶山水庫,新竹縣,寶山鄉,121.0559444,24.7461667,255658.57,2737664.16,"2026-05-12 10:17:51",表水,0.5,總磷,TP,0.025,mg/L,
2101,寶山水庫一,寶山水庫,新竹縣,寶山鄉,121.0559444,24.7461667,255658.57,2737664.16,"2026-05-12 10:17:51",表水,0.5,正磷酸鹽,PO4,-,mg/L,
2101,寶山水庫一,寶山水庫,新竹縣,寶山鄉,121.0559444,24.7461667,255658.57,2737664.16,"2026-05-12 10:17:51",表水,0.5,溶氧飽和度,DOS,146.2,%,
2101,寶山水庫一,寶山水庫,新竹縣,寶山鄉,121.0559444,24.7461667,255658.57,2737664.16,"2026-05-12 10:17:51",表水,0.5,溶氧(滴定法),DO2,-,mg/L,
2101,寶山水庫一,寶山水庫,新竹縣,寶山鄉,121.0559444,24.7461667,255658.57,2737664.16,"2026-05-12 10:17:51",表水,0.5,總鹼度,TAlk,-,mg/L,
2101,寶山水庫一,寶山水庫,新竹縣,寶山鄉,121.0559444,24.7461667,255658.57,2737664.16,"2026-05-12 10:17:51",表水,0.5,總硬度,TH,-,mg/L,
2101,寶山水庫一,寶山水庫,新竹縣,寶山鄉,121.0559444,24.7461667,255658.57,2737664.16,"2026-05-12 10:17:51",表水,0.5,總氮,TN,0.35,mg/L,
2101,寶山水庫一,寶山水庫,新竹縣,寶山鄉,121.0559444,24.7461667,255658.57,2737664.16,"2026-05-12 10:17:51",表水,0.5,亞硝酸鹽氮,NO2_N,-,mg/L,
2101,寶山水庫一,寶山水庫,新竹縣,寶山鄉,121.0559444,24.7461667,255658.57,2737664.16,"2026-05-12 10:17:51",表水,0.5,硝酸鹽氮,NO3_N,-,mg/L,
2101,寶山水庫一,寶山水庫,新竹縣,寶山鄉,121.0559444,24.7461667,255658.57,2737664.16,"2026-05-12 10:17:51",表水,0.5,總凱氏氮,TKN,-,mg/L,
2101,寶山水庫一,寶山水庫,新竹縣,寶山鄉,121.0559444,24.7461667,255658.57,2737664.16,"2026-05-12 10:17:51",表水,0.5,有機氮,Norg,-,mg/L,
2101,寶山水庫一,寶山水庫,新竹縣,寶山鄉,121.0559444,24.7461667,255658.57,2737664.16,"2026-05-12 10:17:51",表水,0.5,氨氮,NH3_N,0.03,mg/L,
2101,寶山水庫一,寶山水庫,新竹縣,寶山鄉,121.0559444,24.7461667,255658.57,2737664.16,"2026-05-12 10:17:51",表水,0.5,總有機碳,TOC,1.54,mg/L,
2101,寶山水庫一,寶山水庫,新竹縣,寶山鄉,121.0559444,24.7461667,255658.57,2737664.16,"2026-05-12 10:17:51",表水,0.5,化學需氧量,COD,8.2,mg/L,
2101,寶山水庫一,寶山水庫,新竹縣,寶山鄉,121.0559444,24.7461667,255658.57,2737664.16,"2026-05-12 10:17:51",表水,0.5,溶氧(電極法),DO,11.9,mg/L,
2101,寶山水庫一,寶山水庫,新竹縣,寶山鄉,121.0559444,24.7461667,255658.57,2737664.16,"2026-05-12 10:17:51",表水,0.5,懸浮固體,SS,5.1,mg/L,
2101,寶山水庫一,寶山水庫,新竹縣,寶山鄉,121.0559444,24.7461667,255658.57,2737664.16,"2026-05-12 10:17:51",表水,0.5,氣溫,TMP,28.0,℃,
2101,寶山水庫一,寶山水庫,新竹縣,寶山鄉,121.0559444,24.7461667,255658.57,2737664.16,"2026-05-12 10:17:51",表水,0.5,採樣深度,SampleDepth,0.5,m,
2101,寶山水庫一,寶山水庫,新竹縣,寶山鄉,121.0559444,24.7461667,255658.57,2737664.16,"2026-05-12 10:17:51",表水,0.5,導電度,EC,302,μmho/cm25℃,
2101,寶山水庫一,寶山水庫,新竹縣,寶山鄉,121.0559444,24.7461667,255658.57,2737664.16,"2026-05-12 10:17:51",表水,0.5,濁度,TB,3.5,NTU,
2101,寶山水庫一,寶山水庫,新竹縣,寶山鄉,121.0559444,24.7461667,255658.57,2737664.16,"2026-05-12 10:17:51",表水,0.5,酸鹼值,pH,9.06," ",
2101,寶山水庫一,寶山水庫,新竹縣,寶山鄉,121.0559444,24.7461667,255658.57,2737664.16,"2026-05-12 10:17:51",表水,0.5,透明度,SD,1.6,m,
2101,寶山水庫一,寶山水庫,新竹縣,寶山鄉,121.0559444,24.7461667,255658.57,2737664.16,"2026-05-12 10:17:51",表水,0.5,水溫,WT,25.0,℃,
2101,寶山水庫一,寶山水庫,新竹縣,寶山鄉,121.0559444,24.7461667,255658.57,2737664.16,"2026-05-12 10:17:51",表水,0.5,卡爾森指數,CTSI,54,,
2100,石門水庫五,石門水庫,桃園市,大溪區,121.2651804,24.8108101,278880.84,2745440.17,"2026-05-04 10:04:41",表水,0.5,葉綠素a,Chl_a,6.0,μg/L,
2100,石門水庫五,石門水庫,桃園市,大溪區,121.2651804,24.8108101,278880.84,2745440.17,"2026-05-04 10:04:41",表水,0.5,總磷,TP,0.005,mg/L,
2100,石門水庫五,石門水庫,桃園市,大溪區,121.2651804,24.8108101,278880.84,2745440.17,"2026-05-04 10:04:41",表水,0.5,正磷酸鹽,PO4,-,mg/L,
2100,石門水庫五,石門水庫,桃園市,大溪區,121.2651804,24.8108101,278880.84,2745440.17,"2026-05-04 10:04:41",表水,0.5,溶氧飽和度,DOS,104.0,%,
2100,石門水庫五,石門水庫,桃園市,大溪區,121.2651804,24.8108101,278880.84,2745440.17,"2026-05-04 10:04:41",表水,0.5,溶氧(滴定法),DO2,-,mg/L,
2100,石門水庫五,石門水庫,桃園市,大溪區,121.2651804,24.8108101,278880.84,2745440.17,"2026-05-04 10:04:41",表水,0.5,總鹼度,TAlk,-,mg/L,
2100,石門水庫五,石門水庫,桃園市,大溪區,121.2651804,24.8108101,278880.84,2745440.17,"2026-05-04 10:04:41",表水,0.5,總硬度,TH,-,mg/L,
2100,石門水庫五,石門水庫,桃園市,大溪區,121.2651804,24.8108101,278880.84,2745440.17,"2026-05-04 10:04:41",表水,0.5,總氮,TN,0.22,mg/L,
2100,石門水庫五,石門水庫,桃園市,大溪區,121.2651804,24.8108101,278880.84,2745440.17,"2026-05-04 10:04:41",表水,0.5,亞硝酸鹽氮,NO2_N,-,mg/L,
2100,石門水庫五,石門水庫,桃園市,大溪區,121.2651804,24.8108101,278880.84,2745440.17,"2026-05-04 10:04:41",表水,0.5,硝酸鹽氮,NO3_N,-,mg/L,
2100,石門水庫五,石門水庫,桃園市,大溪區,121.2651804,24.8108101,278880.84,2745440.17,"2026-05-04 10:04:41",表水,0.5,總凱氏氮,TKN,-,mg/L,
2100,石門水庫五,石門水庫,桃園市,大溪區,121.2651804,24.8108101,278880.84,2745440.17,"2026-05-04 10:04:41",表水,0.5,有機氮,Norg,-,mg/L,
2100,石門水庫五,石門水庫,桃園市,大溪區,121.2651804,24.8108101,278880.84,2745440.17,"2026-05-04 10:04:41",表水,0.5,氨氮,NH3_N,0.05,mg/L,
2100,石門水庫五,石門水庫,桃園市,大溪區,121.2651804,24.8108101,278880.84,2745440.17,"2026-05-04 10:04:41",表水,0.5,總有機碳,TOC,0.84,mg/L,
2100,石門水庫五,石門水庫,桃園市,大溪區,121.2651804,24.8108101,278880.84,2745440.17,"2026-05-04 10:04:41",表水,0.5,化學需氧量,COD,6.6,mg/L,
2100,石門水庫五,石門水庫,桃園市,大溪區,121.2651804,24.8108101,278880.84,2745440.17,"2026-05-04 10:04:41",表水,0.5,溶氧(電極法),DO,8.7,mg/L,
2100,石門水庫五,石門水庫,桃園市,大溪區,121.2651804,24.8108101,278880.84,2745440.17,"2026-05-04 10:04:41",表水,0.5,懸浮固體,SS,2.8,mg/L,
2100,石門水庫五,石門水庫,桃園市,大溪區,121.2651804,24.8108101,278880.84,2745440.17,"2026-05-04 10:04:41",表水,0.5,氣溫,TMP,19.8,℃,
2100,石門水庫五,石門水庫,桃園市,大溪區,121.2651804,24.8108101,278880.84,2745440.17,"2026-05-04 10:04:41",表水,0.5,採樣深度,SampleDepth,0.5,m,
2100,石門水庫五,石門水庫,桃園市,大溪區,121.2651804,24.8108101,278880.84,2745440.17,"2026-05-04 10:04:41",表水,0.5,導電度,EC,234,μmho/cm25℃,
2100,石門水庫五,石門水庫,桃園市,大溪區,121.2651804,24.8108101,278880.84,2745440.17,"2026-05-04 10:04:41",表水,0.5,濁度,TB,3.0,NTU,
2100,石門水庫五,石門水庫,桃園市,大溪區,121.2651804,24.8108101,278880.84,2745440.17,"2026-05-04 10:04:41",表水,0.5,酸鹼值,pH,8.36," ",
2100,石門水庫五,石門水庫,桃園市,大溪區,121.2651804,24.8108101,278880.84,2745440.17,"2026-05-04 10:04:41",表水,0.5,透明度,SD,1.4,m,
2100,石門水庫五,石門水庫,桃園市,大溪區,121.2651804,24.8108101,278880.84,2745440.17,"2026-05-04 10:04:41",表水,0.5,水溫,WT,23.6,℃,
2100,石門水庫五,石門水庫,桃園市,大溪區,121.2651804,24.8108101,278880.84,2745440.17,"2026-05-04 10:04:41",表水,0.5,卡爾森指數,CTSI,44,,
2099,石門水庫四,石門水庫,桃園市,大溪區,121.2561111,24.8044722,275892.67,2744145.11,"2026-05-04 10:39:53",表水,0.5,葉綠素a,Chl_a,6.2,μg/L,
2099,石門水庫四,石門水庫,桃園市,大溪區,121.2561111,24.8044722,275892.67,2744145.11,"2026-05-04 10:39:53",表水,0.5,總磷,TP,0.010,mg/L,
2099,石門水庫四,石門水庫,桃園市,大溪區,121.2561111,24.8044722,275892.67,2744145.11,"2026-05-04 10:39:53",表水,0.5,正磷酸鹽,PO4,-,mg/L,
2099,石門水庫四,石門水庫,桃園市,大溪區,121.2561111,24.8044722,275892.67,2744145.11,"2026-05-04 10:39:53",表水,0.5,溶氧飽和度,DOS,113.2,%,
2099,石門水庫四,石門水庫,桃園市,大溪區,121.2561111,24.8044722,275892.67,2744145.11,"2026-05-04 10:39:53",表水,0.5,溶氧(滴定法),DO2,-,mg/L,
2099,石門水庫四,石門水庫,桃園市,大溪區,121.2561111,24.8044722,275892.67,2744145.11,"2026-05-04 10:39:53",表水,0.5,總鹼度,TAlk,-,mg/L,
2099,石門水庫四,石門水庫,桃園市,大溪區,121.2561111,24.8044722,275892.67,2744145.11,"2026-05-04 10:39:53",表水,0.5,總硬度,TH,-,mg/L,
2099,石門水庫四,石門水庫,桃園市,大溪區,121.2561111,24.8044722,275892.67,2744145.11,"2026-05-04 10:39:53",表水,0.5,總氮,TN,0.22,mg/L,
2099,石門水庫四,石門水庫,桃園市,大溪區,121.2561111,24.8044722,275892.67,2744145.11,"2026-05-04 10:39:53",表水,0.5,亞硝酸鹽氮,NO2_N,-,mg/L,
2099,石門水庫四,石門水庫,桃園市,大溪區,121.2561111,24.8044722,275892.67,2744145.11,"2026-05-04 10:39:53",表水,0.5,硝酸鹽氮,NO3_N,-,mg/L,
2099,石門水庫四,石門水庫,桃園市,大溪區,121.2561111,24.8044722,275892.67,2744145.11,"2026-05-04 10:39:53",表水,0.5,總凱氏氮,TKN,-,mg/L,
2099,石門水庫四,石門水庫,桃園市,大溪區,121.2561111,24.8044722,275892.67,2744145.11,"2026-05-04 10:39:53",表水,0.5,有機氮,Norg,-,mg/L,
2099,石門水庫四,石門水庫,桃園市,大溪區,121.2561111,24.8044722,275892.67,2744145.11,"2026-05-04 10:39:53",表水,0.5,氨氮,NH3_N,0.09,mg/L,
2099,石門水庫四,石門水庫,桃園市,大溪區,121.2561111,24.8044722,275892.67,2744145.11,"2026-05-04 10:39:53",表水,0.5,總有機碳,TOC,0.84,mg/L,
2099,石門水庫四,石門水庫,桃園市,大溪區,121.2561111,24.8044722,275892.67,2744145.11,"2026-05-04 10:39:53",表水,0.5,化學需氧量,COD,<4.0,mg/L,
2099,石門水庫四,石門水庫,桃園市,大溪區,121.2561111,24.8044722,275892.67,2744145.11,"2026-05-04 10:39:53",表水,0.5,溶氧(電極法),DO,9.3,mg/L,
2099,石門水庫四,石門水庫,桃園市,大溪區,121.2561111,24.8044722,275892.67,2744145.11,"2026-05-04 10:39:53",表水,0.5,懸浮固體,SS,2.4,mg/L,
2099,石門水庫四,石門水庫,桃園市,大溪區,121.2561111,24.8044722,275892.67,2744145.11,"2026-05-04 10:39:53",表水,0.5,氣溫,TMP,19.8,℃,
2099,石門水庫四,石門水庫,桃園市,大溪區,121.2561111,24.8044722,275892.67,2744145.11,"2026-05-04 10:39:53",表水,0.5,採樣深度,SampleDepth,0.5,m,
2099,石門水庫四,石門水庫,桃園市,大溪區,121.2561111,24.8044722,275892.67,2744145.11,"2026-05-04 10:39:53",表水,0.5,導電度,EC,228,μmho/cm25℃,
2099,石門水庫四,石門水庫,桃園市,大溪區,121.2561111,24.8044722,275892.67,2744145.11,"2026-05-04 10:39:53",表水,0.5,濁度,TB,3.4,NTU,
2099,石門水庫四,石門水庫,桃園市,大溪區,121.2561111,24.8044722,275892.67,2744145.11,"2026-05-04 10:39:53",表水,0.5,酸鹼值,pH,8.86," ",
2099,石門水庫四,石門水庫,桃園市,大溪區,121.2561111,24.8044722,275892.67,2744145.11,"2026-05-04 10:39:53",表水,0.5,透明度,SD,1.4,m,
2099,石門水庫四,石門水庫,桃園市,大溪區,121.2561111,24.8044722,275892.67,2744145.11,"2026-05-04 10:39:53",表水,0.5,水溫,WT,23.9,℃,
2099,石門水庫四,石門水庫,桃園市,大溪區,121.2561111,24.8044722,275892.67,2744145.11,"2026-05-04 10:39:53",表水,0.5,卡爾森指數,CTSI,47,,
2098,石門水庫三,石門水庫,桃園市,大溪區,121.2521389,24.8114444,275489.656836093,2744916.60407163,"2026-05-04 10:52:18",表水,0.5,葉綠素a,Chl_a,5.7,μg/L,
2098,石門水庫三,石門水庫,桃園市,大溪區,121.2521389,24.8114444,275489.656836093,2744916.60407163,"2026-05-04 10:52:18",表水,0.5,總磷,TP,0.008,mg/L,
2098,石門水庫三,石門水庫,桃園市,大溪區,121.2521389,24.8114444,275489.656836093,2744916.60407163,"2026-05-04 10:52:18",表水,0.5,正磷酸鹽,PO4,-,mg/L,
2098,石門水庫三,石門水庫,桃園市,大溪區,121.2521389,24.8114444,275489.656836093,2744916.60407163,"2026-05-04 10:52:18",表水,0.5,溶氧飽和度,DOS,113.7,%,
2098,石門水庫三,石門水庫,桃園市,大溪區,121.2521389,24.8114444,275489.656836093,2744916.60407163,"2026-05-04 10:52:18",表水,0.5,溶氧(滴定法),DO2,-,mg/L,
2098,石門水庫三,石門水庫,桃園市,大溪區,121.2521389,24.8114444,275489.656836093,2744916.60407163,"2026-05-04 10:52:18",表水,0.5,總鹼度,TAlk,-,mg/L,
2098,石門水庫三,石門水庫,桃園市,大溪區,121.2521389,24.8114444,275489.656836093,2744916.60407163,"2026-05-04 10:52:18",表水,0.5,總硬度,TH,-,mg/L,
2098,石門水庫三,石門水庫,桃園市,大溪區,121.2521389,24.8114444,275489.656836093,2744916.60407163,"2026-05-04 10:52:18",表水,0.5,總氮,TN,0.21,mg/L,
2098,石門水庫三,石門水庫,桃園市,大溪區,121.2521389,24.8114444,275489.656836093,2744916.60407163,"2026-05-04 10:52:18",表水,0.5,亞硝酸鹽氮,NO2_N,-,mg/L,
2098,石門水庫三,石門水庫,桃園市,大溪區,121.2521389,24.8114444,275489.656836093,2744916.60407163,"2026-05-04 10:52:18",表水,0.5,硝酸鹽氮,NO3_N,-,mg/L,
2098,石門水庫三,石門水庫,桃園市,大溪區,121.2521389,24.8114444,275489.656836093,2744916.60407163,"2026-05-04 10:52:18",表水,0.5,總凱氏氮,TKN,-,mg/L,
2098,石門水庫三,石門水庫,桃園市,大溪區,121.2521389,24.8114444,275489.656836093,2744916.60407163,"2026-05-04 10:52:18",表水,0.5,有機氮,Norg,-,mg/L,
2098,石門水庫三,石門水庫,桃園市,大溪區,121.2521389,24.8114444,275489.656836093,2744916.60407163,"2026-05-04 10:52:18",表水,0.5,氨氮,NH3_N,0.04,mg/L,
2098,石門水庫三,石門水庫,桃園市,大溪區,121.2521389,24.8114444,275489.656836093,2744916.60407163,"2026-05-04 10:52:18",表水,0.5,總有機碳,TOC,0.85,mg/L,
2098,石門水庫三,石門水庫,桃園市,大溪區,121.2521389,24.8114444,275489.656836093,2744916.60407163,"2026-05-04 10:52:18",表水,0.5,化學需氧量,COD,5.7,mg/L,
2098,石門水庫三,石門水庫,桃園市,大溪區,121.2521389,24.8114444,275489.656836093,2744916.60407163,"2026-05-04 10:52:18",表水,0.5,溶氧(電極法),DO,9.4,mg/L,
2098,石門水庫三,石門水庫,桃園市,大溪區,121.2521389,24.8114444,275489.656836093,2744916.60407163,"2026-05-04 10:52:18",表水,0.5,懸浮固體,SS,2.4,mg/L,
2098,石門水庫三,石門水庫,桃園市,大溪區,121.2521389,24.8114444,275489.656836093,2744916.60407163,"2026-05-04 10:52:18",表水,0.5,氣溫,TMP,21.0,℃,
2098,石門水庫三,石門水庫,桃園市,大溪區,121.2521389,24.8114444,275489.656836093,2744916.60407163,"2026-05-04 10:52:18",表水,0.5,採樣深度,SampleDepth,0.5,m,
2098,石門水庫三,石門水庫,桃園市,大溪區,121.2521389,24.8114444,275489.656836093,2744916.60407163,"2026-05-04 10:52:18",表水,0.5,導電度,EC,223,μmho/cm25℃,
2098,石門水庫三,石門水庫,桃園市,大溪區,121.2521389,24.8114444,275489.656836093,2744916.60407163,"2026-05-04 10:52:18",表水,0.5,濁度,TB,2.8,NTU,
2098,石門水庫三,石門水庫,桃園市,大溪區,121.2521389,24.8114444,275489.656836093,2744916.60407163,"2026-05-04 10:52:18",表水,0.5,酸鹼值,pH,8.88," ",
2098,石門水庫三,石門水庫,桃園市,大溪區,121.2521389,24.8114444,275489.656836093,2744916.60407163,"2026-05-04 10:52:18",表水,0.5,透明度,SD,1.6,m,
2098,石門水庫三,石門水庫,桃園市,大溪區,121.2521389,24.8114444,275489.656836093,2744916.60407163,"2026-05-04 10:52:18",表水,0.5,水溫,WT,23.9,℃,
2098,石門水庫三,石門水庫,桃園市,大溪區,121.2521389,24.8114444,275489.656836093,2744916.60407163,"2026-05-04 10:52:18",表水,0.5,卡爾森指數,CTSI,45,,
2097,石門水庫二,石門水庫,桃園市,大溪區,121.2456111,24.8101944,274829.983689763,2744776.95160632,"2026-05-04 11:04:20",表水,0.5,葉綠素a,Chl_a,12.5,μg/L,
2097,石門水庫二,石門水庫,桃園市,大溪區,121.2456111,24.8101944,274829.983689763,2744776.95160632,"2026-05-04 11:04:20",表水,0.5,總磷,TP,0.016,mg/L,
2097,石門水庫二,石門水庫,桃園市,大溪區,121.2456111,24.8101944,274829.983689763,2744776.95160632,"2026-05-04 11:04:20",表水,0.5,正磷酸鹽,PO4,-,mg/L,
2097,石門水庫二,石門水庫,桃園市,大溪區,121.2456111,24.8101944,274829.983689763,2744776.95160632,"2026-05-04 11:04:20",表水,0.5,溶氧飽和度,DOS,111.3,%,
2097,石門水庫二,石門水庫,桃園市,大溪區,121.2456111,24.8101944,274829.983689763,2744776.95160632,"2026-05-04 11:04:20",表水,0.5,溶氧(滴定法),DO2,-,mg/L,
2097,石門水庫二,石門水庫,桃園市,大溪區,121.2456111,24.8101944,274829.983689763,2744776.95160632,"2026-05-04 11:04:20",表水,0.5,總鹼度,TAlk,-,mg/L,
2097,石門水庫二,石門水庫,桃園市,大溪區,121.2456111,24.8101944,274829.983689763,2744776.95160632,"2026-05-04 11:04:20",表水,0.5,總硬度,TH,-,mg/L,
2097,石門水庫二,石門水庫,桃園市,大溪區,121.2456111,24.8101944,274829.983689763,2744776.95160632,"2026-05-04 11:04:20",表水,0.5,總氮,TN,0.26,mg/L,
2097,石門水庫二,石門水庫,桃園市,大溪區,121.2456111,24.8101944,274829.983689763,2744776.95160632,"2026-05-04 11:04:20",表水,0.5,亞硝酸鹽氮,NO2_N,-,mg/L,
2097,石門水庫二,石門水庫,桃園市,大溪區,121.2456111,24.8101944,274829.983689763,2744776.95160632,"2026-05-04 11:04:20",表水,0.5,硝酸鹽氮,NO3_N,-,mg/L,
2097,石門水庫二,石門水庫,桃園市,大溪區,121.2456111,24.8101944,274829.983689763,2744776.95160632,"2026-05-04 11:04:20",表水,0.5,總凱氏氮,TKN,-,mg/L,
2097,石門水庫二,石門水庫,桃園市,大溪區,121.2456111,24.8101944,274829.983689763,2744776.95160632,"2026-05-04 11:04:20",表水,0.5,有機氮,Norg,-,mg/L,
2097,石門水庫二,石門水庫,桃園市,大溪區,121.2456111,24.8101944,274829.983689763,2744776.95160632,"2026-05-04 11:04:20",表水,0.5,氨氮,NH3_N,0.04,mg/L,
2097,石門水庫二,石門水庫,桃園市,大溪區,121.2456111,24.8101944,274829.983689763,2744776.95160632,"2026-05-04 11:04:20",表水,0.5,總有機碳,TOC,0.83,mg/L,
2097,石門水庫二,石門水庫,桃園市,大溪區,121.2456111,24.8101944,274829.983689763,2744776.95160632,"2026-05-04 11:04:20",表水,0.5,化學需氧量,COD,4.3,mg/L,
2097,石門水庫二,石門水庫,桃園市,大溪區,121.2456111,24.8101944,274829.983689763,2744776.95160632,"2026-05-04 11:04:20",表水,0.5,溶氧(電極法),DO,9.1,mg/L,
2097,石門水庫二,石門水庫,桃園市,大溪區,121.2456111,24.8101944,274829.983689763,2744776.95160632,"2026-05-04 11:04:20",表水,0.5,懸浮固體,SS,2.2,mg/L,
2097,石門水庫二,石門水庫,桃園市,大溪區,121.2456111,24.8101944,274829.983689763,2744776.95160632,"2026-05-04 11:04:20",表水,0.5,氣溫,TMP,22.1,℃,
2097,石門水庫二,石門水庫,桃園市,大溪區,121.2456111,24.8101944,274829.983689763,2744776.95160632,"2026-05-04 11:04:20",表水,0.5,採樣深度,SampleDepth,0.5,m,
2097,石門水庫二,石門水庫,桃園市,大溪區,121.2456111,24.8101944,274829.983689763,2744776.95160632,"2026-05-04 11:04:20",表水,0.5,導電度,EC,224,μmho/cm25℃,
2097,石門水庫二,石門水庫,桃園市,大溪區,121.2456111,24.8101944,274829.983689763,2744776.95160632,"2026-05-04 11:04:20",表水,0.5,濁度,TB,2.9,NTU,
2097,石門水庫二,石門水庫,桃園市,大溪區,121.2456111,24.8101944,274829.983689763,2744776.95160632,"2026-05-04 11:04:20",表水,0.5,酸鹼值,pH,8.68," ",
2097,石門水庫二,石門水庫,桃園市,大溪區,121.2456111,24.8101944,274829.983689763,2744776.95160632,"2026-05-04 11:04:20",表水,0.5,透明度,SD,1.2,m,
2097,石門水庫二,石門水庫,桃園市,大溪區,121.2456111,24.8101944,274829.983689763,2744776.95160632,"2026-05-04 11:04:20",表水,0.5,水溫,WT,23.6,℃,
2097,石門水庫二,石門水庫,桃園市,大溪區,121.2456111,24.8101944,274829.983689763,2744776.95160632,"2026-05-04 11:04:20",表水,0.5,卡爾森指數,CTSI,52,,
2096,石門水庫一,石門水庫,桃園市,大溪區,121.2421667,24.8030000,274483.184758381,2743979.48089689,"2026-05-04 11:15:15",表水,0.5,葉綠素a,Chl_a,6.3,μg/L,
2096,石門水庫一,石門水庫,桃園市,大溪區,121.2421667,24.8030000,274483.184758381,2743979.48089689,"2026-05-04 11:15:15",表水,0.5,總磷,TP,0.014,mg/L,
2096,石門水庫一,石門水庫,桃園市,大溪區,121.2421667,24.8030000,274483.184758381,2743979.48089689,"2026-05-04 11:15:15",表水,0.5,正磷酸鹽,PO4,-,mg/L,
2096,石門水庫一,石門水庫,桃園市,大溪區,121.2421667,24.8030000,274483.184758381,2743979.48089689,"2026-05-04 11:15:15",表水,0.5,溶氧飽和度,DOS,108.2,%,
2096,石門水庫一,石門水庫,桃園市,大溪區,121.2421667,24.8030000,274483.184758381,2743979.48089689,"2026-05-04 11:15:15",表水,0.5,溶氧(滴定法),DO2,-,mg/L,
2096,石門水庫一,石門水庫,桃園市,大溪區,121.2421667,24.8030000,274483.184758381,2743979.48089689,"2026-05-04 11:15:15",表水,0.5,總鹼度,TAlk,-,mg/L,
2096,石門水庫一,石門水庫,桃園市,大溪區,121.2421667,24.8030000,274483.184758381,2743979.48089689,"2026-05-04 11:15:15",表水,0.5,總硬度,TH,-,mg/L,
2096,石門水庫一,石門水庫,桃園市,大溪區,121.2421667,24.8030000,274483.184758381,2743979.48089689,"2026-05-04 11:15:15",表水,0.5,總氮,TN,0.20,mg/L,
2096,石門水庫一,石門水庫,桃園市,大溪區,121.2421667,24.8030000,274483.184758381,2743979.48089689,"2026-05-04 11:15:15",表水,0.5,亞硝酸鹽氮,NO2_N,-,mg/L,
2096,石門水庫一,石門水庫,桃園市,大溪區,121.2421667,24.8030000,274483.184758381,2743979.48089689,"2026-05-04 11:15:15",表水,0.5,硝酸鹽氮,NO3_N,-,mg/L,
2096,石門水庫一,石門水庫,桃園市,大溪區,121.2421667,24.8030000,274483.184758381,2743979.48089689,"2026-05-04 11:15:15",表水,0.5,總凱氏氮,TKN,-,mg/L,
2096,石門水庫一,石門水庫,桃園市,大溪區,121.2421667,24.8030000,274483.184758381,2743979.48089689,"2026-05-04 11:15:15",表水,0.5,有機氮,Norg,-,mg/L,
2096,石門水庫一,石門水庫,桃園市,大溪區,121.2421667,24.8030000,274483.184758381,2743979.48089689,"2026-05-04 11:15:15",表水,0.5,氨氮,NH3_N,0.04,mg/L,
2096,石門水庫一,石門水庫,桃園市,大溪區,121.2421667,24.8030000,274483.184758381,2743979.48089689,"2026-05-04 11:15:15",表水,0.5,總有機碳,TOC,0.85,mg/L,
2096,石門水庫一,石門水庫,桃園市,大溪區,121.2421667,24.8030000,274483.184758381,2743979.48089689,"2026-05-04 11:15:15",表水,0.5,化學需氧量,COD,4.7,mg/L,
2096,石門水庫一,石門水庫,桃園市,大溪區,121.2421667,24.8030000,274483.184758381,2743979.48089689,"2026-05-04 11:15:15",表水,0.5,溶氧(電極法),DO,8.7,mg/L,
2096,石門水庫一,石門水庫,桃園市,大溪區,121.2421667,24.8030000,274483.184758381,2743979.48089689,"2026-05-04 11:15:15",表水,0.5,懸浮固體,SS,2.4,mg/L,
2096,石門水庫一,石門水庫,桃園市,大溪區,121.2421667,24.8030000,274483.184758381,2743979.48089689,"2026-05-04 11:15:15",表水,0.5,氣溫,TMP,22.3,℃,
2096,石門水庫一,石門水庫,桃園市,大溪區,121.2421667,24.8030000,274483.184758381,2743979.48089689,"2026-05-04 11:15:15",表水,0.5,採樣深度,SampleDepth,0.5,m,
2096,石門水庫一,石門水庫,桃園市,大溪區,121.2421667,24.8030000,274483.184758381,2743979.48089689,"2026-05-04 11:15:15",表水,0.5,導電度,EC,260,μmho/cm25℃,
2096,石門水庫一,石門水庫,桃園市,大溪區,121.2421667,24.8030000,274483.184758381,2743979.48089689,"2026-05-04 11:15:15",表水,0.5,濁度,TB,3.4,NTU,
2096,石門水庫一,石門水庫,桃園市,大溪區,121.2421667,24.8030000,274483.184758381,2743979.48089689,"2026-05-04 11:15:15",表水,0.5,酸鹼值,pH,8.72," ",
2096,石門水庫一,石門水庫,桃園市,大溪區,121.2421667,24.8030000,274483.184758381,2743979.48089689,"2026-05-04 11:15:15",表水,0.5,透明度,SD,1.2,m,
2096,石門水庫一,石門水庫,桃園市,大溪區,121.2421667,24.8030000,274483.184758381,2743979.48089689,"2026-05-04 11:15:15",表水,0.5,水溫,WT,23.5,℃,
2096,石門水庫一,石門水庫,桃園市,大溪區,121.2421667,24.8030000,274483.184758381,2743979.48089689,"2026-05-04 11:15:15",表水,0.5,卡爾森指數,CTSI,49,,
2095,翡翠水庫六,翡翠水庫,新北市,石碇區,121.6222770,24.9374720,312845.20,2758995.79,"2026-05-04 10:59:00",表水,0.5,葉綠素a,Chl_a,2.3,μg/L,
2095,翡翠水庫六,翡翠水庫,新北市,石碇區,121.6222770,24.9374720,312845.20,2758995.79,"2026-05-04 10:59:00",表水,0.5,總磷,TP,0.006,mg/L,
2095,翡翠水庫六,翡翠水庫,新北市,石碇區,121.6222770,24.9374720,312845.20,2758995.79,"2026-05-04 10:59:00",表水,0.5,正磷酸鹽,PO4,-,mg/L,
2095,翡翠水庫六,翡翠水庫,新北市,石碇區,121.6222770,24.9374720,312845.20,2758995.79,"2026-05-04 10:59:00",表水,0.5,溶氧飽和度,DOS,-,%,
2095,翡翠水庫六,翡翠水庫,新北市,石碇區,121.6222770,24.9374720,312845.20,2758995.79,"2026-05-04 10:59:00",表水,0.5,溶氧(滴定法),DO2,-,mg/L,
2095,翡翠水庫六,翡翠水庫,新北市,石碇區,121.6222770,24.9374720,312845.20,2758995.79,"2026-05-04 10:59:00",表水,0.5,總鹼度,TAlk,-,mg/L,
2095,翡翠水庫六,翡翠水庫,新北市,石碇區,121.6222770,24.9374720,312845.20,2758995.79,"2026-05-04 10:59:00",表水,0.5,總硬度,TH,-,mg/L,
2095,翡翠水庫六,翡翠水庫,新北市,石碇區,121.6222770,24.9374720,312845.20,2758995.79,"2026-05-04 10:59:00",表水,0.5,總氮,TN,-,mg/L,
2095,翡翠水庫六,翡翠水庫,新北市,石碇區,121.6222770,24.9374720,312845.20,2758995.79,"2026-05-04 10:59:00",表水,0.5,亞硝酸鹽氮,NO2_N,-,mg/L,
2095,翡翠水庫六,翡翠水庫,新北市,石碇區,121.6222770,24.9374720,312845.20,2758995.79,"2026-05-04 10:59:00",表水,0.5,硝酸鹽氮,NO3_N,-,mg/L,
2095,翡翠水庫六,翡翠水庫,新北市,石碇區,121.6222770,24.9374720,312845.20,2758995.79,"2026-05-04 10:59:00",表水,0.5,總凱氏氮,TKN,-,mg/L,
2095,翡翠水庫六,翡翠水庫,新北市,石碇區,121.6222770,24.9374720,312845.20,2758995.79,"2026-05-04 10:59:00",表水,0.5,有機氮,Norg,-,mg/L,
2095,翡翠水庫六,翡翠水庫,新北市,石碇區,121.6222770,24.9374720,312845.20,2758995.79,"2026-05-04 10:59:00",表水,0.5,氨氮,NH3_N,<0.01,mg/L,
2095,翡翠水庫六,翡翠水庫,新北市,石碇區,121.6222770,24.9374720,312845.20,2758995.79,"2026-05-04 10:59:00",表水,0.5,總有機碳,TOC,-,mg/L,
2095,翡翠水庫六,翡翠水庫,新北市,石碇區,121.6222770,24.9374720,312845.20,2758995.79,"2026-05-04 10:59:00",表水,0.5,化學需氧量,COD,<3.2,mg/L,
2095,翡翠水庫六,翡翠水庫,新北市,石碇區,121.6222770,24.9374720,312845.20,2758995.79,"2026-05-04 10:59:00",表水,0.5,溶氧(電極法),DO,8.8,mg/L,
2095,翡翠水庫六,翡翠水庫,新北市,石碇區,121.6222770,24.9374720,312845.20,2758995.79,"2026-05-04 10:59:00",表水,0.5,懸浮固體,SS,-,mg/L,
2095,翡翠水庫六,翡翠水庫,新北市,石碇區,121.6222770,24.9374720,312845.20,2758995.79,"2026-05-04 10:59:00",表水,0.5,氣溫,TMP,26.9,℃,
2095,翡翠水庫六,翡翠水庫,新北市,石碇區,121.6222770,24.9374720,312845.20,2758995.79,"2026-05-04 10:59:00",表水,0.5,採樣深度,SampleDepth,0.5,m,
2095,翡翠水庫六,翡翠水庫,新北市,石碇區,121.6222770,24.9374720,312845.20,2758995.79,"2026-05-04 10:59:00",表水,0.5,導電度,EC,70,μmho/cm25℃,
2095,翡翠水庫六,翡翠水庫,新北市,石碇區,121.6222770,24.9374720,312845.20,2758995.79,"2026-05-04 10:59:00",表水,0.5,濁度,TB,0.7,NTU,
2095,翡翠水庫六,翡翠水庫,新北市,石碇區,121.6222770,24.9374720,312845.20,2758995.79,"2026-05-04 10:59:00",表水,0.5,酸鹼值,pH,8.4," ",
2095,翡翠水庫六,翡翠水庫,新北市,石碇區,121.6222770,24.9374720,312845.20,2758995.79,"2026-05-04 10:59:00",表水,0.5,透明度,SD,5,m,
2095,翡翠水庫六,翡翠水庫,新北市,石碇區,121.6222770,24.9374720,312845.20,2758995.79,"2026-05-04 10:59:00",表水,0.5,水溫,WT,24.2,℃,
2095,翡翠水庫六,翡翠水庫,新北市,石碇區,121.6222770,24.9374720,312845.20,2758995.79,"2026-05-04 10:59:00",表水,0.5,卡爾森指數,CTSI,35,,
2094,翡翠水庫五,翡翠水庫,新北市,石碇區,121.6335210,24.9267850,313986.30,2757817.29,"2026-05-04 10:47:00",表水,0.5,葉綠素a,Chl_a,2.9,μg/L,
2094,翡翠水庫五,翡翠水庫,新北市,石碇區,121.6335210,24.9267850,313986.30,2757817.29,"2026-05-04 10:47:00",表水,0.5,總磷,TP,0.013,mg/L,
2094,翡翠水庫五,翡翠水庫,新北市,石碇區,121.6335210,24.9267850,313986.30,2757817.29,"2026-05-04 10:47:00",表水,0.5,正磷酸鹽,PO4,-,mg/L,
2094,翡翠水庫五,翡翠水庫,新北市,石碇區,121.6335210,24.9267850,313986.30,2757817.29,"2026-05-04 10:47:00",表水,0.5,溶氧飽和度,DOS,-,%,
2094,翡翠水庫五,翡翠水庫,新北市,石碇區,121.6335210,24.9267850,313986.30,2757817.29,"2026-05-04 10:47:00",表水,0.5,溶氧(滴定法),DO2,-,mg/L,
2094,翡翠水庫五,翡翠水庫,新北市,石碇區,121.6335210,24.9267850,313986.30,2757817.29,"2026-05-04 10:47:00",表水,0.5,總鹼度,TAlk,-,mg/L,
2094,翡翠水庫五,翡翠水庫,新北市,石碇區,121.6335210,24.9267850,313986.30,2757817.29,"2026-05-04 10:47:00",表水,0.5,總硬度,TH,-,mg/L,
2094,翡翠水庫五,翡翠水庫,新北市,石碇區,121.6335210,24.9267850,313986.30,2757817.29,"2026-05-04 10:47:00",表水,0.5,總氮,TN,-,mg/L,
2094,翡翠水庫五,翡翠水庫,新北市,石碇區,121.6335210,24.9267850,313986.30,2757817.29,"2026-05-04 10:47:00",表水,0.5,亞硝酸鹽氮,NO2_N,-,mg/L,
2094,翡翠水庫五,翡翠水庫,新北市,石碇區,121.6335210,24.9267850,313986.30,2757817.29,"2026-05-04 10:47:00",表水,0.5,硝酸鹽氮,NO3_N,-,mg/L,
2094,翡翠水庫五,翡翠水庫,新北市,石碇區,121.6335210,24.9267850,313986.30,2757817.29,"2026-05-04 10:47:00",表水,0.5,總凱氏氮,TKN,-,mg/L,
2094,翡翠水庫五,翡翠水庫,新北市,石碇區,121.6335210,24.9267850,313986.30,2757817.29,"2026-05-04 10:47:00",表水,0.5,有機氮,Norg,-,mg/L,
2094,翡翠水庫五,翡翠水庫,新北市,石碇區,121.6335210,24.9267850,313986.30,2757817.29,"2026-05-04 10:47:00",表水,0.5,氨氮,NH3_N,<0.01,mg/L,
2094,翡翠水庫五,翡翠水庫,新北市,石碇區,121.6335210,24.9267850,313986.30,2757817.29,"2026-05-04 10:47:00",表水,0.5,總有機碳,TOC,-,mg/L,
2094,翡翠水庫五,翡翠水庫,新北市,石碇區,121.6335210,24.9267850,313986.30,2757817.29,"2026-05-04 10:47:00",表水,0.5,化學需氧量,COD,3.38,mg/L,
2094,翡翠水庫五,翡翠水庫,新北市,石碇區,121.6335210,24.9267850,313986.30,2757817.29,"2026-05-04 10:47:00",表水,0.5,溶氧(電極法),DO,8.7,mg/L,
2094,翡翠水庫五,翡翠水庫,新北市,石碇區,121.6335210,24.9267850,313986.30,2757817.29,"2026-05-04 10:47:00",表水,0.5,懸浮固體,SS,-,mg/L,
2094,翡翠水庫五,翡翠水庫,新北市,石碇區,121.6335210,24.9267850,313986.30,2757817.29,"2026-05-04 10:47:00",表水,0.5,氣溫,TMP,27.0,℃,
2094,翡翠水庫五,翡翠水庫,新北市,石碇區,121.6335210,24.9267850,313986.30,2757817.29,"2026-05-04 10:47:00",表水,0.5,採樣深度,SampleDepth,0.5,m,
2094,翡翠水庫五,翡翠水庫,新北市,石碇區,121.6335210,24.9267850,313986.30,2757817.29,"2026-05-04 10:47:00",表水,0.5,導電度,EC,73,μmho/cm25℃,
2094,翡翠水庫五,翡翠水庫,新北市,石碇區,121.6335210,24.9267850,313986.30,2757817.29,"2026-05-04 10:47:00",表水,0.5,濁度,TB,1.2,NTU,
2094,翡翠水庫五,翡翠水庫,新北市,石碇區,121.6335210,24.9267850,313986.30,2757817.29,"2026-05-04 10:47:00",表水,0.5,酸鹼值,pH,8.4," ",
2094,翡翠水庫五,翡翠水庫,新北市,石碇區,121.6335210,24.9267850,313986.30,2757817.29,"2026-05-04 10:47:00",表水,0.5,透明度,SD,5,m,
2094,翡翠水庫五,翡翠水庫,新北市,石碇區,121.6335210,24.9267850,313986.30,2757817.29,"2026-05-04 10:47:00",表水,0.5,水溫,WT,24.6,℃,
2094,翡翠水庫五,翡翠水庫,新北市,石碇區,121.6335210,24.9267850,313986.30,2757817.29,"2026-05-04 10:47:00",表水,0.5,卡爾森指數,CTSI,40,,
2093,翡翠水庫四,翡翠水庫,新北市,石碇區,121.6230260,24.9244550,312927.45,2757554.31,"2026-05-04 11:08:00",表水,0.5,葉綠素a,Chl_a,2.1,μg/L,
2093,翡翠水庫四,翡翠水庫,新北市,石碇區,121.6230260,24.9244550,312927.45,2757554.31,"2026-05-04 11:08:00",表水,0.5,總磷,TP,0.009,mg/L,
2093,翡翠水庫四,翡翠水庫,新北市,石碇區,121.6230260,24.9244550,312927.45,2757554.31,"2026-05-04 11:08:00",表水,0.5,正磷酸鹽,PO4,-,mg/L,
2093,翡翠水庫四,翡翠水庫,新北市,石碇區,121.6230260,24.9244550,312927.45,2757554.31,"2026-05-04 11:08:00",表水,0.5,溶氧飽和度,DOS,-,%,
2093,翡翠水庫四,翡翠水庫,新北市,石碇區,121.6230260,24.9244550,312927.45,2757554.31,"2026-05-04 11:08:00",表水,0.5,溶氧(滴定法),DO2,-,mg/L,
2093,翡翠水庫四,翡翠水庫,新北市,石碇區,121.6230260,24.9244550,312927.45,2757554.31,"2026-05-04 11:08:00",表水,0.5,總鹼度,TAlk,-,mg/L,
2093,翡翠水庫四,翡翠水庫,新北市,石碇區,121.6230260,24.9244550,312927.45,2757554.31,"2026-05-04 11:08:00",表水,0.5,總硬度,TH,-,mg/L,
2093,翡翠水庫四,翡翠水庫,新北市,石碇區,121.6230260,24.9244550,312927.45,2757554.31,"2026-05-04 11:08:00",表水,0.5,總氮,TN,-,mg/L,
2093,翡翠水庫四,翡翠水庫,新北市,石碇區,121.6230260,24.9244550,312927.45,2757554.31,"2026-05-04 11:08:00",表水,0.5,亞硝酸鹽氮,NO2_N,-,mg/L,
2093,翡翠水庫四,翡翠水庫,新北市,石碇區,121.6230260,24.9244550,312927.45,2757554.31,"2026-05-04 11:08:00",表水,0.5,硝酸鹽氮,NO3_N,-,mg/L,
2093,翡翠水庫四,翡翠水庫,新北市,石碇區,121.6230260,24.9244550,312927.45,2757554.31,"2026-05-04 11:08:00",表水,0.5,總凱氏氮,TKN,-,mg/L,
2093,翡翠水庫四,翡翠水庫,新北市,石碇區,121.6230260,24.9244550,312927.45,2757554.31,"2026-05-04 11:08:00",表水,0.5,有機氮,Norg,-,mg/L,
2093,翡翠水庫四,翡翠水庫,新北市,石碇區,121.6230260,24.9244550,312927.45,2757554.31,"2026-05-04 11:08:00",表水,0.5,氨氮,NH3_N,<0.01,mg/L,
2093,翡翠水庫四,翡翠水庫,新北市,石碇區,121.6230260,24.9244550,312927.45,2757554.31,"2026-05-04 11:08:00",表水,0.5,總有機碳,TOC,-,mg/L,
2093,翡翠水庫四,翡翠水庫,新北市,石碇區,121.6230260,24.9244550,312927.45,2757554.31,"2026-05-04 11:08:00",表水,0.5,化學需氧量,COD,<3.2,mg/L,
2093,翡翠水庫四,翡翠水庫,新北市,石碇區,121.6230260,24.9244550,312927.45,2757554.31,"2026-05-04 11:08:00",表水,0.5,溶氧(電極法),DO,8.8,mg/L,
2093,翡翠水庫四,翡翠水庫,新北市,石碇區,121.6230260,24.9244550,312927.45,2757554.31,"2026-05-04 11:08:00",表水,0.5,懸浮固體,SS,-,mg/L,
2093,翡翠水庫四,翡翠水庫,新北市,石碇區,121.6230260,24.9244550,312927.45,2757554.31,"2026-05-04 11:08:00",表水,0.5,氣溫,TMP,26.8,℃,
2093,翡翠水庫四,翡翠水庫,新北市,石碇區,121.6230260,24.9244550,312927.45,2757554.31,"2026-05-04 11:08:00",表水,0.5,採樣深度,SampleDepth,0.5,m,
2093,翡翠水庫四,翡翠水庫,新北市,石碇區,121.6230260,24.9244550,312927.45,2757554.31,"2026-05-04 11:08:00",表水,0.5,導電度,EC,69,μmho/cm25℃,
2093,翡翠水庫四,翡翠水庫,新北市,石碇區,121.6230260,24.9244550,312927.45,2757554.31,"2026-05-04 11:08:00",表水,0.5,濁度,TB,0.9,NTU,
2093,翡翠水庫四,翡翠水庫,新北市,石碇區,121.6230260,24.9244550,312927.45,2757554.31,"2026-05-04 11:08:00",表水,0.5,酸鹼值,pH,8.3," ",
2093,翡翠水庫四,翡翠水庫,新北市,石碇區,121.6230260,24.9244550,312927.45,2757554.31,"2026-05-04 11:08:00",表水,0.5,透明度,SD,5.1,m,
2093,翡翠水庫四,翡翠水庫,新北市,石碇區,121.6230260,24.9244550,312927.45,2757554.31,"2026-05-04 11:08:00",表水,0.5,水溫,WT,24.5,℃,
2093,翡翠水庫四,翡翠水庫,新北市,石碇區,121.6230260,24.9244550,312927.45,2757554.31,"2026-05-04 11:08:00",表水,0.5,卡爾森指數,CTSI,37,,
2092,翡翠水庫三,翡翠水庫,新北市,石碇區,121.6192840,24.9076210,312557.98,2755687.97,"2026-05-04 11:21:00",表水,0.5,葉綠素a,Chl_a,1.8,μg/L,
2092,翡翠水庫三,翡翠水庫,新北市,石碇區,121.6192840,24.9076210,312557.98,2755687.97,"2026-05-04 11:21:00",表水,0.5,總磷,TP,0.008,mg/L,
2092,翡翠水庫三,翡翠水庫,新北市,石碇區,121.6192840,24.9076210,312557.98,2755687.97,"2026-05-04 11:21:00",表水,0.5,正磷酸鹽,PO4,-,mg/L,
2092,翡翠水庫三,翡翠水庫,新北市,石碇區,121.6192840,24.9076210,312557.98,2755687.97,"2026-05-04 11:21:00",表水,0.5,溶氧飽和度,DOS,-,%,
2092,翡翠水庫三,翡翠水庫,新北市,石碇區,121.6192840,24.9076210,312557.98,2755687.97,"2026-05-04 11:21:00",表水,0.5,溶氧(滴定法),DO2,-,mg/L,
2092,翡翠水庫三,翡翠水庫,新北市,石碇區,121.6192840,24.9076210,312557.98,2755687.97,"2026-05-04 11:21:00",表水,0.5,總鹼度,TAlk,-,mg/L,
2092,翡翠水庫三,翡翠水庫,新北市,石碇區,121.6192840,24.9076210,312557.98,2755687.97,"2026-05-04 11:21:00",表水,0.5,總硬度,TH,-,mg/L,
2092,翡翠水庫三,翡翠水庫,新北市,石碇區,121.6192840,24.9076210,312557.98,2755687.97,"2026-05-04 11:21:00",表水,0.5,總氮,TN,-,mg/L,
2092,翡翠水庫三,翡翠水庫,新北市,石碇區,121.6192840,24.9076210,312557.98,2755687.97,"2026-05-04 11:21:00",表水,0.5,亞硝酸鹽氮,NO2_N,-,mg/L,
2092,翡翠水庫三,翡翠水庫,新北市,石碇區,121.6192840,24.9076210,312557.98,2755687.97,"2026-05-04 11:21:00",表水,0.5,硝酸鹽氮,NO3_N,-,mg/L,
2092,翡翠水庫三,翡翠水庫,新北市,石碇區,121.6192840,24.9076210,312557.98,2755687.97,"2026-05-04 11:21:00",表水,0.5,總凱氏氮,TKN,-,mg/L,
2092,翡翠水庫三,翡翠水庫,新北市,石碇區,121.6192840,24.9076210,312557.98,2755687.97,"2026-05-04 11:21:00",表水,0.5,有機氮,Norg,-,mg/L,
2092,翡翠水庫三,翡翠水庫,新北市,石碇區,121.6192840,24.9076210,312557.98,2755687.97,"2026-05-04 11:21:00",表水,0.5,氨氮,NH3_N,<0.01,mg/L,
2092,翡翠水庫三,翡翠水庫,新北市,石碇區,121.6192840,24.9076210,312557.98,2755687.97,"2026-05-04 11:21:00",表水,0.5,總有機碳,TOC,-,mg/L,
2092,翡翠水庫三,翡翠水庫,新北市,石碇區,121.6192840,24.9076210,312557.98,2755687.97,"2026-05-04 11:21:00",表水,0.5,化學需氧量,COD,<3.2,mg/L,
2092,翡翠水庫三,翡翠水庫,新北市,石碇區,121.6192840,24.9076210,312557.98,2755687.97,"2026-05-04 11:21:00",表水,0.5,溶氧(電極法),DO,8.9,mg/L,
2092,翡翠水庫三,翡翠水庫,新北市,石碇區,121.6192840,24.9076210,312557.98,2755687.97,"2026-05-04 11:21:00",表水,0.5,懸浮固體,SS,-,mg/L,
2092,翡翠水庫三,翡翠水庫,新北市,石碇區,121.6192840,24.9076210,312557.98,2755687.97,"2026-05-04 11:21:00",表水,0.5,氣溫,TMP,26.8,℃,
2092,翡翠水庫三,翡翠水庫,新北市,石碇區,121.6192840,24.9076210,312557.98,2755687.97,"2026-05-04 11:21:00",表水,0.5,採樣深度,SampleDepth,0.5,m,
2092,翡翠水庫三,翡翠水庫,新北市,石碇區,121.6192840,24.9076210,312557.98,2755687.97,"2026-05-04 11:21:00",表水,0.5,導電度,EC,51,μmho/cm25℃,
2092,翡翠水庫三,翡翠水庫,新北市,石碇區,121.6192840,24.9076210,312557.98,2755687.97,"2026-05-04 11:21:00",表水,0.5,濁度,TB,0.95,NTU,
2092,翡翠水庫三,翡翠水庫,新北市,石碇區,121.6192840,24.9076210,312557.98,2755687.97,"2026-05-04 11:21:00",表水,0.5,酸鹼值,pH,8.4," ",
2092,翡翠水庫三,翡翠水庫,新北市,石碇區,121.6192840,24.9076210,312557.98,2755687.97,"2026-05-04 11:21:00",表水,0.5,透明度,SD,5.1,m,
2092,翡翠水庫三,翡翠水庫,新北市,石碇區,121.6192840,24.9076210,312557.98,2755687.97,"2026-05-04 11:21:00",表水,0.5,水溫,WT,24.8,℃,
2092,翡翠水庫三,翡翠水庫,新北市,石碇區,121.6192840,24.9076210,312557.98,2755687.97,"2026-05-04 11:21:00",表水,0.5,卡爾森指數,CTSI,36,,
2091,翡翠水庫二,翡翠水庫,新北市,石碇區,121.5972510,24.9038220,310334.08,2755257.22,"2026-05-04 11:37:00",表水,0.5,葉綠素a,Chl_a,1.8,μg/L,
2091,翡翠水庫二,翡翠水庫,新北市,石碇區,121.5972510,24.9038220,310334.08,2755257.22,"2026-05-04 11:37:00",表水,0.5,總磷,TP,0.006,mg/L,
2091,翡翠水庫二,翡翠水庫,新北市,石碇區,121.5972510,24.9038220,310334.08,2755257.22,"2026-05-04 11:37:00",表水,0.5,正磷酸鹽,PO4,-,mg/L,
2091,翡翠水庫二,翡翠水庫,新北市,石碇區,121.5972510,24.9038220,310334.08,2755257.22,"2026-05-04 11:37:00",表水,0.5,溶氧飽和度,DOS,-,%,
2091,翡翠水庫二,翡翠水庫,新北市,石碇區,121.5972510,24.9038220,310334.08,2755257.22,"2026-05-04 11:37:00",表水,0.5,溶氧(滴定法),DO2,-,mg/L,
2091,翡翠水庫二,翡翠水庫,新北市,石碇區,121.5972510,24.9038220,310334.08,2755257.22,"2026-05-04 11:37:00",表水,0.5,總鹼度,TAlk,-,mg/L,
2091,翡翠水庫二,翡翠水庫,新北市,石碇區,121.5972510,24.9038220,310334.08,2755257.22,"2026-05-04 11:37:00",表水,0.5,總硬度,TH,-,mg/L,
2091,翡翠水庫二,翡翠水庫,新北市,石碇區,121.5972510,24.9038220,310334.08,2755257.22,"2026-05-04 11:37:00",表水,0.5,總氮,TN,-,mg/L,
2091,翡翠水庫二,翡翠水庫,新北市,石碇區,121.5972510,24.9038220,310334.08,2755257.22,"2026-05-04 11:37:00",表水,0.5,亞硝酸鹽氮,NO2_N,-,mg/L,
2091,翡翠水庫二,翡翠水庫,新北市,石碇區,121.5972510,24.9038220,310334.08,2755257.22,"2026-05-04 11:37:00",表水,0.5,硝酸鹽氮,NO3_N,-,mg/L,
2091,翡翠水庫二,翡翠水庫,新北市,石碇區,121.5972510,24.9038220,310334.08,2755257.22,"2026-05-04 11:37:00",表水,0.5,總凱氏氮,TKN,-,mg/L,
2091,翡翠水庫二,翡翠水庫,新北市,石碇區,121.5972510,24.9038220,310334.08,2755257.22,"2026-05-04 11:37:00",表水,0.5,有機氮,Norg,-,mg/L,
2091,翡翠水庫二,翡翠水庫,新北市,石碇區,121.5972510,24.9038220,310334.08,2755257.22,"2026-05-04 11:37:00",表水,0.5,氨氮,NH3_N,<0.01,mg/L,
2091,翡翠水庫二,翡翠水庫,新北市,石碇區,121.5972510,24.9038220,310334.08,2755257.22,"2026-05-04 11:37:00",表水,0.5,總有機碳,TOC,-,mg/L,
2091,翡翠水庫二,翡翠水庫,新北市,石碇區,121.5972510,24.9038220,310334.08,2755257.22,"2026-05-04 11:37:00",表水,0.5,化學需氧量,COD,<3.2,mg/L,
2091,翡翠水庫二,翡翠水庫,新北市,石碇區,121.5972510,24.9038220,310334.08,2755257.22,"2026-05-04 11:37:00",表水,0.5,溶氧(電極法),DO,8.8,mg/L,
2091,翡翠水庫二,翡翠水庫,新北市,石碇區,121.5972510,24.9038220,310334.08,2755257.22,"2026-05-04 11:37:00",表水,0.5,懸浮固體,SS,-,mg/L,
2091,翡翠水庫二,翡翠水庫,新北市,石碇區,121.5972510,24.9038220,310334.08,2755257.22,"2026-05-04 11:37:00",表水,0.5,氣溫,TMP,26.8,℃,
2091,翡翠水庫二,翡翠水庫,新北市,石碇區,121.5972510,24.9038220,310334.08,2755257.22,"2026-05-04 11:37:00",表水,0.5,採樣深度,SampleDepth,0.5,m,
2091,翡翠水庫二,翡翠水庫,新北市,石碇區,121.5972510,24.9038220,310334.08,2755257.22,"2026-05-04 11:37:00",表水,0.5,導電度,EC,67,μmho/cm25℃,
2091,翡翠水庫二,翡翠水庫,新北市,石碇區,121.5972510,24.9038220,310334.08,2755257.22,"2026-05-04 11:37:00",表水,0.5,濁度,TB,0.8,NTU,
2091,翡翠水庫二,翡翠水庫,新北市,石碇區,121.5972510,24.9038220,310334.08,2755257.22,"2026-05-04 11:37:00",表水,0.5,酸鹼值,pH,8.5," ",
2091,翡翠水庫二,翡翠水庫,新北市,石碇區,121.5972510,24.9038220,310334.08,2755257.22,"2026-05-04 11:37:00",表水,0.5,透明度,SD,5.5,m,
2091,翡翠水庫二,翡翠水庫,新北市,石碇區,121.5972510,24.9038220,310334.08,2755257.22,"2026-05-04 11:37:00",表水,0.5,水溫,WT,24.7,℃,
2091,翡翠水庫二,翡翠水庫,新北市,石碇區,121.5972510,24.9038220,310334.08,2755257.22,"2026-05-04 11:37:00",表水,0.5,卡爾森指數,CTSI,34,,
2090,翡翠水庫一,翡翠水庫,新北市,石碇區,121.5836770,24.9108769,308959.444019636,2756032.68398233,"2026-05-04 11:50:00",表水,0.5,葉綠素a,Chl_a,1.8,μg/L,
2090,翡翠水庫一,翡翠水庫,新北市,石碇區,121.5836770,24.9108769,308959.444019636,2756032.68398233,"2026-05-04 11:50:00",表水,0.5,總磷,TP,0.009,mg/L,
2090,翡翠水庫一,翡翠水庫,新北市,石碇區,121.5836770,24.9108769,308959.444019636,2756032.68398233,"2026-05-04 11:50:00",表水,0.5,正磷酸鹽,PO4,-,mg/L,
2090,翡翠水庫一,翡翠水庫,新北市,石碇區,121.5836770,24.9108769,308959.444019636,2756032.68398233,"2026-05-04 11:50:00",表水,0.5,溶氧飽和度,DOS,-,%,
2090,翡翠水庫一,翡翠水庫,新北市,石碇區,121.5836770,24.9108769,308959.444019636,2756032.68398233,"2026-05-04 11:50:00",表水,0.5,溶氧(滴定法),DO2,-,mg/L,
2090,翡翠水庫一,翡翠水庫,新北市,石碇區,121.5836770,24.9108769,308959.444019636,2756032.68398233,"2026-05-04 11:50:00",表水,0.5,總鹼度,TAlk,-,mg/L,
2090,翡翠水庫一,翡翠水庫,新北市,石碇區,121.5836770,24.9108769,308959.444019636,2756032.68398233,"2026-05-04 11:50:00",表水,0.5,總硬度,TH,-,mg/L,
2090,翡翠水庫一,翡翠水庫,新北市,石碇區,121.5836770,24.9108769,308959.444019636,2756032.68398233,"2026-05-04 11:50:00",表水,0.5,總氮,TN,-,mg/L,
2090,翡翠水庫一,翡翠水庫,新北市,石碇區,121.5836770,24.9108769,308959.444019636,2756032.68398233,"2026-05-04 11:50:00",表水,0.5,亞硝酸鹽氮,NO2_N,-,mg/L,
2090,翡翠水庫一,翡翠水庫,新北市,石碇區,121.5836770,24.9108769,308959.444019636,2756032.68398233,"2026-05-04 11:50:00",表水,0.5,硝酸鹽氮,NO3_N,-,mg/L,
2090,翡翠水庫一,翡翠水庫,新北市,石碇區,121.5836770,24.9108769,308959.444019636,2756032.68398233,"2026-05-04 11:50:00",表水,0.5,總凱氏氮,TKN,-,mg/L,
2090,翡翠水庫一,翡翠水庫,新北市,石碇區,121.5836770,24.9108769,308959.444019636,2756032.68398233,"2026-05-04 11:50:00",表水,0.5,有機氮,Norg,-,mg/L,
2090,翡翠水庫一,翡翠水庫,新北市,石碇區,121.5836770,24.9108769,308959.444019636,2756032.68398233,"2026-05-04 11:50:00",表水,0.5,氨氮,NH3_N,<0.01,mg/L,
2090,翡翠水庫一,翡翠水庫,新北市,石碇區,121.5836770,24.9108769,308959.444019636,2756032.68398233,"2026-05-04 11:50:00",表水,0.5,總有機碳,TOC,-,mg/L,
2090,翡翠水庫一,翡翠水庫,新北市,石碇區,121.5836770,24.9108769,308959.444019636,2756032.68398233,"2026-05-04 11:50:00",表水,0.5,化學需氧量,COD,<3.2,mg/L,
2090,翡翠水庫一,翡翠水庫,新北市,石碇區,121.5836770,24.9108769,308959.444019636,2756032.68398233,"2026-05-04 11:50:00",表水,0.5,溶氧(電極法),DO,8.7,mg/L,
2090,翡翠水庫一,翡翠水庫,新北市,石碇區,121.5836770,24.9108769,308959.444019636,2756032.68398233,"2026-05-04 11:50:00",表水,0.5,懸浮固體,SS,-,mg/L,
2090,翡翠水庫一,翡翠水庫,新北市,石碇區,121.5836770,24.9108769,308959.444019636,2756032.68398233,"2026-05-04 11:50:00",表水,0.5,氣溫,TMP,26.7,℃,
2090,翡翠水庫一,翡翠水庫,新北市,石碇區,121.5836770,24.9108769,308959.444019636,2756032.68398233,"2026-05-04 11:50:00",表水,0.5,採樣深度,SampleDepth,0.5,m,
2090,翡翠水庫一,翡翠水庫,新北市,石碇區,121.5836770,24.9108769,308959.444019636,2756032.68398233,"2026-05-04 11:50:00",表水,0.5,導電度,EC,67,μmho/cm25℃,
2090,翡翠水庫一,翡翠水庫,新北市,石碇區,121.5836770,24.9108769,308959.444019636,2756032.68398233,"2026-05-04 11:50:00",表水,0.5,濁度,TB,0.8,NTU,
2090,翡翠水庫一,翡翠水庫,新北市,石碇區,121.5836770,24.9108769,308959.444019636,2756032.68398233,"2026-05-04 11:50:00",表水,0.5,酸鹼值,pH,8.4," ",
2090,翡翠水庫一,翡翠水庫,新北市,石碇區,121.5836770,24.9108769,308959.444019636,2756032.68398233,"2026-05-04 11:50:00",表水,0.5,透明度,SD,5.5,m,
2090,翡翠水庫一,翡翠水庫,新北市,石碇區,121.5836770,24.9108769,308959.444019636,2756032.68398233,"2026-05-04 11:50:00",表水,0.5,水溫,WT,24.5,℃,
2090,翡翠水庫一,翡翠水庫,新北市,石碇區,121.5836770,24.9108769,308959.444019636,2756032.68398233,"2026-05-04 11:50:00",表水,0.5,卡爾森指數,CTSI,36,,
2089,西勢水庫,西勢水庫,基隆市,暖暖區,121.7356370,25.0872470,324204.00,2775643.26,"2026-05-12 15:02:05",表水,0.5,葉綠素a,Chl_a,3.4,μg/L,
2089,西勢水庫,西勢水庫,基隆市,暖暖區,121.7356370,25.0872470,324204.00,2775643.26,"2026-05-12 15:02:05",表水,0.5,總磷,TP,0.018,mg/L,
2089,西勢水庫,西勢水庫,基隆市,暖暖區,121.7356370,25.0872470,324204.00,2775643.26,"2026-05-12 15:02:05",表水,0.5,正磷酸鹽,PO4,-,mg/L,
2089,西勢水庫,西勢水庫,基隆市,暖暖區,121.7356370,25.0872470,324204.00,2775643.26,"2026-05-12 15:02:05",表水,0.5,溶氧飽和度,DOS,132.3,%,
2089,西勢水庫,西勢水庫,基隆市,暖暖區,121.7356370,25.0872470,324204.00,2775643.26,"2026-05-12 15:02:05",表水,0.5,溶氧(滴定法),DO2,-,mg/L,
2089,西勢水庫,西勢水庫,基隆市,暖暖區,121.7356370,25.0872470,324204.00,2775643.26,"2026-05-12 15:02:05",表水,0.5,總鹼度,TAlk,-,mg/L,
2089,西勢水庫,西勢水庫,基隆市,暖暖區,121.7356370,25.0872470,324204.00,2775643.26,"2026-05-12 15:02:05",表水,0.5,總硬度,TH,-,mg/L,
2089,西勢水庫,西勢水庫,基隆市,暖暖區,121.7356370,25.0872470,324204.00,2775643.26,"2026-05-12 15:02:05",表水,0.5,總氮,TN,-,mg/L,
2089,西勢水庫,西勢水庫,基隆市,暖暖區,121.7356370,25.0872470,324204.00,2775643.26,"2026-05-12 15:02:05",表水,0.5,亞硝酸鹽氮,NO2_N,-,mg/L,
2089,西勢水庫,西勢水庫,基隆市,暖暖區,121.7356370,25.0872470,324204.00,2775643.26,"2026-05-12 15:02:05",表水,0.5,硝酸鹽氮,NO3_N,-,mg/L,
2089,西勢水庫,西勢水庫,基隆市,暖暖區,121.7356370,25.0872470,324204.00,2775643.26,"2026-05-12 15:02:05",表水,0.5,總凱氏氮,TKN,-,mg/L,
2089,西勢水庫,西勢水庫,基隆市,暖暖區,121.7356370,25.0872470,324204.00,2775643.26,"2026-05-12 15:02:05",表水,0.5,有機氮,Norg,-,mg/L,
2089,西勢水庫,西勢水庫,基隆市,暖暖區,121.7356370,25.0872470,324204.00,2775643.26,"2026-05-12 15:02:05",表水,0.5,氨氮,NH3_N,0.02,mg/L,
2089,西勢水庫,西勢水庫,基隆市,暖暖區,121.7356370,25.0872470,324204.00,2775643.26,"2026-05-12 15:02:05",表水,0.5,總有機碳,TOC,-,mg/L,
2089,西勢水庫,西勢水庫,基隆市,暖暖區,121.7356370,25.0872470,324204.00,2775643.26,"2026-05-12 15:02:05",表水,0.5,化學需氧量,COD,9.0,mg/L,
2089,西勢水庫,西勢水庫,基隆市,暖暖區,121.7356370,25.0872470,324204.00,2775643.26,"2026-05-12 15:02:05",表水,0.5,溶氧(電極法),DO,11.0,mg/L,
2089,西勢水庫,西勢水庫,基隆市,暖暖區,121.7356370,25.0872470,324204.00,2775643.26,"2026-05-12 15:02:05",表水,0.5,懸浮固體,SS,1.6,mg/L,
2089,西勢水庫,西勢水庫,基隆市,暖暖區,121.7356370,25.0872470,324204.00,2775643.26,"2026-05-12 15:02:05",表水,0.5,氣溫,TMP,27.9,℃,
2089,西勢水庫,西勢水庫,基隆市,暖暖區,121.7356370,25.0872470,324204.00,2775643.26,"2026-05-12 15:02:05",表水,0.5,採樣深度,SampleDepth,0.5,m,
2089,西勢水庫,西勢水庫,基隆市,暖暖區,121.7356370,25.0872470,324204.00,2775643.26,"2026-05-12 15:02:05",表水,0.5,導電度,EC,81,μmho/cm25℃,
2089,西勢水庫,西勢水庫,基隆市,暖暖區,121.7356370,25.0872470,324204.00,2775643.26,"2026-05-12 15:02:05",表水,0.5,濁度,TB,2.6,NTU,
2089,西勢水庫,西勢水庫,基隆市,暖暖區,121.7356370,25.0872470,324204.00,2775643.26,"2026-05-12 15:02:05",表水,0.5,酸鹼值,pH,8.18," ",
2089,西勢水庫,西勢水庫,基隆市,暖暖區,121.7356370,25.0872470,324204.00,2775643.26,"2026-05-12 15:02:05",表水,0.5,透明度,SD,1.8,m,
2089,西勢水庫,西勢水庫,基隆市,暖暖區,121.7356370,25.0872470,324204.00,2775643.26,"2026-05-12 15:02:05",表水,0.5,水溫,WT,24.2,℃,
2089,西勢水庫,西勢水庫,基隆市,暖暖區,121.7356370,25.0872470,324204.00,2775643.26,"2026-05-12 15:02:05",表水,0.5,卡爾森指數,CTSI,47,,
